,CRN,Course Code,Course Title,Teaching Method,Instructor,Building,Day,Time,Room,Capacity,Enrolled,Reservation Maj./Cap./Enrl.,Major Restriction,Prerequisites,Credit/Class Resc.
0,20073,FIZ 101,Fizik I,Physical (Face to face),Özgür Akarsu,MED,Tuesday,08:30/11:29,A35,125,122,-,"BIO_LS, BLG_LS, CEV_LS, CHZ_LS, DEN_LS, DUI_LS, EHB_LS, ELE_LS, ELH_LS, ELK_LS, END_LS, EUT_LS, FIZ_YD, GEM_LS, GEO_LS, GID_LS, GMI_LS, HTA_LS, IBM_LS, IML_LS, INS_LS, ISL_LS, JEF_LS, JEO_LS, KIM_LS, KMM_LS, KMM_YD, KOM_LS, MAD_LS, MAK_LS, MAT_LS, MET_LS, MTO_LS, PET_LS, ROS_LS, TEK_LS, TEL_LS, UCK_LS, UCK_YD, UZB_LS, UZB_YD",-,-
1,20074,FIZ 101,Fizik I,Physical (Face to face),Tansu Ersoy,MED,Thursday,14:30/17:29,A34,125,122,-,"BIO_LS, BLG_LS, CEV_LS, CHZ_LS, DEN_LS, DUI_LS, EHB_LS, ELE_LS, ELH_LS, ELK_LS, END_LS, EUT_LS, FIZ_YD, GEM_LS, GEO_LS, GID_LS, GMI_LS, HTA_LS, IBM_LS, IML_LS, INS_LS, ISL_LS, JEF_LS, JEO_LS, KIM_LS, KMM_LS, KMM_YD, KOM_LS, MAD_LS, MAK_LS, MAT_LS, MET_LS, MTO_LS, PET_LS, ROS_LS, TEK_LS, TEL_LS, UCK_LS, UCK_YD, UZB_LS, UZB_YD",-,-
2,20075,FIZ 101E,Physics I,Physical (Face to face),İbrahim Türhan,MED,Monday,14:30/17:29,A33,100,87,-,"BIO_LS, BIOE_LS, BLG_LS, BLGE_LS, CEN_LS, CEV_LS, CEVE_LS, CHZ_LS, CHZE_LS, DEN_LS, DENE_LS, DUI_LS, DUIE_LS, EEE_LS, EHB_LS, EHBE_LS, ELE_LS, ELH_LS, ELK_LS, ELKE_LS, END_LS, ENDE_LS, ENTE_LS, EUT_LS, EUTE_LS, FIZ_YD, GEM_LS, GEME_LS, GEO_LS, GEOE_LS, GID_LS, GIDE_LS, GMI_LS, GMIE_LS, HTA_LS, HTAE_LS, IBM_LS, IML_LS, IMLE_LS, IND_LS, INS_LS, INSE_LS, ISL_LS, ISLE_LS, JEF_LS, JEFE_LS, JEO_LS, JEOE_LS, KIM_LS, KIME_LS, KMM_LS, KMM_YD, KMME_LS, KOM_LS, KOME_LS, MAD_LS, MADE_LS, MAK_LS, MAK_YD, MAKE_LS, MAT_LS, MATE_LS, MEN_LS, MET_LS, METE_LS, MTM_LS, MTO_LS, MTOE_LS, NAE_LS, PET_LS, PETE_LS, ROS_LS, ROSE_LS, SECE_LS, TEK_LS, TEKE_LS, TEL_LS, UCK_LS, UCK_YD, UZB_LS, UZB_YD, UZBE_LS, YZVE_LS",-,-
3,20077,FIZ 101E,Physics I,Physical (Face to face),Hakan Karaağaç,MED,Tuesday,08:30/11:29,A36,125,125,-,"BIO_LS, BIOE_LS, BLG_LS, BLGE_LS, CEN_LS, CEV_LS, CEVE_LS, CHZ_LS, CHZE_LS, DEN_LS, DENE_LS, DUI_LS, DUIE_LS, EEE_LS, EHB_LS, EHBE_LS, ELE_LS, ELH_LS, ELK_LS, ELKE_LS, END_LS, ENDE_LS, ENTE_LS, EUT_LS, EUTE_LS, FIZ_YD, GEM_LS, GEME_LS, GEO_LS, GEOE_LS, GID_LS, GIDE_LS, GMI_LS, GMIE_LS, HTA_LS, HTAE_LS, IBM_LS, IML_LS, IMLE_LS, IND_LS, INS_LS, INSE_LS, ISL_LS, ISLE_LS, JEF_LS, JEFE_LS, JEO_LS, JEOE_LS, KIM_LS, KIME_LS, KMM_LS, KMM_YD, KMME_LS, KOM_LS, KOME_LS, MAD_LS, MADE_LS, MAK_LS, MAK_YD, MAKE_LS, MAT_LS, MATE_LS, MEN_LS, MET_LS, METE_LS, MTM_LS, MTO_LS, MTOE_LS, NAE_LS, PET_LS, PETE_LS, ROS_LS, ROSE_LS, SECE_LS, TEK_LS, TEKE_LS, TEL_LS, UCK_LS, UCK_YD, UZB_LS, UZB_YD, UZBE_LS, YZVE_LS",-,-
4,20078,FIZ 101E,Physics I,Physical (Face to face),İbrahim Türhan,MED,Tuesday,08:30/11:29,A11,135,127,-,"BIO_LS, BIOE_LS, BLG_LS, BLGE_LS, CEN_LS, CEV_LS, CEVE_LS, CHZ_LS, CHZE_LS, DEN_LS, DENE_LS, DUI_LS, DUIE_LS, EEE_LS, EHB_LS, EHBE_LS, ELE_LS, ELH_LS, ELK_LS, ELKE_LS, END_LS, ENDE_LS, ENTE_LS, EUT_LS, EUTE_LS, FIZ_YD, GEM_LS, GEME_LS, GEO_LS, GEOE_LS, GID_LS, GIDE_LS, GMI_LS, GMIE_LS, HTA_LS, HTAE_LS, IBM_LS, IML_LS, IMLE_LS, IND_LS, INS_LS, INSE_LS, ISL_LS, ISLE_LS, JEF_LS, JEFE_LS, JEO_LS, JEOE_LS, KIM_LS, KIME_LS, KMM_LS, KMM_YD, KMME_LS, KOM_LS, KOME_LS, MAD_LS, MADE_LS, MAK_LS, MAK_YD, MAKE_LS, MAT_LS, MATE_LS, MEN_LS, MET_LS, METE_LS, MTM_LS, MTO_LS, MTOE_LS, NAE_LS, PET_LS, PETE_LS, ROS_LS, ROSE_LS, SECE_LS, TEK_LS, TEKE_LS, TEL_LS, UCK_LS, UCK_YD, UZB_LS, UZB_YD, UZBE_LS, YZVE_LS",-,-
5,20080,FIZ 101E,Physics I,Physical (Face to face),Türkan Doğan,MED,Wednesday,08:30/11:29,A13,90,83,-,"BIO_LS, BIOE_LS, BLG_LS, BLGE_LS, CEN_LS, CEV_LS, CEVE_LS, CHZ_LS, CHZE_LS, DEN_LS, DENE_LS, DUI_LS, DUIE_LS, EEE_LS, EHB_LS, EHBE_LS, ELE_LS, ELH_LS, ELK_LS, ELKE_LS, END_LS, ENDE_LS, ENTE_LS, EUT_LS, EUTE_LS, FIZ_YD, GEM_LS, GEME_LS, GEO_LS, GEOE_LS, GID_LS, GIDE_LS, GMI_LS, GMIE_LS, HTA_LS, HTAE_LS, IBM_LS, IML_LS, IMLE_LS, IND_LS, INS_LS, INSE_LS, ISL_LS, ISLE_LS, JEF_LS, JEFE_LS, JEO_LS, JEOE_LS, KIM_LS, KIME_LS, KMM_LS, KMM_YD, KMME_LS, KOM_LS, KOME_LS, MAD_LS, MADE_LS, MAK_LS, MAK_YD, MAKE_LS, MAT_LS, MATE_LS, MEN_LS, MET_LS, METE_LS, MTM_LS, MTO_LS, MTOE_LS, NAE_LS, PET_LS, PETE_LS, ROS_LS, ROSE_LS, SECE_LS, TEK_LS, TEKE_LS, TEL_LS, UCK_LS, UCK_YD, UZB_LS, UZB_YD, UZBE_LS, YZVE_LS",-,-
6,20081,FIZ 101E,Physics I,Physical (Face to face),Özgür Akarsu,MED,Wednesday,08:30/11:29,A14,90,89,-,"BIO_LS, BIOE_LS, BLG_LS, BLGE_LS, CEN_LS, CEV_LS, CEVE_LS, CHZ_LS, CHZE_LS, DEN_LS, DENE_LS, DUI_LS, DUIE_LS, EEE_LS, EHB_LS, EHBE_LS, ELE_LS, ELH_LS, ELK_LS, ELKE_LS, END_LS, ENDE_LS, ENTE_LS, EUT_LS, EUTE_LS, FIZ_YD, GEM_LS, GEME_LS, GEO_LS, GEOE_LS, GID_LS, GIDE_LS, GMI_LS, GMIE_LS, HTA_LS, HTAE_LS, IBM_LS, IML_LS, IMLE_LS, IND_LS, INS_LS, INSE_LS, ISL_LS, ISLE_LS, JEF_LS, JEFE_LS, JEO_LS, JEOE_LS, KIM_LS, KIME_LS, KMM_LS, KMM_YD, KMME_LS, KOM_LS, KOME_LS, MAD_LS, MADE_LS, MAK_LS, MAK_YD, MAKE_LS, MAT_LS, MATE_LS, MEN_LS, MET_LS, METE_LS, MTM_LS, MTO_LS, MTOE_LS, NAE_LS, PET_LS, PETE_LS, ROS_LS, ROSE_LS, SECE_LS, TEK_LS, TEKE_LS, TEL_LS, UCK_LS, UCK_YD, UZB_LS, UZB_YD, UZBE_LS, YZVE_LS",-,-
7,20082,FIZ 101E,Physics I,Physical (Face to face),Türkan Doğan,MED,Thursday,14:30/17:29,A36,130,129,-,"BIO_LS, BIOE_LS, BLG_LS, BLGE_LS, CEN_LS, CEV_LS, CEVE_LS, CHZ_LS, CHZE_LS, DEN_LS, DENE_LS, DUI_LS, DUIE_LS, EEE_LS, EHB_LS, EHBE_LS, ELE_LS, ELH_LS, ELK_LS, ELKE_LS, END_LS, ENDE_LS, ENTE_LS, EUT_LS, EUTE_LS, FIZ_YD, GEM_LS, GEME_LS, GEO_LS, GEOE_LS, GID_LS, GIDE_LS, GMI_LS, GMIE_LS, HTA_LS, HTAE_LS, IBM_LS, IML_LS, IMLE_LS, IND_LS, INS_LS, INSE_LS, ISL_LS, ISLE_LS, JEF_LS, JEFE_LS, JEO_LS, JEOE_LS, KIM_LS, KIME_LS, KMM_LS, KMM_YD, KMME_LS, KOM_LS, KOME_LS, MAD_LS, MADE_LS, MAK_LS, MAK_YD, MAKE_LS, MAT_LS, MATE_LS, MEN_LS, MET_LS, METE_LS, MTM_LS, MTO_LS, MTOE_LS, NAE_LS, PET_LS, PETE_LS, ROS_LS, ROSE_LS, SECE_LS, TEK_LS, TEKE_LS, TEL_LS, UCK_LS, UCK_YD, UZB_LS, UZB_YD, UZBE_LS, YZVE_LS",-,-
8,20854,FIZ 101E,Physics I,Physical (Face to face),Esra Alveroğlu Durucu,MED,Thursday,14:30/17:29,A15,130,127,-,"BIO_LS, BIOE_LS, BLG_LS, BLGE_LS, CEN_LS, CEV_LS, CEVE_LS, CHZ_LS, CHZE_LS, DEN_LS, DENE_LS, DUI_LS, DUIE_LS, EEE_LS, EHB_LS, EHBE_LS, ELE_LS, ELH_LS, ELK_LS, ELKE_LS, END_LS, ENDE_LS, ENTE_LS, EUT_LS, EUTE_LS, FIZ_YD, GEM_LS, GEME_LS, GEO_LS, GEOE_LS, GID_LS, GIDE_LS, GMI_LS, GMIE_LS, HTA_LS, HTAE_LS, IBM_LS, IML_LS, IMLE_LS, IND_LS, INS_LS, INSE_LS, ISL_LS, ISLE_LS, JEF_LS, JEFE_LS, JEO_LS, JEOE_LS, KIM_LS, KIME_LS, KMM_LS, KMM_YD, KMME_LS, KOM_LS, KOME_LS, MAD_LS, MADE_LS, MAK_LS, MAK_YD, MAKE_LS, MAT_LS, MATE_LS, MEN_LS, MET_LS, METE_LS, MTM_LS, MTO_LS, MTOE_LS, NAE_LS, PET_LS, PETE_LS, ROS_LS, ROSE_LS, SECE_LS, TEK_LS, TEKE_LS, TEL_LS, UCK_LS, UCK_YD, UZB_LS, UZB_YD, UZBE_LS, YZVE_LS",-,-
9,20855,FIZ 101E,Physics I,Physical (Face to face),Esra Alveroğlu Durucu,MED,Friday,08:30/11:29,A15,125,124,-,"BIO_LS, BIOE_LS, BLG_LS, BLGE_LS, CEN_LS, CEV_LS, CEVE_LS, CHZ_LS, CHZE_LS, DEN_LS, DENE_LS, DUI_LS, DUIE_LS, EEE_LS, EHB_LS, EHBE_LS, ELE_LS, ELH_LS, ELK_LS, ELKE_LS, END_LS, ENDE_LS, ENTE_LS, EUT_LS, EUTE_LS, FIZ_YD, GEM_LS, GEME_LS, GEO_LS, GEOE_LS, GID_LS, GIDE_LS, GMI_LS, GMIE_LS, HTA_LS, HTAE_LS, IBM_LS, IML_LS, IMLE_LS, IND_LS, INS_LS, INSE_LS, ISL_LS, ISLE_LS, JEF_LS, JEFE_LS, JEO_LS, JEOE_LS, KIM_LS, KIME_LS, KMM_LS, KMM_YD, KMME_LS, KOM_LS, KOME_LS, MAD_LS, MADE_LS, MAK_LS, MAK_YD, MAKE_LS, MAT_LS, MATE_LS, MEN_LS, MET_LS, METE_LS, MTM_LS, MTO_LS, MTOE_LS, NAE_LS, PET_LS, PETE_LS, ROS_LS, ROSE_LS, SECE_LS, TEK_LS, TEKE_LS, TEL_LS, UCK_LS, UCK_YD, UZB_LS, UZB_YD, UZBE_LS, YZVE_LS",-,-
10,25342,FIZ 101E,Physics I,Physical (Face to face),Hakan Karaağaç,MED,Monday,14:30/17:29,A15,100,95,-,"BIO_LS, BIOE_LS, BLG_LS, BLGE_LS, CEN_LS, CEV_LS, CEVE_LS, CHZ_LS, CHZE_LS, DEN_LS, DENE_LS, DUI_LS, DUIE_LS, EEE_LS, EHB_LS, EHBE_LS, ELE_LS, ELH_LS, ELK_LS, ELKE_LS, END_LS, ENDE_LS, ENTE_LS, EUT_LS, EUTE_LS, FIZ_YD, GEM_LS, GEME_LS, GEO_LS, GEOE_LS, GID_LS, GIDE_LS, GMI_LS, GMIE_LS, HTA_LS, HTAE_LS, IBM_LS, IML_LS, IMLE_LS, IND_LS, INS_LS, INSE_LS, ISL_LS, ISLE_LS, JEF_LS, JEFE_LS, JEO_LS, JEOE_LS, KIM_LS, KIME_LS, KMM_LS, KMM_YD, KMME_LS, KOM_LS, KOME_LS, MAD_LS, MADE_LS, MAK_LS, MAK_YD, MAKE_LS, MAT_LS, MATE_LS, MEN_LS, MET_LS, METE_LS, MTM_LS, MTO_LS, MTOE_LS, NAE_LS, PET_LS, PETE_LS, ROS_LS, ROSE_LS, SECE_LS, TEK_LS, TEKE_LS, TEL_LS, UCK_LS, UCK_YD, UZB_LS, UZB_YD, UZBE_LS, YZVE_LS",-,-
11,25343,FIZ 101E,Physics I,Physical (Face to face),İbrahim Türhan,MED,Wednesday,08:30/11:29,A34,83,50,-,"BIO_LS, BIOE_LS, BLG_LS, BLGE_LS, CEN_LS, CEV_LS, CEVE_LS, CHZ_LS, CHZE_LS, DEN_LS, DENE_LS, DUI_LS, DUIE_LS, EEE_LS, EHB_LS, EHBE_LS, ELE_LS, ELH_LS, ELK_LS, ELKE_LS, END_LS, ENDE_LS, ENTE_LS, EUT_LS, EUTE_LS, FIZ_YD, GEM_LS, GEME_LS, GEO_LS, GEOE_LS, GID_LS, GIDE_LS, GMI_LS, GMIE_LS, HTA_LS, HTAE_LS, IBM_LS, IML_LS, IMLE_LS, IND_LS, INS_LS, INSE_LS, ISL_LS, ISLE_LS, JEF_LS, JEFE_LS, JEO_LS, JEOE_LS, KIM_LS, KIME_LS, KMM_LS, KMM_YD, KMME_LS, KOM_LS, KOME_LS, MAD_LS, MADE_LS, MAK_LS, MAK_YD, MAKE_LS, MAT_LS, MATE_LS, MEN_LS, MET_LS, METE_LS, MTM_LS, MTO_LS, MTOE_LS, NAE_LS, PET_LS, PETE_LS, ROS_LS, ROSE_LS, SECE_LS, TEK_LS, TEKE_LS, TEL_LS, UCK_LS, UCK_YD, UZB_LS, UZB_YD, UZBE_LS, YZVE_LS",-,-
12,25625,FIZ 101L,Fizik I Lab,Ek Sınav,Kazım Yavuz Ekşi,-,-,-/-,-,0,1,-,-,-,-
13,20083,FIZ 102,Fizik II (Elektrik Fiziği),Physical (Face to face),Meltem Güngörmez,YDY,Wednesday,08:30/11:29,175,125,126,-,"BIO_LS, BLG_LS, CEV_LS, CHZ_LS, DEN_LS, EHB_LS, ELE_LS, ELH_LS, ELK_LS, END_LS, EUT_LS, FIZ_YD, GEM_LS, GEO_LS, GID_LS, HTA_LS, IBM_LS, IML_LS, INS_LS, ISL_LS, JEF_LS, JEO_LS, KIM_LS, KMM_LS, KMM_YD, KOM_LS, MAD_LS, MAK_LS, MAT_LS, MET_LS, MTO_LS, PET_LS, ROS_LS, TEK_LS, TEL_LS, UCK_LS, UCK_YD, UZB_LS, UZB_YD",-,-
14,20084,FIZ 102,Fizik II (Elektrik Fiziği),Physical (Face to face),Ahmet Altındal,MED,Thursday,14:30/17:29,A35,125,124,-,"BIO_LS, BLG_LS, CEV_LS, CHZ_LS, DEN_LS, EHB_LS, ELE_LS, ELH_LS, ELK_LS, END_LS, EUT_LS, FIZ_YD, GEM_LS, GEO_LS, GID_LS, HTA_LS, IBM_LS, IML_LS, INS_LS, ISL_LS, JEF_LS, JEO_LS, KIM_LS, KMM_LS, KMM_YD, KOM_LS, MAD_LS, MAK_LS, MAT_LS, MET_LS, MTO_LS, PET_LS, ROS_LS, TEK_LS, TEL_LS, UCK_LS, UCK_YD, UZB_LS, UZB_YD",-,-
15,20085,FIZ 102,Fizik II (Elektrik Fiziği),Physical (Face to face),Ahmet Altındal,MED,Friday,08:30/11:29,A32,125,122,-,"BIO_LS, BLG_LS, CEV_LS, CHZ_LS, DEN_LS, EHB_LS, ELE_LS, ELH_LS, ELK_LS, END_LS, EUT_LS, FIZ_YD, GEM_LS, GEO_LS, GID_LS, HTA_LS, IBM_LS, IML_LS, INS_LS, ISL_LS, JEF_LS, JEO_LS, KIM_LS, KMM_LS, KMM_YD, KOM_LS, MAD_LS, MAK_LS, MAT_LS, MET_LS, MTO_LS, PET_LS, ROS_LS, TEK_LS, TEL_LS, UCK_LS, UCK_YD, UZB_LS, UZB_YD",-,-
16,20088,FIZ 102E,Physics II,Physical (Face to face),Sevda Şahinbay,MED,Monday,14:30/17:29,A11,130,129,-,"BIO_LS, BIOE_LS, BLG_LS, BLGE_LS, CEV_LS, CEVE_LS, CHZ_LS, CHZE_LS, DEN_LS, DENE_LS, EHB_LS, EHBE_LS, ELE_LS, ELH_LS, ELK_LS, ELKE_LS, END_LS, ENDE_LS, ENTE_LS, EUT_LS, EUTE_LS, FIZ_YD, GEM_LS, GEME_LS, GEO_LS, GEOE_LS, GID_LS, GIDE_LS, HTA_LS, HTAE_LS, IBM_LS, IML_LS, IMLE_LS, INS_LS, INSE_LS, ISL_LS, ISLE_LS, JEF_LS, JEFE_LS, JEO_LS, JEOE_LS, KIM_LS, KIME_LS, KMM_LS, KMM_YD, KMME_LS, KOM_LS, KOME_LS, MAD_LS, MADE_LS, MAK_LS, MAK_YD, MAKE_LS, MAT_LS, MATE_LS, MET_LS, METE_LS, MTO_LS, MTOE_LS, PET_LS, PETE_LS, ROS_LS, ROSE_LS, SECE_LS, TEK_LS, TEKE_LS, TEL_LS, UCK_LS, UCK_YD, UZB_LS, UZB_YD, UZBE_LS, YZVE_LS",-,-
17,20089,FIZ 102E,Physics II,Physical (Face to face),Cenap Şahabettin Özben,MED,Monday,14:30/17:29,A31,130,134,-,"BIO_LS, BIOE_LS, BLG_LS, BLGE_LS, CEV_LS, CEVE_LS, CHZ_LS, CHZE_LS, DEN_LS, DENE_LS, EHB_LS, EHBE_LS, ELE_LS, ELH_LS, ELK_LS, ELKE_LS, END_LS, ENDE_LS, ENTE_LS, EUT_LS, EUTE_LS, FIZ_YD, GEM_LS, GEME_LS, GEO_LS, GEOE_LS, GID_LS, GIDE_LS, HTA_LS, HTAE_LS, IBM_LS, IML_LS, IMLE_LS, INS_LS, INSE_LS, ISL_LS, ISLE_LS, JEF_LS, JEFE_LS, JEO_LS, JEOE_LS, KIM_LS, KIME_LS, KMM_LS, KMM_YD, KMME_LS, KOM_LS, KOME_LS, MAD_LS, MADE_LS, MAK_LS, MAK_YD, MAKE_LS, MAT_LS, MATE_LS, MET_LS, METE_LS, MTO_LS, MTOE_LS, PET_LS, PETE_LS, ROS_LS, ROSE_LS, SECE_LS, TEK_LS, TEKE_LS, TEL_LS, UCK_LS, UCK_YD, UZB_LS, UZB_YD, UZBE_LS, YZVE_LS",-,-
18,20090,FIZ 102E,Physics II,Physical (Face to face),Yağız Morova,MED,Monday,14:30/17:29,A32,125,125,-,"BIO_LS, BIOE_LS, BLG_LS, BLGE_LS, CEV_LS, CEVE_LS, CHZ_LS, CHZE_LS, DEN_LS, DENE_LS, EHB_LS, EHBE_LS, ELE_LS, ELH_LS, ELK_LS, ELKE_LS, END_LS, ENDE_LS, ENTE_LS, EUT_LS, EUTE_LS, FIZ_YD, GEM_LS, GEME_LS, GEO_LS, GEOE_LS, GID_LS, GIDE_LS, HTA_LS, HTAE_LS, IBM_LS, IML_LS, IMLE_LS, INS_LS, INSE_LS, ISL_LS, ISLE_LS, JEF_LS, JEFE_LS, JEO_LS, JEOE_LS, KIM_LS, KIME_LS, KMM_LS, KMM_YD, KMME_LS, KOM_LS, KOME_LS, MAD_LS, MADE_LS, MAK_LS, MAK_YD, MAKE_LS, MAT_LS, MATE_LS, MET_LS, METE_LS, MTO_LS, MTOE_LS, PET_LS, PETE_LS, ROS_LS, ROSE_LS, SECE_LS, TEK_LS, TEKE_LS, TEL_LS, UCK_LS, UCK_YD, UZB_LS, UZB_YD, UZBE_LS, YZVE_LS",-,-
19,20091,FIZ 102E,Physics II,Physical (Face to face),Hakkı Tunçay Özer,MED,Monday,14:30/17:29,A16,125,121,-,"BIO_LS, BIOE_LS, BLG_LS, BLGE_LS, CEV_LS, CEVE_LS, CHZ_LS, CHZE_LS, DEN_LS, DENE_LS, EHB_LS, EHBE_LS, ELE_LS, ELH_LS, ELK_LS, ELKE_LS, END_LS, ENDE_LS, ENTE_LS, EUT_LS, EUTE_LS, FIZ_YD, GEM_LS, GEME_LS, GEO_LS, GEOE_LS, GID_LS, GIDE_LS, HTA_LS, HTAE_LS, IBM_LS, IML_LS, IMLE_LS, INS_LS, INSE_LS, ISL_LS, ISLE_LS, JEF_LS, JEFE_LS, JEO_LS, JEOE_LS, KIM_LS, KIME_LS, KMM_LS, KMM_YD, KMME_LS, KOM_LS, KOME_LS, MAD_LS, MADE_LS, MAK_LS, MAK_YD, MAKE_LS, MAT_LS, MATE_LS, MET_LS, METE_LS, MTO_LS, MTOE_LS, PET_LS, PETE_LS, ROS_LS, ROSE_LS, SECE_LS, TEK_LS, TEKE_LS, TEL_LS, UCK_LS, UCK_YD, UZB_LS, UZB_YD, UZBE_LS, YZVE_LS",-,-
20,20093,FIZ 102E,Physics II,Physical (Face to face),Gönül Eryürek,MED,Tuesday,08:30/11:29,A31,100,100,-,"BIO_LS, BIOE_LS, BLG_LS, BLGE_LS, CEV_LS, CEVE_LS, CHZ_LS, CHZE_LS, DEN_LS, DENE_LS, EHB_LS, EHBE_LS, ELE_LS, ELH_LS, ELK_LS, ELKE_LS, END_LS, ENDE_LS, ENTE_LS, EUT_LS, EUTE_LS, FIZ_YD, GEM_LS, GEME_LS, GEO_LS, GEOE_LS, GID_LS, GIDE_LS, HTA_LS, HTAE_LS, IBM_LS, IML_LS, IMLE_LS, INS_LS, INSE_LS, ISL_LS, ISLE_LS, JEF_LS, JEFE_LS, JEO_LS, JEOE_LS, KIM_LS, KIME_LS, KMM_LS, KMM_YD, KMME_LS, KOM_LS, KOME_LS, MAD_LS, MADE_LS, MAK_LS, MAK_YD, MAKE_LS, MAT_LS, MATE_LS, MET_LS, METE_LS, MTO_LS, MTOE_LS, PET_LS, PETE_LS, ROS_LS, ROSE_LS, SECE_LS, TEK_LS, TEKE_LS, TEL_LS, UCK_LS, UCK_YD, UZB_LS, UZB_YD, UZBE_LS, YZVE_LS",-,-
21,20094,FIZ 102E,Physics II,Physical (Face to face),Sevda Şahinbay,MED,Tuesday,08:30/11:29,A32,100,100,-,"BIO_LS, BIOE_LS, BLG_LS, BLGE_LS, CEV_LS, CEVE_LS, CHZ_LS, CHZE_LS, DEN_LS, DENE_LS, EHB_LS, EHBE_LS, ELE_LS, ELH_LS, ELK_LS, ELKE_LS, END_LS, ENDE_LS, ENTE_LS, EUT_LS, EUTE_LS, FIZ_YD, GEM_LS, GEME_LS, GEO_LS, GEOE_LS, GID_LS, GIDE_LS, HTA_LS, HTAE_LS, IBM_LS, IML_LS, IMLE_LS, INS_LS, INSE_LS, ISL_LS, ISLE_LS, JEF_LS, JEFE_LS, JEO_LS, JEOE_LS, KIM_LS, KIME_LS, KMM_LS, KMM_YD, KMME_LS, KOM_LS, KOME_LS, MAD_LS, MADE_LS, MAK_LS, MAK_YD, MAKE_LS, MAT_LS, MATE_LS, MET_LS, METE_LS, MTO_LS, MTOE_LS, PET_LS, PETE_LS, ROS_LS, ROSE_LS, SECE_LS, TEK_LS, TEKE_LS, TEL_LS, UCK_LS, UCK_YD, UZB_LS, UZB_YD, UZBE_LS, YZVE_LS",-,-
22,20095,FIZ 102E,Physics II,Physical (Face to face),Nurcan Doğan Bingölbali,MED,Tuesday,08:30/11:29,A33,100,102,-,"BIO_LS, BIOE_LS, BLG_LS, BLGE_LS, CEV_LS, CEVE_LS, CHZ_LS, CHZE_LS, DEN_LS, DENE_LS, EHB_LS, EHBE_LS, ELE_LS, ELH_LS, ELK_LS, ELKE_LS, END_LS, ENDE_LS, ENTE_LS, EUT_LS, EUTE_LS, FIZ_YD, GEM_LS, GEME_LS, GEO_LS, GEOE_LS, GID_LS, GIDE_LS, HTA_LS, HTAE_LS, IBM_LS, IML_LS, IMLE_LS, INS_LS, INSE_LS, ISL_LS, ISLE_LS, JEF_LS, JEFE_LS, JEO_LS, JEOE_LS, KIM_LS, KIME_LS, KMM_LS, KMM_YD, KMME_LS, KOM_LS, KOME_LS, MAD_LS, MADE_LS, MAK_LS, MAK_YD, MAKE_LS, MAT_LS, MATE_LS, MET_LS, METE_LS, MTO_LS, MTOE_LS, PET_LS, PETE_LS, ROS_LS, ROSE_LS, SECE_LS, TEK_LS, TEKE_LS, TEL_LS, UCK_LS, UCK_YD, UZB_LS, UZB_YD, UZBE_LS, YZVE_LS",-,-
23,20096,FIZ 102E,Physics II,Physical (Face to face),Yakup Hundur,MED,Tuesday,08:30/11:29,A34,93,74,-,"BIO_LS, BIOE_LS, BLG_LS, BLGE_LS, CEV_LS, CEVE_LS, CHZ_LS, CHZE_LS, DEN_LS, DENE_LS, EHB_LS, EHBE_LS, ELE_LS, ELH_LS, ELK_LS, ELKE_LS, END_LS, ENDE_LS, ENTE_LS, EUT_LS, EUTE_LS, FIZ_YD, GEM_LS, GEME_LS, GEO_LS, GEOE_LS, GID_LS, GIDE_LS, HTA_LS, HTAE_LS, IBM_LS, IML_LS, IMLE_LS, INS_LS, INSE_LS, ISL_LS, ISLE_LS, JEF_LS, JEFE_LS, JEO_LS, JEOE_LS, KIM_LS, KIME_LS, KMM_LS, KMM_YD, KMME_LS, KOM_LS, KOME_LS, MAD_LS, MADE_LS, MAK_LS, MAK_YD, MAKE_LS, MAT_LS, MATE_LS, MET_LS, METE_LS, MTO_LS, MTOE_LS, PET_LS, PETE_LS, ROS_LS, ROSE_LS, SECE_LS, TEK_LS, TEKE_LS, TEL_LS, UCK_LS, UCK_YD, UZB_LS, UZB_YD, UZBE_LS, YZVE_LS",-,-
24,20098,FIZ 102E,Physics II,Physical (Face to face),Demet Aktaş,YDY,Tuesday,08:30/11:29,177,100,101,-,"BIO_LS, BIOE_LS, BLG_LS, BLGE_LS, CEV_LS, CEVE_LS, CHZ_LS, CHZE_LS, DEN_LS, DENE_LS, EHB_LS, EHBE_LS, ELE_LS, ELH_LS, ELK_LS, ELKE_LS, END_LS, ENDE_LS, ENTE_LS, EUT_LS, EUTE_LS, FIZ_YD, GEM_LS, GEME_LS, GEO_LS, GEOE_LS, GID_LS, GIDE_LS, HTA_LS, HTAE_LS, IBM_LS, IML_LS, IMLE_LS, INS_LS, INSE_LS, ISL_LS, ISLE_LS, JEF_LS, JEFE_LS, JEO_LS, JEOE_LS, KIM_LS, KIME_LS, KMM_LS, KMM_YD, KMME_LS, KOM_LS, KOME_LS, MAD_LS, MADE_LS, MAK_LS, MAK_YD, MAKE_LS, MAT_LS, MATE_LS, MET_LS, METE_LS, MTO_LS, MTOE_LS, PET_LS, PETE_LS, ROS_LS, ROSE_LS, SECE_LS, TEK_LS, TEKE_LS, TEL_LS, UCK_LS, UCK_YD, UZB_LS, UZB_YD, UZBE_LS, YZVE_LS",-,-
25,20100,FIZ 102E,Physics II,Physical (Face to face),Yaşar Yılmaz,MED,Wednesday,08:30/11:29,A36,125,125,-,"BIO_LS, BIOE_LS, BLG_LS, BLGE_LS, CEV_LS, CEVE_LS, CHZ_LS, CHZE_LS, DEN_LS, DENE_LS, EHB_LS, EHBE_LS, ELE_LS, ELH_LS, ELK_LS, ELKE_LS, END_LS, ENDE_LS, ENTE_LS, EUT_LS, EUTE_LS, FIZ_YD, GEM_LS, GEME_LS, GEO_LS, GEOE_LS, GID_LS, GIDE_LS, HTA_LS, HTAE_LS, IBM_LS, IML_LS, IMLE_LS, INS_LS, INSE_LS, ISL_LS, ISLE_LS, JEF_LS, JEFE_LS, JEO_LS, JEOE_LS, KIM_LS, KIME_LS, KMM_LS, KMM_YD, KMME_LS, KOM_LS, KOME_LS, MAD_LS, MADE_LS, MAK_LS, MAK_YD, MAKE_LS, MAT_LS, MATE_LS, MET_LS, METE_LS, MTO_LS, MTOE_LS, PET_LS, PETE_LS, ROS_LS, ROSE_LS, SECE_LS, TEK_LS, TEKE_LS, TEL_LS, UCK_LS, UCK_YD, UZB_LS, UZB_YD, UZBE_LS, YZVE_LS",-,-
26,20101,FIZ 102E,Physics II,Physical (Face to face),Yakup Hundur,MDB,Wednesday,08:30/11:29,A105,100,84,-,"BIO_LS, BIOE_LS, BLG_LS, BLGE_LS, CEV_LS, CEVE_LS, CHZ_LS, CHZE_LS, DEN_LS, DENE_LS, EHB_LS, EHBE_LS, ELE_LS, ELH_LS, ELK_LS, ELKE_LS, END_LS, ENDE_LS, ENTE_LS, EUT_LS, EUTE_LS, FIZ_YD, GEM_LS, GEME_LS, GEO_LS, GEOE_LS, GID_LS, GIDE_LS, HTA_LS, HTAE_LS, IBM_LS, IML_LS, IMLE_LS, INS_LS, INSE_LS, ISL_LS, ISLE_LS, JEF_LS, JEFE_LS, JEO_LS, JEOE_LS, KIM_LS, KIME_LS, KMM_LS, KMM_YD, KMME_LS, KOM_LS, KOME_LS, MAD_LS, MADE_LS, MAK_LS, MAK_YD, MAKE_LS, MAT_LS, MATE_LS, MET_LS, METE_LS, MTO_LS, MTOE_LS, PET_LS, PETE_LS, ROS_LS, ROSE_LS, SECE_LS, TEK_LS, TEKE_LS, TEL_LS, UCK_LS, UCK_YD, UZB_LS, UZB_YD, UZBE_LS, YZVE_LS",-,-
27,20102,FIZ 102E,Physics II,Physical (Face to face),Esra Zayim,MDB,Wednesday,08:30/11:29,A103,100,100,-,"BIO_LS, BIOE_LS, BLG_LS, BLGE_LS, CEV_LS, CEVE_LS, CHZ_LS, CHZE_LS, DEN_LS, DENE_LS, EHB_LS, EHBE_LS, ELE_LS, ELH_LS, ELK_LS, ELKE_LS, END_LS, ENDE_LS, ENTE_LS, EUT_LS, EUTE_LS, FIZ_YD, GEM_LS, GEME_LS, GEO_LS, GEOE_LS, GID_LS, GIDE_LS, HTA_LS, HTAE_LS, IBM_LS, IML_LS, IMLE_LS, INS_LS, INSE_LS, ISL_LS, ISLE_LS, JEF_LS, JEFE_LS, JEO_LS, JEOE_LS, KIM_LS, KIME_LS, KMM_LS, KMM_YD, KMME_LS, KOM_LS, KOME_LS, MAD_LS, MADE_LS, MAK_LS, MAK_YD, MAKE_LS, MAT_LS, MATE_LS, MET_LS, METE_LS, MTO_LS, MTOE_LS, PET_LS, PETE_LS, ROS_LS, ROSE_LS, SECE_LS, TEK_LS, TEKE_LS, TEL_LS, UCK_LS, UCK_YD, UZB_LS, UZB_YD, UZBE_LS, YZVE_LS",-,-
28,20104,FIZ 102E,Physics II,Physical (Face to face),Gönül Eryürek,MED,Thursday,14:30/17:29,A11,120,81,-,"BIO_LS, BIOE_LS, BLG_LS, BLGE_LS, CEV_LS, CEVE_LS, CHZ_LS, CHZE_LS, DEN_LS, DENE_LS, EHB_LS, EHBE_LS, ELE_LS, ELH_LS, ELK_LS, ELKE_LS, END_LS, ENDE_LS, ENTE_LS, EUT_LS, EUTE_LS, FIZ_YD, GEM_LS, GEME_LS, GEO_LS, GEOE_LS, GID_LS, GIDE_LS, HTA_LS, HTAE_LS, IBM_LS, IML_LS, IMLE_LS, INS_LS, INSE_LS, ISL_LS, ISLE_LS, JEF_LS, JEFE_LS, JEO_LS, JEOE_LS, KIM_LS, KIME_LS, KMM_LS, KMM_YD, KMME_LS, KOM_LS, KOME_LS, MAD_LS, MADE_LS, MAK_LS, MAK_YD, MAKE_LS, MAT_LS, MATE_LS, MET_LS, METE_LS, MTO_LS, MTOE_LS, PET_LS, PETE_LS, ROS_LS, ROSE_LS, SECE_LS, TEK_LS, TEKE_LS, TEL_LS, UCK_LS, UCK_YD, UZB_LS, UZB_YD, UZBE_LS, YZVE_LS",-,-
29,20106,FIZ 102E,Physics II,Physical (Face to face),Hakkı Tunçay Özer,MED,Thursday,14:30/17:29,A12,100,97,-,"BIO_LS, BIOE_LS, BLG_LS, BLGE_LS, CEV_LS, CEVE_LS, CHZ_LS, CHZE_LS, DEN_LS, DENE_LS, EHB_LS, EHBE_LS, ELE_LS, ELH_LS, ELK_LS, ELKE_LS, END_LS, ENDE_LS, ENTE_LS, EUT_LS, EUTE_LS, FIZ_YD, GEM_LS, GEME_LS, GEO_LS, GEOE_LS, GID_LS, GIDE_LS, HTA_LS, HTAE_LS, IBM_LS, IML_LS, IMLE_LS, INS_LS, INSE_LS, ISL_LS, ISLE_LS, JEF_LS, JEFE_LS, JEO_LS, JEOE_LS, KIM_LS, KIME_LS, KMM_LS, KMM_YD, KMME_LS, KOM_LS, KOME_LS, MAD_LS, MADE_LS, MAK_LS, MAK_YD, MAKE_LS, MAT_LS, MATE_LS, MET_LS, METE_LS, MTO_LS, MTOE_LS, PET_LS, PETE_LS, ROS_LS, ROSE_LS, SECE_LS, TEK_LS, TEKE_LS, TEL_LS, UCK_LS, UCK_YD, UZB_LS, UZB_YD, UZBE_LS, YZVE_LS",-,-
30,20107,FIZ 102E,Physics II,Physical (Face to face),Sinem Şaşmaz,MED,Thursday,14:30/17:29,A13,100,100,-,"BIO_LS, BIOE_LS, BLG_LS, BLGE_LS, CEV_LS, CEVE_LS, CHZ_LS, CHZE_LS, DEN_LS, DENE_LS, EHB_LS, EHBE_LS, ELE_LS, ELH_LS, ELK_LS, ELKE_LS, END_LS, ENDE_LS, ENTE_LS, EUT_LS, EUTE_LS, FIZ_YD, GEM_LS, GEME_LS, GEO_LS, GEOE_LS, GID_LS, GIDE_LS, HTA_LS, HTAE_LS, IBM_LS, IML_LS, IMLE_LS, INS_LS, INSE_LS, ISL_LS, ISLE_LS, JEF_LS, JEFE_LS, JEO_LS, JEOE_LS, KIM_LS, KIME_LS, KMM_LS, KMM_YD, KMME_LS, KOM_LS, KOME_LS, MAD_LS, MADE_LS, MAK_LS, MAK_YD, MAKE_LS, MAT_LS, MATE_LS, MET_LS, METE_LS, MTO_LS, MTOE_LS, PET_LS, PETE_LS, ROS_LS, ROSE_LS, SECE_LS, TEK_LS, TEKE_LS, TEL_LS, UCK_LS, UCK_YD, UZB_LS, UZB_YD, UZBE_LS, YZVE_LS",-,-
31,20108,FIZ 102E,Physics II,Physical (Face to face),Emre Onur Kahya,MED,Thursday,14:30/17:29,A32,100,100,-,"BIO_LS, BIOE_LS, BLG_LS, BLGE_LS, CEV_LS, CEVE_LS, CHZ_LS, CHZE_LS, DEN_LS, DENE_LS, EHB_LS, EHBE_LS, ELE_LS, ELH_LS, ELK_LS, ELKE_LS, END_LS, ENDE_LS, ENTE_LS, EUT_LS, EUTE_LS, FIZ_YD, GEM_LS, GEME_LS, GEO_LS, GEOE_LS, GID_LS, GIDE_LS, HTA_LS, HTAE_LS, IBM_LS, IML_LS, IMLE_LS, INS_LS, INSE_LS, ISL_LS, ISLE_LS, JEF_LS, JEFE_LS, JEO_LS, JEOE_LS, KIM_LS, KIME_LS, KMM_LS, KMM_YD, KMME_LS, KOM_LS, KOME_LS, MAD_LS, MADE_LS, MAK_LS, MAK_YD, MAKE_LS, MAT_LS, MATE_LS, MET_LS, METE_LS, MTO_LS, MTOE_LS, PET_LS, PETE_LS, ROS_LS, ROSE_LS, SECE_LS, TEK_LS, TEKE_LS, TEL_LS, UCK_LS, UCK_YD, UZB_LS, UZB_YD, UZBE_LS, YZVE_LS",-,-
32,20109,FIZ 102E,Physics II,Physical (Face to face),Esra Zayim,MED,Thursday,14:30/17:29,A33,100,98,-,"BIO_LS, BIOE_LS, BLG_LS, BLGE_LS, CEV_LS, CEVE_LS, CHZ_LS, CHZE_LS, DEN_LS, DENE_LS, EHB_LS, EHBE_LS, ELE_LS, ELH_LS, ELK_LS, ELKE_LS, END_LS, ENDE_LS, ENTE_LS, EUT_LS, EUTE_LS, FIZ_YD, GEM_LS, GEME_LS, GEO_LS, GEOE_LS, GID_LS, GIDE_LS, HTA_LS, HTAE_LS, IBM_LS, IML_LS, IMLE_LS, INS_LS, INSE_LS, ISL_LS, ISLE_LS, JEF_LS, JEFE_LS, JEO_LS, JEOE_LS, KIM_LS, KIME_LS, KMM_LS, KMM_YD, KMME_LS, KOM_LS, KOME_LS, MAD_LS, MADE_LS, MAK_LS, MAK_YD, MAKE_LS, MAT_LS, MATE_LS, MET_LS, METE_LS, MTO_LS, MTOE_LS, PET_LS, PETE_LS, ROS_LS, ROSE_LS, SECE_LS, TEK_LS, TEKE_LS, TEL_LS, UCK_LS, UCK_YD, UZB_LS, UZB_YD, UZBE_LS, YZVE_LS",-,-
33,20111,FIZ 102E,Physics II,Physical (Face to face),Cenap Şahabettin Özben,MED,Friday,08:30/11:29,A31,125,125,-,"BIO_LS, BIOE_LS, BLG_LS, BLGE_LS, CEV_LS, CEVE_LS, CHZ_LS, CHZE_LS, DEN_LS, DENE_LS, DUI_LS, EHB_LS, EHBE_LS, ELE_LS, ELH_LS, ELK_LS, ELKE_LS, END_LS, ENDE_LS, ENTE_LS, EUT_LS, EUTE_LS, FIZ_YD, GEM_LS, GEME_LS, GEO_LS, GEOE_LS, GID_LS, GIDE_LS, HTA_LS, HTAE_LS, IBM_LS, IML_LS, IMLE_LS, INS_LS, INSE_LS, ISL_LS, ISLE_LS, JEF_LS, JEFE_LS, JEO_LS, JEOE_LS, KIM_LS, KIME_LS, KMM_LS, KMM_YD, KMME_LS, KOM_LS, KOME_LS, MAD_LS, MADE_LS, MAK_LS, MAK_YD, MAKE_LS, MAT_LS, MATE_LS, MET_LS, METE_LS, MTO_LS, MTOE_LS, PET_LS, PETE_LS, ROS_LS, ROSE_LS, SECE_LS, TEK_LS, TEKE_LS, TEL_LS, UCK_LS, UCK_YD, UZB_LS, UZB_YD, UZBE_LS, YZVE_LS",-,-
34,20112,FIZ 102E,Physics II,Physical (Face to face),Demet Aktaş,MED,Friday,08:30/11:29,A33,115,101,-,"BIO_LS, BIOE_LS, BLG_LS, BLGE_LS, CEV_LS, CEVE_LS, CHZ_LS, CHZE_LS, DEN_LS, DENE_LS, DUI_LS, EHB_LS, EHBE_LS, ELE_LS, ELH_LS, ELK_LS, ELKE_LS, END_LS, ENDE_LS, ENTE_LS, EUT_LS, EUTE_LS, FIZ_YD, GEM_LS, GEME_LS, GEO_LS, GEOE_LS, GID_LS, GIDE_LS, HTA_LS, HTAE_LS, IBM_LS, IML_LS, IMLE_LS, INS_LS, INSE_LS, ISL_LS, ISLE_LS, JEF_LS, JEFE_LS, JEO_LS, JEOE_LS, KIM_LS, KIME_LS, KMM_LS, KMM_YD, KMME_LS, KOM_LS, KOME_LS, MAD_LS, MADE_LS, MAK_LS, MAK_YD, MAKE_LS, MAT_LS, MATE_LS, MET_LS, METE_LS, MTO_LS, MTOE_LS, PET_LS, PETE_LS, ROS_LS, ROSE_LS, SECE_LS, TEK_LS, TEKE_LS, TEL_LS, UCK_LS, UCK_YD, UZB_LS, UZB_YD, UZBE_LS, YZVE_LS",-,-
35,20551,FIZ 102E,Physics II,Physical (Face to face),Banu Tansel Büyükçelebi,DZB,Thursday,08:30/11:29,--,90,98,-,"DUI_LS, GMI_LS",-,-
36,20552,FIZ 102E,Physics II,Physical (Face to face),Banu Tansel Büyükçelebi,DZB,Thursday,11:30/14:29,--,60,18,-,"DUI_LS, GMI_LS",-,-
37,20553,FIZ 102E,Physics II,Physical (Face to face),Banu Tansel Büyükçelebi,DZB,Thursday,14:30/17:29,--,60,19,-,"DUI_LS, GMI_LS",-,-
38,20856,FIZ 102E,Physics II,Physical (Face to face),Yaşar Yılmaz,MED,Friday,08:30/11:29,A12,100,83,-,"CEN_LS, EEE_LS, IND_LS, MEN_LS, MTM_LS, NAE_LS",-,-
39,24115,FIZ 102E,Physics II,Physical (Face to face),Sevda Şahinbay,BPB,Thursday,09:00/11:59,--,30,26,-,IEBE_LS,-,-
40,24795,FIZ 102E,Physics II,Physical (Face to face),Banu Tansel Büyükçelebi,DZB,Wednesday,08:30/11:29,--,100,73,-,"MEN_LS, MTM_LS",-,-
41,25312,FIZ 102E,Physics II,Physical (Face to face),Berna Morova,YDY,Tuesday,08:30/11:29,175,100,101,-,"BIO_LS, BIOE_LS, BLG_LS, BLGE_LS, CEV_LS, CEVE_LS, CHZ_LS, CHZE_LS, DEN_LS, DENE_LS, EHB_LS, EHBE_LS, ELE_LS, ELH_LS, ELK_LS, ELKE_LS, END_LS, ENDE_LS, ENTE_LS, EUT_LS, EUTE_LS, FIZ_YD, GEM_LS, GEME_LS, GEO_LS, GEOE_LS, GID_LS, GIDE_LS, HTA_LS, HTAE_LS, IBM_LS, IML_LS, IMLE_LS, INS_LS, INSE_LS, ISL_LS, ISLE_LS, JEF_LS, JEFE_LS, JEO_LS, JEOE_LS, KIM_LS, KIME_LS, KMM_LS, KMM_YD, KMME_LS, KOM_LS, KOME_LS, MAD_LS, MADE_LS, MAK_LS, MAK_YD, MAKE_LS, MAT_LS, MATE_LS, MET_LS, METE_LS, MTO_LS, MTOE_LS, PET_LS, PETE_LS, ROS_LS, ROSE_LS, SECE_LS, TEK_LS, TEKE_LS, TEL_LS, UCK_LS, UCK_YD, UZB_LS, UZB_YD, UZBE_LS, YZVE_LS",-,-
42,20113,FIZ 102EL,Physics II Laboratory,Physical (Face to face),Abdurrahman Savaş Arapoğlu,FEB,Monday,09:30/11:29,--,30,24,-,"BIO_LS, BIOE_LS, BLG_LS, BLGE_LS, CEV_LS, CEVE_LS, CHZ_LS, CHZE_LS, DEN_LS, DENE_LS, EHB_LS, EHBE_LS, ELE_LS, ELH_LS, ELK_LS, ELKE_LS, END_LS, ENDE_LS, ENTE_LS, EUT_LS, EUTE_LS, FIZ_YD, GEM_LS, GEME_LS, GEO_LS, GEOE_LS, GID_LS, GIDE_LS, HTA_LS, HTAE_LS, IBM_LS, IML_LS, IMLE_LS, INS_LS, INSE_LS, ISL_LS, ISLE_LS, JEF_LS, JEFE_LS, JEO_LS, JEOE_LS, KIM_LS, KIME_LS, KMM_LS, KMM_YD, KMME_LS, KOM_LS, KOME_LS, MAD_LS, MADE_LS, MAK_LS, MAK_YD, MAKE_LS, MAT_LS, MATE_LS, MET_LS, METE_LS, MTO_LS, MTOE_LS, PET_LS, PETE_LS, ROS_LS, ROSE_LS, SECE_LS, TEK_LS, TEKE_LS, TEL_LS, UCK_LS, UCK_YD, UZB_LS, UZB_YD, UZBE_LS, YZVE_LS",-,-
43,20114,FIZ 102EL,Physics II Laboratory,Physical (Face to face),Mehmet Murat Sunar,FEB,Monday,09:30/11:29,--,30,21,-,"BIO_LS, BIOE_LS, BLG_LS, BLGE_LS, CEV_LS, CEVE_LS, CHZ_LS, CHZE_LS, DEN_LS, DENE_LS, EHB_LS, EHBE_LS, ELE_LS, ELH_LS, ELK_LS, ELKE_LS, END_LS, ENDE_LS, ENTE_LS, EUT_LS, EUTE_LS, FIZ_YD, GEM_LS, GEME_LS, GEO_LS, GEOE_LS, GID_LS, GIDE_LS, HTA_LS, HTAE_LS, IBM_LS, IML_LS, IMLE_LS, INS_LS, INSE_LS, ISL_LS, ISLE_LS, JEF_LS, JEFE_LS, JEO_LS, JEOE_LS, KIM_LS, KIME_LS, KMM_LS, KMM_YD, KMME_LS, KOM_LS, KOME_LS, MAD_LS, MADE_LS, MAK_LS, MAK_YD, MAKE_LS, MAT_LS, MATE_LS, MET_LS, METE_LS, MTO_LS, MTOE_LS, PET_LS, PETE_LS, ROS_LS, ROSE_LS, SECE_LS, TEK_LS, TEKE_LS, TEL_LS, UCK_LS, UCK_YD, UZB_LS, UZB_YD, UZBE_LS, YZVE_LS",-,-
44,20115,FIZ 102EL,Physics II Laboratory,Physical (Face to face),Berna Morova,FEB,Monday,09:30/11:29,--,30,20,-,"BIO_LS, BIOE_LS, BLG_LS, BLGE_LS, CEV_LS, CEVE_LS, CHZ_LS, CHZE_LS, DEN_LS, DENE_LS, EHB_LS, EHBE_LS, ELE_LS, ELH_LS, ELK_LS, ELKE_LS, END_LS, ENDE_LS, ENTE_LS, EUT_LS, EUTE_LS, FIZ_YD, GEM_LS, GEME_LS, GEO_LS, GEOE_LS, GID_LS, GIDE_LS, HTA_LS, HTAE_LS, IBM_LS, IML_LS, IMLE_LS, INS_LS, INSE_LS, ISL_LS, ISLE_LS, JEF_LS, JEFE_LS, JEO_LS, JEOE_LS, KIM_LS, KIME_LS, KMM_LS, KMM_YD, KMME_LS, KOM_LS, KOME_LS, MAD_LS, MADE_LS, MAK_LS, MAK_YD, MAKE_LS, MAT_LS, MATE_LS, MET_LS, METE_LS, MTO_LS, MTOE_LS, PET_LS, PETE_LS, ROS_LS, ROSE_LS, SECE_LS, TEK_LS, TEKE_LS, TEL_LS, UCK_LS, UCK_YD, UZB_LS, UZB_YD, UZBE_LS, YZVE_LS",-,-
45,20116,FIZ 102EL,Physics II Laboratory,Physical (Face to face),Mehmet Özkan,FEB,Monday,09:30/11:29,--,20,20,-,"BIO_LS, BIOE_LS, BLG_LS, BLGE_LS, CEV_LS, CEVE_LS, CHZ_LS, CHZE_LS, DEN_LS, DENE_LS, EHB_LS, EHBE_LS, ELE_LS, ELH_LS, ELK_LS, ELKE_LS, END_LS, ENDE_LS, ENTE_LS, EUT_LS, EUTE_LS, FIZ_YD, GEM_LS, GEME_LS, GEO_LS, GEOE_LS, GID_LS, GIDE_LS, HTA_LS, HTAE_LS, IBM_LS, IML_LS, IMLE_LS, INS_LS, INSE_LS, ISL_LS, ISLE_LS, JEF_LS, JEFE_LS, JEO_LS, JEOE_LS, KIM_LS, KIME_LS, KMM_LS, KMM_YD, KMME_LS, KOM_LS, KOME_LS, MAD_LS, MADE_LS, MAK_LS, MAK_YD, MAKE_LS, MAT_LS, MATE_LS, MET_LS, METE_LS, MTO_LS, MTOE_LS, PET_LS, PETE_LS, ROS_LS, ROSE_LS, SECE_LS, TEK_LS, TEKE_LS, TEL_LS, UCK_LS, UCK_YD, UZB_LS, UZB_YD, UZBE_LS, YZVE_LS",-,-
46,20117,FIZ 102EL,Physics II Laboratory,Physical (Face to face),Cenap Şahabettin Özben,FEB,Monday,09:30/11:29,--,20,19,-,"BIO_LS, BIOE_LS, BLG_LS, BLGE_LS, CEV_LS, CEVE_LS, CHZ_LS, CHZE_LS, DEN_LS, DENE_LS, EHB_LS, EHBE_LS, ELE_LS, ELH_LS, ELK_LS, ELKE_LS, END_LS, ENDE_LS, ENTE_LS, EUT_LS, EUTE_LS, FIZ_YD, GEM_LS, GEME_LS, GEO_LS, GEOE_LS, GID_LS, GIDE_LS, HTA_LS, HTAE_LS, IBM_LS, IML_LS, IMLE_LS, INS_LS, INSE_LS, ISL_LS, ISLE_LS, JEF_LS, JEFE_LS, JEO_LS, JEOE_LS, KIM_LS, KIME_LS, KMM_LS, KMM_YD, KMME_LS, KOM_LS, KOME_LS, MAD_LS, MADE_LS, MAK_LS, MAK_YD, MAKE_LS, MAT_LS, MATE_LS, MET_LS, METE_LS, MTO_LS, MTOE_LS, PET_LS, PETE_LS, ROS_LS, ROSE_LS, SECE_LS, TEK_LS, TEKE_LS, TEL_LS, UCK_LS, UCK_YD, UZB_LS, UZB_YD, UZBE_LS, YZVE_LS",-,-
47,20118,FIZ 102EL,Physics II Laboratory,Physical (Face to face),Emre Onur Kahya,FEB,Monday,09:30/11:29,--,20,20,-,"BIO_LS, BIOE_LS, BLG_LS, BLGE_LS, CEV_LS, CEVE_LS, CHZ_LS, CHZE_LS, DEN_LS, DENE_LS, EHB_LS, EHBE_LS, ELE_LS, ELH_LS, ELK_LS, ELKE_LS, END_LS, ENDE_LS, ENTE_LS, EUT_LS, EUTE_LS, FIZ_YD, GEM_LS, GEME_LS, GEO_LS, GEOE_LS, GID_LS, GIDE_LS, HTA_LS, HTAE_LS, IBM_LS, IML_LS, IMLE_LS, INS_LS, INSE_LS, ISL_LS, ISLE_LS, JEF_LS, JEFE_LS, JEO_LS, JEOE_LS, KIM_LS, KIME_LS, KMM_LS, KMM_YD, KMME_LS, KOM_LS, KOME_LS, MAD_LS, MADE_LS, MAK_LS, MAK_YD, MAKE_LS, MAT_LS, MATE_LS, MET_LS, METE_LS, MTO_LS, MTOE_LS, PET_LS, PETE_LS, ROS_LS, ROSE_LS, SECE_LS, TEK_LS, TEKE_LS, TEL_LS, UCK_LS, UCK_YD, UZB_LS, UZB_YD, UZBE_LS, YZVE_LS",-,-
48,20119,FIZ 102EL,Physics II Laboratory,Physical (Face to face),Oğuzhan Gürlü,FEB,Monday,09:30/11:29,--,20,20,-,"BIO_LS, BIOE_LS, BLG_LS, BLGE_LS, CEV_LS, CEVE_LS, CHZ_LS, CHZE_LS, DEN_LS, DENE_LS, EHB_LS, EHBE_LS, ELE_LS, ELH_LS, ELK_LS, ELKE_LS, END_LS, ENDE_LS, ENTE_LS, EUT_LS, EUTE_LS, FIZ_YD, GEM_LS, GEME_LS, GEO_LS, GEOE_LS, GID_LS, GIDE_LS, HTA_LS, HTAE_LS, IBM_LS, IML_LS, IMLE_LS, INS_LS, INSE_LS, ISL_LS, ISLE_LS, JEF_LS, JEFE_LS, JEO_LS, JEOE_LS, KIM_LS, KIME_LS, KMM_LS, KMM_YD, KMME_LS, KOM_LS, KOME_LS, MAD_LS, MADE_LS, MAK_LS, MAK_YD, MAKE_LS, MAT_LS, MATE_LS, MET_LS, METE_LS, MTO_LS, MTOE_LS, PET_LS, PETE_LS, ROS_LS, ROSE_LS, SECE_LS, TEK_LS, TEKE_LS, TEL_LS, UCK_LS, UCK_YD, UZB_LS, UZB_YD, UZBE_LS, YZVE_LS",-,-
49,20120,FIZ 102EL,Physics II Laboratory,Physical (Face to face),Özgür Akarsu,FEB,Monday,09:30/11:29,--,20,20,-,"BIO_LS, BIOE_LS, BLG_LS, BLGE_LS, CEV_LS, CEVE_LS, CHZ_LS, CHZE_LS, DEN_LS, DENE_LS, EHB_LS, EHBE_LS, ELE_LS, ELH_LS, ELK_LS, ELKE_LS, END_LS, ENDE_LS, ENTE_LS, EUT_LS, EUTE_LS, FIZ_YD, GEM_LS, GEME_LS, GEO_LS, GEOE_LS, GID_LS, GIDE_LS, HTA_LS, HTAE_LS, IBM_LS, IML_LS, IMLE_LS, INS_LS, INSE_LS, ISL_LS, ISLE_LS, JEF_LS, JEFE_LS, JEO_LS, JEOE_LS, KIM_LS, KIME_LS, KMM_LS, KMM_YD, KMME_LS, KOM_LS, KOME_LS, MAD_LS, MADE_LS, MAK_LS, MAK_YD, MAKE_LS, MAT_LS, MATE_LS, MET_LS, METE_LS, MTO_LS, MTOE_LS, PET_LS, PETE_LS, ROS_LS, ROSE_LS, SECE_LS, TEK_LS, TEKE_LS, TEL_LS, UCK_LS, UCK_YD, UZB_LS, UZB_YD, UZBE_LS, YZVE_LS",-,-
50,20121,FIZ 102EL,Physics II Laboratory,Physical (Face to face),Mehmet Kerim Ramazanoğlu,FEB,Monday,09:30/11:29,--,20,20,-,"BIO_LS, BIOE_LS, BLG_LS, BLGE_LS, CEV_LS, CEVE_LS, CHZ_LS, CHZE_LS, DEN_LS, DENE_LS, EHB_LS, EHBE_LS, ELE_LS, ELH_LS, ELK_LS, ELKE_LS, END_LS, ENDE_LS, ENTE_LS, EUT_LS, EUTE_LS, FIZ_YD, GEM_LS, GEME_LS, GEO_LS, GEOE_LS, GID_LS, GIDE_LS, HTA_LS, HTAE_LS, IBM_LS, IML_LS, IMLE_LS, INS_LS, INSE_LS, ISL_LS, ISLE_LS, JEF_LS, JEFE_LS, JEO_LS, JEOE_LS, KIM_LS, KIME_LS, KMM_LS, KMM_YD, KMME_LS, KOM_LS, KOME_LS, MAD_LS, MADE_LS, MAK_LS, MAK_YD, MAKE_LS, MAT_LS, MATE_LS, MET_LS, METE_LS, MTO_LS, MTOE_LS, PET_LS, PETE_LS, ROS_LS, ROSE_LS, SECE_LS, TEK_LS, TEKE_LS, TEL_LS, UCK_LS, UCK_YD, UZB_LS, UZB_YD, UZBE_LS, YZVE_LS",-,-
51,20122,FIZ 102EL,Physics II Laboratory,Physical (Face to face),Sevtap Yıldız Özbek,FEB,Monday,11:30/13:29,--,35,35,-,"CEN_LS, EEE_LS, IND_LS, MEN_LS, MTM_LS, NAE_LS",-,-
52,20123,FIZ 102EL,Physics II Laboratory,Physical (Face to face),Berna Morova,FEB,Monday,11:30/13:29,--,30,30,-,"BIO_LS, BIOE_LS, BLG_LS, BLGE_LS, CEV_LS, CEVE_LS, CHZ_LS, CHZE_LS, DEN_LS, DENE_LS, EHB_LS, EHBE_LS, ELE_LS, ELH_LS, ELK_LS, ELKE_LS, END_LS, ENDE_LS, ENTE_LS, EUT_LS, EUTE_LS, FIZ_YD, GEM_LS, GEME_LS, GEO_LS, GEOE_LS, GID_LS, GIDE_LS, HTA_LS, HTAE_LS, IBM_LS, IML_LS, IMLE_LS, INS_LS, INSE_LS, ISL_LS, ISLE_LS, JEF_LS, JEFE_LS, JEO_LS, JEOE_LS, KIM_LS, KIME_LS, KMM_LS, KMM_YD, KMME_LS, KOM_LS, KOME_LS, MAD_LS, MADE_LS, MAK_LS, MAK_YD, MAKE_LS, MAT_LS, MATE_LS, MET_LS, METE_LS, MTO_LS, MTOE_LS, PET_LS, PETE_LS, ROS_LS, ROSE_LS, SECE_LS, TEK_LS, TEKE_LS, TEL_LS, UCK_LS, UCK_YD, UZB_LS, UZB_YD, UZBE_LS, YZVE_LS",-,-
53,20124,FIZ 102EL,Physics II Laboratory,Physical (Face to face),Esra Alveroğlu Durucu,FEB,Monday,11:30/13:29,--,30,30,-,"BIO_LS, BIOE_LS, BLG_LS, BLGE_LS, CEV_LS, CEVE_LS, CHZ_LS, CHZE_LS, DEN_LS, DENE_LS, EHB_LS, EHBE_LS, ELE_LS, ELH_LS, ELK_LS, ELKE_LS, END_LS, ENDE_LS, ENTE_LS, EUT_LS, EUTE_LS, FIZ_YD, GEM_LS, GEME_LS, GEO_LS, GEOE_LS, GID_LS, GIDE_LS, HTA_LS, HTAE_LS, IBM_LS, IML_LS, IMLE_LS, INS_LS, INSE_LS, ISL_LS, ISLE_LS, JEF_LS, JEFE_LS, JEO_LS, JEOE_LS, KIM_LS, KIME_LS, KMM_LS, KMM_YD, KMME_LS, KOM_LS, KOME_LS, MAD_LS, MADE_LS, MAK_LS, MAK_YD, MAKE_LS, MAT_LS, MATE_LS, MET_LS, METE_LS, MTO_LS, MTOE_LS, PET_LS, PETE_LS, ROS_LS, ROSE_LS, SECE_LS, TEK_LS, TEKE_LS, TEL_LS, UCK_LS, UCK_YD, UZB_LS, UZB_YD, UZBE_LS, YZVE_LS",-,-
54,20125,FIZ 102EL,Physics II Laboratory,Physical (Face to face),Oğuzhan Gürlü,FEB,Monday,11:30/13:29,--,30,31,-,"BIO_LS, BIOE_LS, BLG_LS, BLGE_LS, CEV_LS, CEVE_LS, CHZ_LS, CHZE_LS, DEN_LS, DENE_LS, EHB_LS, EHBE_LS, ELE_LS, ELH_LS, ELK_LS, ELKE_LS, END_LS, ENDE_LS, ENTE_LS, EUT_LS, EUTE_LS, FIZ_YD, GEM_LS, GEME_LS, GEO_LS, GEOE_LS, GID_LS, GIDE_LS, HTA_LS, HTAE_LS, IBM_LS, IML_LS, IMLE_LS, INS_LS, INSE_LS, ISL_LS, ISLE_LS, JEF_LS, JEFE_LS, JEO_LS, JEOE_LS, KIM_LS, KIME_LS, KMM_LS, KMM_YD, KMME_LS, KOM_LS, KOME_LS, MAD_LS, MADE_LS, MAK_LS, MAK_YD, MAKE_LS, MAT_LS, MATE_LS, MET_LS, METE_LS, MTO_LS, MTOE_LS, PET_LS, PETE_LS, ROS_LS, ROSE_LS, SECE_LS, TEK_LS, TEKE_LS, TEL_LS, UCK_LS, UCK_YD, UZB_LS, UZB_YD, UZBE_LS, YZVE_LS",-,-
55,20126,FIZ 102EL,Physics II Laboratory,Physical (Face to face),Sevda Şahinbay,FEB,Monday,11:30/13:29,--,25,25,-,"BIO_LS, BIOE_LS, BLG_LS, BLGE_LS, CEV_LS, CEVE_LS, CHZ_LS, CHZE_LS, DEN_LS, DENE_LS, EHB_LS, EHBE_LS, ELE_LS, ELH_LS, ELK_LS, ELKE_LS, END_LS, ENDE_LS, ENTE_LS, EUT_LS, EUTE_LS, FIZ_YD, GEM_LS, GEME_LS, GEO_LS, GEOE_LS, GID_LS, GIDE_LS, HTA_LS, HTAE_LS, IBM_LS, IML_LS, IMLE_LS, INS_LS, INSE_LS, ISL_LS, ISLE_LS, JEF_LS, JEFE_LS, JEO_LS, JEOE_LS, KIM_LS, KIME_LS, KMM_LS, KMM_YD, KMME_LS, KOM_LS, KOME_LS, MAD_LS, MADE_LS, MAK_LS, MAK_YD, MAKE_LS, MAT_LS, MATE_LS, MET_LS, METE_LS, MTO_LS, MTOE_LS, PET_LS, PETE_LS, ROS_LS, ROSE_LS, SECE_LS, TEK_LS, TEKE_LS, TEL_LS, UCK_LS, UCK_YD, UZB_LS, UZB_YD, UZBE_LS, YZVE_LS",-,-
56,20127,FIZ 102EL,Physics II Laboratory,Physical (Face to face),Demet Aktaş,FEB,Monday,11:30/13:29,--,20,20,-,"BIO_LS, BIOE_LS, BLG_LS, BLGE_LS, CEV_LS, CEVE_LS, CHZ_LS, CHZE_LS, DEN_LS, DENE_LS, EHB_LS, EHBE_LS, ELE_LS, ELH_LS, ELK_LS, ELKE_LS, END_LS, ENDE_LS, ENTE_LS, EUT_LS, EUTE_LS, FIZ_YD, GEM_LS, GEME_LS, GEO_LS, GEOE_LS, GID_LS, GIDE_LS, HTA_LS, HTAE_LS, IBM_LS, IML_LS, IMLE_LS, INS_LS, INSE_LS, ISL_LS, ISLE_LS, JEF_LS, JEFE_LS, JEO_LS, JEOE_LS, KIM_LS, KIME_LS, KMM_LS, KMM_YD, KMME_LS, KOM_LS, KOME_LS, MAD_LS, MADE_LS, MAK_LS, MAK_YD, MAKE_LS, MAT_LS, MATE_LS, MET_LS, METE_LS, MTO_LS, MTOE_LS, PET_LS, PETE_LS, ROS_LS, ROSE_LS, SECE_LS, TEK_LS, TEKE_LS, TEL_LS, UCK_LS, UCK_YD, UZB_LS, UZB_YD, UZBE_LS, YZVE_LS",-,-
57,20128,FIZ 102EL,Physics II Laboratory,Physical (Face to face),Sinem Şaşmaz,FEB,Monday,11:30/13:29,--,20,20,-,"BIO_LS, BIOE_LS, BLG_LS, BLGE_LS, CEV_LS, CEVE_LS, CHZ_LS, CHZE_LS, DEN_LS, DENE_LS, EHB_LS, EHBE_LS, ELE_LS, ELH_LS, ELK_LS, ELKE_LS, END_LS, ENDE_LS, ENTE_LS, EUT_LS, EUTE_LS, FIZ_YD, GEM_LS, GEME_LS, GEO_LS, GEOE_LS, GID_LS, GIDE_LS, HTA_LS, HTAE_LS, IBM_LS, IML_LS, IMLE_LS, INS_LS, INSE_LS, ISL_LS, ISLE_LS, JEF_LS, JEFE_LS, JEO_LS, JEOE_LS, KIM_LS, KIME_LS, KMM_LS, KMM_YD, KMME_LS, KOM_LS, KOME_LS, MAD_LS, MADE_LS, MAK_LS, MAK_YD, MAKE_LS, MAT_LS, MATE_LS, MET_LS, METE_LS, MTO_LS, MTOE_LS, PET_LS, PETE_LS, ROS_LS, ROSE_LS, SECE_LS, TEK_LS, TEKE_LS, TEL_LS, UCK_LS, UCK_YD, UZB_LS, UZB_YD, UZBE_LS, YZVE_LS",-,-
58,20129,FIZ 102EL,Physics II Laboratory,Physical (Face to face),Mehmet Özkan,FEB,Monday,11:30/13:29,--,20,20,-,"BIO_LS, BIOE_LS, BLG_LS, BLGE_LS, CEV_LS, CEVE_LS, CHZ_LS, CHZE_LS, DEN_LS, DENE_LS, EHB_LS, EHBE_LS, ELE_LS, ELH_LS, ELK_LS, ELKE_LS, END_LS, ENDE_LS, ENTE_LS, EUT_LS, EUTE_LS, FIZ_YD, GEM_LS, GEME_LS, GEO_LS, GEOE_LS, GID_LS, GIDE_LS, HTA_LS, HTAE_LS, IBM_LS, IML_LS, IMLE_LS, INS_LS, INSE_LS, ISL_LS, ISLE_LS, JEF_LS, JEFE_LS, JEO_LS, JEOE_LS, KIM_LS, KIME_LS, KMM_LS, KMM_YD, KMME_LS, KOM_LS, KOME_LS, MAD_LS, MADE_LS, MAK_LS, MAK_YD, MAKE_LS, MAT_LS, MATE_LS, MET_LS, METE_LS, MTO_LS, MTOE_LS, PET_LS, PETE_LS, ROS_LS, ROSE_LS, SECE_LS, TEK_LS, TEKE_LS, TEL_LS, UCK_LS, UCK_YD, UZB_LS, UZB_YD, UZBE_LS, YZVE_LS",-,-
59,20130,FIZ 102EL,Physics II Laboratory,Physical (Face to face),Ahmet Levent Subaşı,FEB,Monday,13:30/15:29,--,30,30,-,"BIO_LS, BIOE_LS, BLG_LS, BLGE_LS, CEV_LS, CEVE_LS, CHZ_LS, CHZE_LS, DEN_LS, DENE_LS, EHB_LS, EHBE_LS, ELE_LS, ELH_LS, ELK_LS, ELKE_LS, END_LS, ENDE_LS, ENTE_LS, EUT_LS, EUTE_LS, FIZ_YD, GEM_LS, GEME_LS, GEO_LS, GEOE_LS, GID_LS, GIDE_LS, HTA_LS, HTAE_LS, IBM_LS, IML_LS, IMLE_LS, INS_LS, INSE_LS, ISL_LS, ISLE_LS, JEF_LS, JEFE_LS, JEO_LS, JEOE_LS, KIM_LS, KIME_LS, KMM_LS, KMM_YD, KMME_LS, KOM_LS, KOME_LS, MAD_LS, MADE_LS, MAK_LS, MAK_YD, MAKE_LS, MAT_LS, MATE_LS, MET_LS, METE_LS, MTO_LS, MTOE_LS, PET_LS, PETE_LS, ROS_LS, ROSE_LS, SECE_LS, TEK_LS, TEKE_LS, TEL_LS, UCK_LS, UCK_YD, UZB_LS, UZB_YD, UZBE_LS, YZVE_LS",-,-
60,20131,FIZ 102EL,Physics II Laboratory,Physical (Face to face),Ali Yıldız,FEB,Monday,13:30/15:29,--,30,30,-,"BIO_LS, BIOE_LS, BLG_LS, BLGE_LS, CEV_LS, CEVE_LS, CHZ_LS, CHZE_LS, DEN_LS, DENE_LS, EHB_LS, EHBE_LS, ELE_LS, ELH_LS, ELK_LS, ELKE_LS, END_LS, ENDE_LS, ENTE_LS, EUT_LS, EUTE_LS, FIZ_YD, GEM_LS, GEME_LS, GEO_LS, GEOE_LS, GID_LS, GIDE_LS, HTA_LS, HTAE_LS, IBM_LS, IML_LS, IMLE_LS, INS_LS, INSE_LS, ISL_LS, ISLE_LS, JEF_LS, JEFE_LS, JEO_LS, JEOE_LS, KIM_LS, KIME_LS, KMM_LS, KMM_YD, KMME_LS, KOM_LS, KOME_LS, MAD_LS, MADE_LS, MAK_LS, MAK_YD, MAKE_LS, MAT_LS, MATE_LS, MET_LS, METE_LS, MTO_LS, MTOE_LS, PET_LS, PETE_LS, ROS_LS, ROSE_LS, SECE_LS, TEK_LS, TEKE_LS, TEL_LS, UCK_LS, UCK_YD, UZB_LS, UZB_YD, UZBE_LS, YZVE_LS",-,-
61,20132,FIZ 102EL,Physics II Laboratory,Physical (Face to face),Gönül Eryürek,FEB,Monday,13:30/15:29,--,30,30,-,"BIO_LS, BIOE_LS, BLG_LS, BLGE_LS, CEV_LS, CEVE_LS, CHZ_LS, CHZE_LS, DEN_LS, DENE_LS, EHB_LS, EHBE_LS, ELE_LS, ELH_LS, ELK_LS, ELKE_LS, END_LS, ENDE_LS, ENTE_LS, EUT_LS, EUTE_LS, FIZ_YD, GEM_LS, GEME_LS, GEO_LS, GEOE_LS, GID_LS, GIDE_LS, HTA_LS, HTAE_LS, IBM_LS, IML_LS, IMLE_LS, INS_LS, INSE_LS, ISL_LS, ISLE_LS, JEF_LS, JEFE_LS, JEO_LS, JEOE_LS, KIM_LS, KIME_LS, KMM_LS, KMM_YD, KMME_LS, KOM_LS, KOME_LS, MAD_LS, MADE_LS, MAK_LS, MAK_YD, MAKE_LS, MAT_LS, MATE_LS, MET_LS, METE_LS, MTO_LS, MTOE_LS, PET_LS, PETE_LS, ROS_LS, ROSE_LS, SECE_LS, TEK_LS, TEKE_LS, TEL_LS, UCK_LS, UCK_YD, UZB_LS, UZB_YD, UZBE_LS, YZVE_LS",-,-
62,20133,FIZ 102EL,Physics II Laboratory,Physical (Face to face),Neşe Özdemir,FEB,Monday,13:30/15:29,--,30,30,-,"BIO_LS, BIOE_LS, BLG_LS, BLGE_LS, CEV_LS, CEVE_LS, CHZ_LS, CHZE_LS, DEN_LS, DENE_LS, EHB_LS, EHBE_LS, ELE_LS, ELH_LS, ELK_LS, ELKE_LS, END_LS, ENDE_LS, ENTE_LS, EUT_LS, EUTE_LS, FIZ_YD, GEM_LS, GEME_LS, GEO_LS, GEOE_LS, GID_LS, GIDE_LS, HTA_LS, HTAE_LS, IBM_LS, IML_LS, IMLE_LS, INS_LS, INSE_LS, ISL_LS, ISLE_LS, JEF_LS, JEFE_LS, JEO_LS, JEOE_LS, KIM_LS, KIME_LS, KMM_LS, KMM_YD, KMME_LS, KOM_LS, KOME_LS, MAD_LS, MADE_LS, MAK_LS, MAK_YD, MAKE_LS, MAT_LS, MATE_LS, MET_LS, METE_LS, MTO_LS, MTOE_LS, PET_LS, PETE_LS, ROS_LS, ROSE_LS, SECE_LS, TEK_LS, TEKE_LS, TEL_LS, UCK_LS, UCK_YD, UZB_LS, UZB_YD, UZBE_LS, YZVE_LS",-,-
63,20134,FIZ 102EL,Physics II Laboratory,Physical (Face to face),Oğuzhan Gürlü,FEB,Monday,13:30/15:29,--,30,29,-,"BIO_LS, BIOE_LS, BLG_LS, BLGE_LS, CEV_LS, CEVE_LS, CHZ_LS, CHZE_LS, DEN_LS, DENE_LS, EHB_LS, EHBE_LS, ELE_LS, ELH_LS, ELK_LS, ELKE_LS, END_LS, ENDE_LS, ENTE_LS, EUT_LS, EUTE_LS, FIZ_YD, GEM_LS, GEME_LS, GEO_LS, GEOE_LS, GID_LS, GIDE_LS, HTA_LS, HTAE_LS, IBM_LS, IML_LS, IMLE_LS, INS_LS, INSE_LS, ISL_LS, ISLE_LS, JEF_LS, JEFE_LS, JEO_LS, JEOE_LS, KIM_LS, KIME_LS, KMM_LS, KMM_YD, KMME_LS, KOM_LS, KOME_LS, MAD_LS, MADE_LS, MAK_LS, MAK_YD, MAKE_LS, MAT_LS, MATE_LS, MET_LS, METE_LS, MTO_LS, MTOE_LS, PET_LS, PETE_LS, ROS_LS, ROSE_LS, SECE_LS, TEK_LS, TEKE_LS, TEL_LS, UCK_LS, UCK_YD, UZB_LS, UZB_YD, UZBE_LS, YZVE_LS",-,-
64,20135,FIZ 102EL,Physics II Laboratory,Physical (Face to face),Sinem Şaşmaz,FEB,Monday,13:30/15:29,--,30,30,-,"BIO_LS, BIOE_LS, BLG_LS, BLGE_LS, CEV_LS, CEVE_LS, CHZ_LS, CHZE_LS, DEN_LS, DENE_LS, EHB_LS, EHBE_LS, ELE_LS, ELH_LS, ELK_LS, ELKE_LS, END_LS, ENDE_LS, ENTE_LS, EUT_LS, EUTE_LS, FIZ_YD, GEM_LS, GEME_LS, GEO_LS, GEOE_LS, GID_LS, GIDE_LS, HTA_LS, HTAE_LS, IBM_LS, IML_LS, IMLE_LS, INS_LS, INSE_LS, ISL_LS, ISLE_LS, JEF_LS, JEFE_LS, JEO_LS, JEOE_LS, KIM_LS, KIME_LS, KMM_LS, KMM_YD, KMME_LS, KOM_LS, KOME_LS, MAD_LS, MADE_LS, MAK_LS, MAK_YD, MAKE_LS, MAT_LS, MATE_LS, MET_LS, METE_LS, MTO_LS, MTOE_LS, PET_LS, PETE_LS, ROS_LS, ROSE_LS, SECE_LS, TEK_LS, TEKE_LS, TEL_LS, UCK_LS, UCK_YD, UZB_LS, UZB_YD, UZBE_LS, YZVE_LS",-,-
65,20136,FIZ 102EL,Physics II Laboratory,Physical (Face to face),Ahmet Altındal,FEB,Monday,15:30/17:29,--,30,30,-,"BIO_LS, BIOE_LS, BLG_LS, BLGE_LS, CEV_LS, CEVE_LS, CHZ_LS, CHZE_LS, DEN_LS, DENE_LS, EHB_LS, EHBE_LS, ELE_LS, ELH_LS, ELK_LS, ELKE_LS, END_LS, ENDE_LS, ENTE_LS, EUT_LS, EUTE_LS, FIZ_YD, GEM_LS, GEME_LS, GEO_LS, GEOE_LS, GID_LS, GIDE_LS, HTA_LS, HTAE_LS, IBM_LS, IML_LS, IMLE_LS, INS_LS, INSE_LS, ISL_LS, ISLE_LS, JEF_LS, JEFE_LS, JEO_LS, JEOE_LS, KIM_LS, KIME_LS, KMM_LS, KMM_YD, KMME_LS, KOM_LS, KOME_LS, MAD_LS, MADE_LS, MAK_LS, MAK_YD, MAKE_LS, MAT_LS, MATE_LS, MET_LS, METE_LS, MTO_LS, MTOE_LS, PET_LS, PETE_LS, ROS_LS, ROSE_LS, SECE_LS, TEK_LS, TEKE_LS, TEL_LS, UCK_LS, UCK_YD, UZB_LS, UZB_YD, UZBE_LS, YZVE_LS",-,-
66,20137,FIZ 102EL,Physics II Laboratory,Physical (Face to face),Ahmet Levent Subaşı,FEB,Monday,15:30/17:29,--,30,30,-,"BIO_LS, BIOE_LS, BLG_LS, BLGE_LS, CEV_LS, CEVE_LS, CHZ_LS, CHZE_LS, DEN_LS, DENE_LS, EHB_LS, EHBE_LS, ELE_LS, ELH_LS, ELK_LS, ELKE_LS, END_LS, ENDE_LS, ENTE_LS, EUT_LS, EUTE_LS, FIZ_YD, GEM_LS, GEME_LS, GEO_LS, GEOE_LS, GID_LS, GIDE_LS, HTA_LS, HTAE_LS, IBM_LS, IML_LS, IMLE_LS, INS_LS, INSE_LS, ISL_LS, ISLE_LS, JEF_LS, JEFE_LS, JEO_LS, JEOE_LS, KIM_LS, KIME_LS, KMM_LS, KMM_YD, KMME_LS, KOM_LS, KOME_LS, MAD_LS, MADE_LS, MAK_LS, MAK_YD, MAKE_LS, MAT_LS, MATE_LS, MET_LS, METE_LS, MTO_LS, MTOE_LS, PET_LS, PETE_LS, ROS_LS, ROSE_LS, SECE_LS, TEK_LS, TEKE_LS, TEL_LS, UCK_LS, UCK_YD, UZB_LS, UZB_YD, UZBE_LS, YZVE_LS",-,-
67,20138,FIZ 102EL,Physics II Laboratory,Physical (Face to face),Haluk Özbek,FEB,Monday,15:30/17:29,--,30,30,-,"BIO_LS, BIOE_LS, BLG_LS, BLGE_LS, CEV_LS, CEVE_LS, CHZ_LS, CHZE_LS, DEN_LS, DENE_LS, EHB_LS, EHBE_LS, ELE_LS, ELH_LS, ELK_LS, ELKE_LS, END_LS, ENDE_LS, ENTE_LS, EUT_LS, EUTE_LS, FIZ_YD, GEM_LS, GEME_LS, GEO_LS, GEOE_LS, GID_LS, GIDE_LS, HTA_LS, HTAE_LS, IBM_LS, IML_LS, IMLE_LS, INS_LS, INSE_LS, ISL_LS, ISLE_LS, JEF_LS, JEFE_LS, JEO_LS, JEOE_LS, KIM_LS, KIME_LS, KMM_LS, KMM_YD, KMME_LS, KOM_LS, KOME_LS, MAD_LS, MADE_LS, MAK_LS, MAK_YD, MAKE_LS, MAT_LS, MATE_LS, MET_LS, METE_LS, MTO_LS, MTOE_LS, PET_LS, PETE_LS, ROS_LS, ROSE_LS, SECE_LS, TEK_LS, TEKE_LS, TEL_LS, UCK_LS, UCK_YD, UZB_LS, UZB_YD, UZBE_LS, YZVE_LS",-,-
68,20139,FIZ 102EL,Physics II Laboratory,Physical (Face to face),Demet Aktaş,FEB,Monday,15:30/17:29,--,30,30,-,"BIO_LS, BIOE_LS, BLG_LS, BLGE_LS, CEV_LS, CEVE_LS, CHZ_LS, CHZE_LS, DEN_LS, DENE_LS, EHB_LS, EHBE_LS, ELE_LS, ELH_LS, ELK_LS, ELKE_LS, END_LS, ENDE_LS, ENTE_LS, EUT_LS, EUTE_LS, FIZ_YD, GEM_LS, GEME_LS, GEO_LS, GEOE_LS, GID_LS, GIDE_LS, HTA_LS, HTAE_LS, IBM_LS, IML_LS, IMLE_LS, INS_LS, INSE_LS, ISL_LS, ISLE_LS, JEF_LS, JEFE_LS, JEO_LS, JEOE_LS, KIM_LS, KIME_LS, KMM_LS, KMM_YD, KMME_LS, KOM_LS, KOME_LS, MAD_LS, MADE_LS, MAK_LS, MAK_YD, MAKE_LS, MAT_LS, MATE_LS, MET_LS, METE_LS, MTO_LS, MTOE_LS, PET_LS, PETE_LS, ROS_LS, ROSE_LS, SECE_LS, TEK_LS, TEKE_LS, TEL_LS, UCK_LS, UCK_YD, UZB_LS, UZB_YD, UZBE_LS, YZVE_LS",-,-
69,20140,FIZ 102EL,Physics II Laboratory,Physical (Face to face),Yakup Hundur,FEB,Monday,15:30/17:29,--,30,30,-,"BIO_LS, BIOE_LS, BLG_LS, BLGE_LS, CEV_LS, CEVE_LS, CHZ_LS, CHZE_LS, DEN_LS, DENE_LS, EHB_LS, EHBE_LS, ELE_LS, ELH_LS, ELK_LS, ELKE_LS, END_LS, ENDE_LS, ENTE_LS, EUT_LS, EUTE_LS, FIZ_YD, GEM_LS, GEME_LS, GEO_LS, GEOE_LS, GID_LS, GIDE_LS, HTA_LS, HTAE_LS, IBM_LS, IML_LS, IMLE_LS, INS_LS, INSE_LS, ISL_LS, ISLE_LS, JEF_LS, JEFE_LS, JEO_LS, JEOE_LS, KIM_LS, KIME_LS, KMM_LS, KMM_YD, KMME_LS, KOM_LS, KOME_LS, MAD_LS, MADE_LS, MAK_LS, MAK_YD, MAKE_LS, MAT_LS, MATE_LS, MET_LS, METE_LS, MTO_LS, MTOE_LS, PET_LS, PETE_LS, ROS_LS, ROSE_LS, SECE_LS, TEK_LS, TEKE_LS, TEL_LS, UCK_LS, UCK_YD, UZB_LS, UZB_YD, UZBE_LS, YZVE_LS",-,-
70,20141,FIZ 102EL,Physics II Laboratory,Physical (Face to face),Sinem Şaşmaz,FEB,Monday,15:30/17:29,--,30,30,-,"BIO_LS, BIOE_LS, BLG_LS, BLGE_LS, CEV_LS, CEVE_LS, CHZ_LS, CHZE_LS, DEN_LS, DENE_LS, EHB_LS, EHBE_LS, ELE_LS, ELH_LS, ELK_LS, ELKE_LS, END_LS, ENDE_LS, ENTE_LS, EUT_LS, EUTE_LS, FIZ_YD, GEM_LS, GEME_LS, GEO_LS, GEOE_LS, GID_LS, GIDE_LS, HTA_LS, HTAE_LS, IBM_LS, IML_LS, IMLE_LS, INS_LS, INSE_LS, ISL_LS, ISLE_LS, JEF_LS, JEFE_LS, JEO_LS, JEOE_LS, KIM_LS, KIME_LS, KMM_LS, KMM_YD, KMME_LS, KOM_LS, KOME_LS, MAD_LS, MADE_LS, MAK_LS, MAK_YD, MAKE_LS, MAT_LS, MATE_LS, MET_LS, METE_LS, MTO_LS, MTOE_LS, PET_LS, PETE_LS, ROS_LS, ROSE_LS, SECE_LS, TEK_LS, TEKE_LS, TEL_LS, UCK_LS, UCK_YD, UZB_LS, UZB_YD, UZBE_LS, YZVE_LS",-,-
71,20142,FIZ 102EL,Physics II Laboratory,Physical (Face to face),Cem Özgür Servantie,FEB,Monday,15:30/17:29,--,30,28,-,"CEN_LS, EEE_LS, IND_LS, MEN_LS, MTM_LS, NAE_LS",-,-
72,20143,FIZ 102EL,Physics II Laboratory,Physical (Face to face),Emre Onur Kahya,FEB,Tuesday,09:30/11:29,--,30,30,-,"BIO_LS, BIOE_LS, BLG_LS, BLGE_LS, CEV_LS, CEVE_LS, CHZ_LS, CHZE_LS, DEN_LS, DENE_LS, EHB_LS, EHBE_LS, ELE_LS, ELH_LS, ELK_LS, ELKE_LS, END_LS, ENDE_LS, ENTE_LS, EUT_LS, EUTE_LS, FIZ_YD, GEM_LS, GEME_LS, GEO_LS, GEOE_LS, GID_LS, GIDE_LS, HTA_LS, HTAE_LS, IBM_LS, IML_LS, IMLE_LS, INS_LS, INSE_LS, ISL_LS, ISLE_LS, JEF_LS, JEFE_LS, JEO_LS, JEOE_LS, KIM_LS, KIME_LS, KMM_LS, KMM_YD, KMME_LS, KOM_LS, KOME_LS, MAD_LS, MADE_LS, MAK_LS, MAK_YD, MAKE_LS, MAT_LS, MATE_LS, MET_LS, METE_LS, MTO_LS, MTOE_LS, PET_LS, PETE_LS, ROS_LS, ROSE_LS, SECE_LS, TEK_LS, TEKE_LS, TEL_LS, UCK_LS, UCK_YD, UZB_LS, UZB_YD, UZBE_LS, YZVE_LS",-,-
73,20144,FIZ 102EL,Physics II Laboratory,Physical (Face to face),Mehmet Murat Sunar,FEB,Tuesday,09:30/11:29,--,30,30,-,"BIO_LS, BIOE_LS, BLG_LS, BLGE_LS, CEV_LS, CEVE_LS, CHZ_LS, CHZE_LS, DEN_LS, DENE_LS, EHB_LS, EHBE_LS, ELE_LS, ELH_LS, ELK_LS, ELKE_LS, END_LS, ENDE_LS, ENTE_LS, EUT_LS, EUTE_LS, FIZ_YD, GEM_LS, GEME_LS, GEO_LS, GEOE_LS, GID_LS, GIDE_LS, HTA_LS, HTAE_LS, IBM_LS, IML_LS, IMLE_LS, INS_LS, INSE_LS, ISL_LS, ISLE_LS, JEF_LS, JEFE_LS, JEO_LS, JEOE_LS, KIM_LS, KIME_LS, KMM_LS, KMM_YD, KMME_LS, KOM_LS, KOME_LS, MAD_LS, MADE_LS, MAK_LS, MAK_YD, MAKE_LS, MAT_LS, MATE_LS, MET_LS, METE_LS, MTO_LS, MTOE_LS, PET_LS, PETE_LS, ROS_LS, ROSE_LS, SECE_LS, TEK_LS, TEKE_LS, TEL_LS, UCK_LS, UCK_YD, UZB_LS, UZB_YD, UZBE_LS, YZVE_LS",-,-
74,20145,FIZ 102EL,Physics II Laboratory,Physical (Face to face),Sevtap Yıldız Özbek,FEB,Tuesday,09:30/11:29,--,30,30,-,"BIO_LS, BIOE_LS, BLG_LS, BLGE_LS, CEV_LS, CEVE_LS, CHZ_LS, CHZE_LS, DEN_LS, DENE_LS, EHB_LS, EHBE_LS, ELE_LS, ELH_LS, ELK_LS, ELKE_LS, END_LS, ENDE_LS, ENTE_LS, EUT_LS, EUTE_LS, FIZ_YD, GEM_LS, GEME_LS, GEO_LS, GEOE_LS, GID_LS, GIDE_LS, HTA_LS, HTAE_LS, IBM_LS, IML_LS, IMLE_LS, INS_LS, INSE_LS, ISL_LS, ISLE_LS, JEF_LS, JEFE_LS, JEO_LS, JEOE_LS, KIM_LS, KIME_LS, KMM_LS, KMM_YD, KMME_LS, KOM_LS, KOME_LS, MAD_LS, MADE_LS, MAK_LS, MAK_YD, MAKE_LS, MAT_LS, MATE_LS, MET_LS, METE_LS, MTO_LS, MTOE_LS, PET_LS, PETE_LS, ROS_LS, ROSE_LS, SECE_LS, TEK_LS, TEKE_LS, TEL_LS, UCK_LS, UCK_YD, UZB_LS, UZB_YD, UZBE_LS, YZVE_LS",-,-
75,20146,FIZ 102EL,Physics II Laboratory,Physical (Face to face),Cenap Şahabettin Özben,FEB,Tuesday,09:30/11:29,--,30,29,-,"BIO_LS, BIOE_LS, BLG_LS, BLGE_LS, CEV_LS, CEVE_LS, CHZ_LS, CHZE_LS, DEN_LS, DENE_LS, EHB_LS, EHBE_LS, ELE_LS, ELH_LS, ELK_LS, ELKE_LS, END_LS, ENDE_LS, ENTE_LS, EUT_LS, EUTE_LS, FIZ_YD, GEM_LS, GEME_LS, GEO_LS, GEOE_LS, GID_LS, GIDE_LS, HTA_LS, HTAE_LS, IBM_LS, IML_LS, IMLE_LS, INS_LS, INSE_LS, ISL_LS, ISLE_LS, JEF_LS, JEFE_LS, JEO_LS, JEOE_LS, KIM_LS, KIME_LS, KMM_LS, KMM_YD, KMME_LS, KOM_LS, KOME_LS, MAD_LS, MADE_LS, MAK_LS, MAK_YD, MAKE_LS, MAT_LS, MATE_LS, MET_LS, METE_LS, MTO_LS, MTOE_LS, PET_LS, PETE_LS, ROS_LS, ROSE_LS, SECE_LS, TEK_LS, TEKE_LS, TEL_LS, UCK_LS, UCK_YD, UZB_LS, UZB_YD, UZBE_LS, YZVE_LS",-,-
76,20147,FIZ 102EL,Physics II Laboratory,Physical (Face to face),Yaşar Yılmaz,FEB,Tuesday,09:30/11:29,--,30,29,-,"BIO_LS, BIOE_LS, BLG_LS, BLGE_LS, CEV_LS, CEVE_LS, CHZ_LS, CHZE_LS, DEN_LS, DENE_LS, EHB_LS, EHBE_LS, ELE_LS, ELH_LS, ELK_LS, ELKE_LS, END_LS, ENDE_LS, ENTE_LS, EUT_LS, EUTE_LS, FIZ_YD, GEM_LS, GEME_LS, GEO_LS, GEOE_LS, GID_LS, GIDE_LS, HTA_LS, HTAE_LS, IBM_LS, IML_LS, IMLE_LS, INS_LS, INSE_LS, ISL_LS, ISLE_LS, JEF_LS, JEFE_LS, JEO_LS, JEOE_LS, KIM_LS, KIME_LS, KMM_LS, KMM_YD, KMME_LS, KOM_LS, KOME_LS, MAD_LS, MADE_LS, MAK_LS, MAK_YD, MAKE_LS, MAT_LS, MATE_LS, MET_LS, METE_LS, MTO_LS, MTOE_LS, PET_LS, PETE_LS, ROS_LS, ROSE_LS, SECE_LS, TEK_LS, TEKE_LS, TEL_LS, UCK_LS, UCK_YD, UZB_LS, UZB_YD, UZBE_LS, YZVE_LS",-,-
77,20148,FIZ 102EL,Physics II Laboratory,Physical (Face to face),Haluk Özbek,FEB,Tuesday,09:30/11:29,--,30,29,-,"BIO_LS, BIOE_LS, BLG_LS, BLGE_LS, CEV_LS, CEVE_LS, CHZ_LS, CHZE_LS, DEN_LS, DENE_LS, EHB_LS, EHBE_LS, ELE_LS, ELH_LS, ELK_LS, ELKE_LS, END_LS, ENDE_LS, ENTE_LS, EUT_LS, EUTE_LS, FIZ_YD, GEM_LS, GEME_LS, GEO_LS, GEOE_LS, GID_LS, GIDE_LS, HTA_LS, HTAE_LS, IBM_LS, IML_LS, IMLE_LS, INS_LS, INSE_LS, ISL_LS, ISLE_LS, JEF_LS, JEFE_LS, JEO_LS, JEOE_LS, KIM_LS, KIME_LS, KMM_LS, KMM_YD, KMME_LS, KOM_LS, KOME_LS, MAD_LS, MADE_LS, MAK_LS, MAK_YD, MAKE_LS, MAT_LS, MATE_LS, MET_LS, METE_LS, MTO_LS, MTOE_LS, PET_LS, PETE_LS, ROS_LS, ROSE_LS, SECE_LS, TEK_LS, TEKE_LS, TEL_LS, UCK_LS, UCK_YD, UZB_LS, UZB_YD, UZBE_LS, YZVE_LS",-,-
78,20149,FIZ 102EL,Physics II Laboratory,Physical (Face to face),Vakıf Kemal Önemli,FEB,Tuesday,09:30/11:29,--,30,30,-,"BIO_LS, BIOE_LS, BLG_LS, BLGE_LS, CEV_LS, CEVE_LS, CHZ_LS, CHZE_LS, DEN_LS, DENE_LS, EHB_LS, EHBE_LS, ELE_LS, ELH_LS, ELK_LS, ELKE_LS, END_LS, ENDE_LS, ENTE_LS, EUT_LS, EUTE_LS, FIZ_YD, GEM_LS, GEME_LS, GEO_LS, GEOE_LS, GID_LS, GIDE_LS, HTA_LS, HTAE_LS, IBM_LS, IML_LS, IMLE_LS, INS_LS, INSE_LS, ISL_LS, ISLE_LS, JEF_LS, JEFE_LS, JEO_LS, JEOE_LS, KIM_LS, KIME_LS, KMM_LS, KMM_YD, KMME_LS, KOM_LS, KOME_LS, MAD_LS, MADE_LS, MAK_LS, MAK_YD, MAKE_LS, MAT_LS, MATE_LS, MET_LS, METE_LS, MTO_LS, MTOE_LS, PET_LS, PETE_LS, ROS_LS, ROSE_LS, SECE_LS, TEK_LS, TEKE_LS, TEL_LS, UCK_LS, UCK_YD, UZB_LS, UZB_YD, UZBE_LS, YZVE_LS",-,-
79,20150,FIZ 102EL,Physics II Laboratory,Physical (Face to face),Ahmet Altındal,FEB,Tuesday,15:30/17:29,--,30,30,-,"BIO_LS, BIOE_LS, BLG_LS, BLGE_LS, CEV_LS, CEVE_LS, CHZ_LS, CHZE_LS, DEN_LS, DENE_LS, EHB_LS, EHBE_LS, ELE_LS, ELH_LS, ELK_LS, ELKE_LS, END_LS, ENDE_LS, ENTE_LS, EUT_LS, EUTE_LS, FIZ_YD, GEM_LS, GEME_LS, GEO_LS, GEOE_LS, GID_LS, GIDE_LS, HTA_LS, HTAE_LS, IBM_LS, IML_LS, IMLE_LS, INS_LS, INSE_LS, ISL_LS, ISLE_LS, JEF_LS, JEFE_LS, JEO_LS, JEOE_LS, KIM_LS, KIME_LS, KMM_LS, KMM_YD, KMME_LS, KOM_LS, KOME_LS, MAD_LS, MADE_LS, MAK_LS, MAK_YD, MAKE_LS, MAT_LS, MATE_LS, MET_LS, METE_LS, MTO_LS, MTOE_LS, PET_LS, PETE_LS, ROS_LS, ROSE_LS, SECE_LS, TEK_LS, TEKE_LS, TEL_LS, UCK_LS, UCK_YD, UZB_LS, UZB_YD, UZBE_LS, YZVE_LS",-,-
80,20151,FIZ 102EL,Physics II Laboratory,Physical (Face to face),Gönül Eryürek,FEB,Tuesday,11:30/13:29,--,30,30,-,"BIO_LS, BIOE_LS, BLG_LS, BLGE_LS, CEV_LS, CEVE_LS, CHZ_LS, CHZE_LS, DEN_LS, DENE_LS, EHB_LS, EHBE_LS, ELE_LS, ELH_LS, ELK_LS, ELKE_LS, END_LS, ENDE_LS, ENTE_LS, EUT_LS, EUTE_LS, FIZ_YD, GEM_LS, GEME_LS, GEO_LS, GEOE_LS, GID_LS, GIDE_LS, HTA_LS, HTAE_LS, IBM_LS, IML_LS, IMLE_LS, INS_LS, INSE_LS, ISL_LS, ISLE_LS, JEF_LS, JEFE_LS, JEO_LS, JEOE_LS, KIM_LS, KIME_LS, KMM_LS, KMM_YD, KMME_LS, KOM_LS, KOME_LS, MAD_LS, MADE_LS, MAK_LS, MAK_YD, MAKE_LS, MAT_LS, MATE_LS, MET_LS, METE_LS, MTO_LS, MTOE_LS, PET_LS, PETE_LS, ROS_LS, ROSE_LS, SECE_LS, TEK_LS, TEKE_LS, TEL_LS, UCK_LS, UCK_YD, UZB_LS, UZB_YD, UZBE_LS, YZVE_LS",-,-
81,20152,FIZ 102EL,Physics II Laboratory,Physical (Face to face),Sevtap Yıldız Özbek,FEB,Tuesday,11:30/13:29,--,30,30,-,"BIO_LS, BIOE_LS, BLG_LS, BLGE_LS, CEV_LS, CEVE_LS, CHZ_LS, CHZE_LS, DEN_LS, DENE_LS, EHB_LS, EHBE_LS, ELE_LS, ELH_LS, ELK_LS, ELKE_LS, END_LS, ENDE_LS, ENTE_LS, EUT_LS, EUTE_LS, FIZ_YD, GEM_LS, GEME_LS, GEO_LS, GEOE_LS, GID_LS, GIDE_LS, HTA_LS, HTAE_LS, IBM_LS, IML_LS, IMLE_LS, INS_LS, INSE_LS, ISL_LS, ISLE_LS, JEF_LS, JEFE_LS, JEO_LS, JEOE_LS, KIM_LS, KIME_LS, KMM_LS, KMM_YD, KMME_LS, KOM_LS, KOME_LS, MAD_LS, MADE_LS, MAK_LS, MAK_YD, MAKE_LS, MAT_LS, MATE_LS, MET_LS, METE_LS, MTO_LS, MTOE_LS, PET_LS, PETE_LS, ROS_LS, ROSE_LS, SECE_LS, TEK_LS, TEKE_LS, TEL_LS, UCK_LS, UCK_YD, UZB_LS, UZB_YD, UZBE_LS, YZVE_LS",-,-
82,20153,FIZ 102EL,Physics II Laboratory,Physical (Face to face),Yağız Morova,FEB,Tuesday,11:30/13:29,--,30,30,-,"BIO_LS, BIOE_LS, BLG_LS, BLGE_LS, CEV_LS, CEVE_LS, CHZ_LS, CHZE_LS, DEN_LS, DENE_LS, EHB_LS, EHBE_LS, ELE_LS, ELH_LS, ELK_LS, ELKE_LS, END_LS, ENDE_LS, ENTE_LS, EUT_LS, EUTE_LS, FIZ_YD, GEM_LS, GEME_LS, GEO_LS, GEOE_LS, GID_LS, GIDE_LS, HTA_LS, HTAE_LS, IBM_LS, IML_LS, IMLE_LS, INS_LS, INSE_LS, ISL_LS, ISLE_LS, JEF_LS, JEFE_LS, JEO_LS, JEOE_LS, KIM_LS, KIME_LS, KMM_LS, KMM_YD, KMME_LS, KOM_LS, KOME_LS, MAD_LS, MADE_LS, MAK_LS, MAK_YD, MAKE_LS, MAT_LS, MATE_LS, MET_LS, METE_LS, MTO_LS, MTOE_LS, PET_LS, PETE_LS, ROS_LS, ROSE_LS, SECE_LS, TEK_LS, TEKE_LS, TEL_LS, UCK_LS, UCK_YD, UZB_LS, UZB_YD, UZBE_LS, YZVE_LS",-,-
83,20154,FIZ 102EL,Physics II Laboratory,Physical (Face to face),Sevda Şahinbay,FEB,Tuesday,11:30/13:29,--,30,29,-,"BIO_LS, BIOE_LS, BLG_LS, BLGE_LS, CEV_LS, CEVE_LS, CHZ_LS, CHZE_LS, DEN_LS, DENE_LS, EHB_LS, EHBE_LS, ELE_LS, ELH_LS, ELK_LS, ELKE_LS, END_LS, ENDE_LS, ENTE_LS, EUT_LS, EUTE_LS, FIZ_YD, GEM_LS, GEME_LS, GEO_LS, GEOE_LS, GID_LS, GIDE_LS, HTA_LS, HTAE_LS, IBM_LS, IML_LS, IMLE_LS, INS_LS, INSE_LS, ISL_LS, ISLE_LS, JEF_LS, JEFE_LS, JEO_LS, JEOE_LS, KIM_LS, KIME_LS, KMM_LS, KMM_YD, KMME_LS, KOM_LS, KOME_LS, MAD_LS, MADE_LS, MAK_LS, MAK_YD, MAKE_LS, MAT_LS, MATE_LS, MET_LS, METE_LS, MTO_LS, MTOE_LS, PET_LS, PETE_LS, ROS_LS, ROSE_LS, SECE_LS, TEK_LS, TEKE_LS, TEL_LS, UCK_LS, UCK_YD, UZB_LS, UZB_YD, UZBE_LS, YZVE_LS",-,-
84,20155,FIZ 102EL,Physics II Laboratory,Physical (Face to face),Neşe Özdemir,FEB,Tuesday,11:30/13:29,--,30,30,-,"BIO_LS, BIOE_LS, BLG_LS, BLGE_LS, CEV_LS, CEVE_LS, CHZ_LS, CHZE_LS, DEN_LS, DENE_LS, EHB_LS, EHBE_LS, ELE_LS, ELH_LS, ELK_LS, ELKE_LS, END_LS, ENDE_LS, ENTE_LS, EUT_LS, EUTE_LS, FIZ_YD, GEM_LS, GEME_LS, GEO_LS, GEOE_LS, GID_LS, GIDE_LS, HTA_LS, HTAE_LS, IBM_LS, IML_LS, IMLE_LS, INS_LS, INSE_LS, ISL_LS, ISLE_LS, JEF_LS, JEFE_LS, JEO_LS, JEOE_LS, KIM_LS, KIME_LS, KMM_LS, KMM_YD, KMME_LS, KOM_LS, KOME_LS, MAD_LS, MADE_LS, MAK_LS, MAK_YD, MAKE_LS, MAT_LS, MATE_LS, MET_LS, METE_LS, MTO_LS, MTOE_LS, PET_LS, PETE_LS, ROS_LS, ROSE_LS, SECE_LS, TEK_LS, TEKE_LS, TEL_LS, UCK_LS, UCK_YD, UZB_LS, UZB_YD, UZBE_LS, YZVE_LS",-,-
85,20156,FIZ 102EL,Physics II Laboratory,Physical (Face to face),Emre Onur Kahya,FEB,Tuesday,11:30/13:29,--,20,20,-,"BIO_LS, BIOE_LS, BLG_LS, BLGE_LS, CEV_LS, CEVE_LS, CHZ_LS, CHZE_LS, DEN_LS, DENE_LS, EHB_LS, EHBE_LS, ELE_LS, ELH_LS, ELK_LS, ELKE_LS, END_LS, ENDE_LS, ENTE_LS, EUT_LS, EUTE_LS, FIZ_YD, GEM_LS, GEME_LS, GEO_LS, GEOE_LS, GID_LS, GIDE_LS, HTA_LS, HTAE_LS, IBM_LS, IML_LS, IMLE_LS, INS_LS, INSE_LS, ISL_LS, ISLE_LS, JEF_LS, JEFE_LS, JEO_LS, JEOE_LS, KIM_LS, KIME_LS, KMM_LS, KMM_YD, KMME_LS, KOM_LS, KOME_LS, MAD_LS, MADE_LS, MAK_LS, MAK_YD, MAKE_LS, MAT_LS, MATE_LS, MET_LS, METE_LS, MTO_LS, MTOE_LS, PET_LS, PETE_LS, ROS_LS, ROSE_LS, SECE_LS, TEK_LS, TEKE_LS, TEL_LS, UCK_LS, UCK_YD, UZB_LS, UZB_YD, UZBE_LS, YZVE_LS",-,-
86,20157,FIZ 102EL,Physics II Laboratory,Physical (Face to face),Yakup Hundur,FEB,Tuesday,11:30/13:29,--,20,20,-,"BIO_LS, BIOE_LS, BLG_LS, BLGE_LS, CEV_LS, CEVE_LS, CHZ_LS, CHZE_LS, DEN_LS, DENE_LS, EHB_LS, EHBE_LS, ELE_LS, ELH_LS, ELK_LS, ELKE_LS, END_LS, ENDE_LS, ENTE_LS, EUT_LS, EUTE_LS, FIZ_YD, GEM_LS, GEME_LS, GEO_LS, GEOE_LS, GID_LS, GIDE_LS, HTA_LS, HTAE_LS, IBM_LS, IML_LS, IMLE_LS, INS_LS, INSE_LS, ISL_LS, ISLE_LS, JEF_LS, JEFE_LS, JEO_LS, JEOE_LS, KIM_LS, KIME_LS, KMM_LS, KMM_YD, KMME_LS, KOM_LS, KOME_LS, MAD_LS, MADE_LS, MAK_LS, MAK_YD, MAKE_LS, MAT_LS, MATE_LS, MET_LS, METE_LS, MTO_LS, MTOE_LS, PET_LS, PETE_LS, ROS_LS, ROSE_LS, SECE_LS, TEK_LS, TEKE_LS, TEL_LS, UCK_LS, UCK_YD, UZB_LS, UZB_YD, UZBE_LS, YZVE_LS",-,-
87,20158,FIZ 102EL,Physics II Laboratory,Physical (Face to face),Vakıf Kemal Önemli,FEB,Tuesday,11:30/13:29,--,20,20,-,"BIO_LS, BIOE_LS, BLG_LS, BLGE_LS, CEV_LS, CEVE_LS, CHZ_LS, CHZE_LS, DEN_LS, DENE_LS, EHB_LS, EHBE_LS, ELE_LS, ELH_LS, ELK_LS, ELKE_LS, END_LS, ENDE_LS, ENTE_LS, EUT_LS, EUTE_LS, FIZ_YD, GEM_LS, GEME_LS, GEO_LS, GEOE_LS, GID_LS, GIDE_LS, HTA_LS, HTAE_LS, IBM_LS, IML_LS, IMLE_LS, INS_LS, INSE_LS, ISL_LS, ISLE_LS, JEF_LS, JEFE_LS, JEO_LS, JEOE_LS, KIM_LS, KIME_LS, KMM_LS, KMM_YD, KMME_LS, KOM_LS, KOME_LS, MAD_LS, MADE_LS, MAK_LS, MAK_YD, MAKE_LS, MAT_LS, MATE_LS, MET_LS, METE_LS, MTO_LS, MTOE_LS, PET_LS, PETE_LS, ROS_LS, ROSE_LS, SECE_LS, TEK_LS, TEKE_LS, TEL_LS, UCK_LS, UCK_YD, UZB_LS, UZB_YD, UZBE_LS, YZVE_LS",-,-
88,20159,FIZ 102EL,Physics II Laboratory,Physical (Face to face),Abdurrahman Savaş Arapoğlu,FEB,Tuesday,13:30/15:29,--,30,30,-,"BIO_LS, BIOE_LS, BLG_LS, BLGE_LS, CEV_LS, CEVE_LS, CHZ_LS, CHZE_LS, DEN_LS, DENE_LS, EHB_LS, EHBE_LS, ELE_LS, ELH_LS, ELK_LS, ELKE_LS, END_LS, ENDE_LS, ENTE_LS, EUT_LS, EUTE_LS, FIZ_YD, GEM_LS, GEME_LS, GEO_LS, GEOE_LS, GID_LS, GIDE_LS, HTA_LS, HTAE_LS, IBM_LS, IML_LS, IMLE_LS, INS_LS, INSE_LS, ISL_LS, ISLE_LS, JEF_LS, JEFE_LS, JEO_LS, JEOE_LS, KIM_LS, KIME_LS, KMM_LS, KMM_YD, KMME_LS, KOM_LS, KOME_LS, MAD_LS, MADE_LS, MAK_LS, MAK_YD, MAKE_LS, MAT_LS, MATE_LS, MET_LS, METE_LS, MTO_LS, MTOE_LS, PET_LS, PETE_LS, ROS_LS, ROSE_LS, SECE_LS, TEK_LS, TEKE_LS, TEL_LS, UCK_LS, UCK_YD, UZB_LS, UZB_YD, UZBE_LS, YZVE_LS",-,-
89,20160,FIZ 102EL,Physics II Laboratory,Physical (Face to face),Ali Yıldız,FEB,Tuesday,13:30/15:29,--,30,30,-,"BIO_LS, BIOE_LS, BLG_LS, BLGE_LS, CEV_LS, CEVE_LS, CHZ_LS, CHZE_LS, DEN_LS, DENE_LS, EHB_LS, EHBE_LS, ELE_LS, ELH_LS, ELK_LS, ELKE_LS, END_LS, ENDE_LS, ENTE_LS, EUT_LS, EUTE_LS, FIZ_YD, GEM_LS, GEME_LS, GEO_LS, GEOE_LS, GID_LS, GIDE_LS, HTA_LS, HTAE_LS, IBM_LS, IML_LS, IMLE_LS, INS_LS, INSE_LS, ISL_LS, ISLE_LS, JEF_LS, JEFE_LS, JEO_LS, JEOE_LS, KIM_LS, KIME_LS, KMM_LS, KMM_YD, KMME_LS, KOM_LS, KOME_LS, MAD_LS, MADE_LS, MAK_LS, MAK_YD, MAKE_LS, MAT_LS, MATE_LS, MET_LS, METE_LS, MTO_LS, MTOE_LS, PET_LS, PETE_LS, ROS_LS, ROSE_LS, SECE_LS, TEK_LS, TEKE_LS, TEL_LS, UCK_LS, UCK_YD, UZB_LS, UZB_YD, UZBE_LS, YZVE_LS",-,-
90,20161,FIZ 102EL,Physics II Laboratory,Physical (Face to face),Neşe Özdemir,FEB,Tuesday,13:30/15:29,--,30,30,-,"BIO_LS, BIOE_LS, BLG_LS, BLGE_LS, CEV_LS, CEVE_LS, CHZ_LS, CHZE_LS, DEN_LS, DENE_LS, EHB_LS, EHBE_LS, ELE_LS, ELH_LS, ELK_LS, ELKE_LS, END_LS, ENDE_LS, ENTE_LS, EUT_LS, EUTE_LS, FIZ_YD, GEM_LS, GEME_LS, GEO_LS, GEOE_LS, GID_LS, GIDE_LS, HTA_LS, HTAE_LS, IBM_LS, IML_LS, IMLE_LS, INS_LS, INSE_LS, ISL_LS, ISLE_LS, JEF_LS, JEFE_LS, JEO_LS, JEOE_LS, KIM_LS, KIME_LS, KMM_LS, KMM_YD, KMME_LS, KOM_LS, KOME_LS, MAD_LS, MADE_LS, MAK_LS, MAK_YD, MAKE_LS, MAT_LS, MATE_LS, MET_LS, METE_LS, MTO_LS, MTOE_LS, PET_LS, PETE_LS, ROS_LS, ROSE_LS, SECE_LS, TEK_LS, TEKE_LS, TEL_LS, UCK_LS, UCK_YD, UZB_LS, UZB_YD, UZBE_LS, YZVE_LS",-,-
91,20162,FIZ 102EL,Physics II Laboratory,Physical (Face to face),Cem Özgür Servantie,FEB,Tuesday,13:30/15:29,--,30,30,-,"BIO_LS, BIOE_LS, BLG_LS, BLGE_LS, CEV_LS, CEVE_LS, CHZ_LS, CHZE_LS, DEN_LS, DENE_LS, EHB_LS, EHBE_LS, ELE_LS, ELH_LS, ELK_LS, ELKE_LS, END_LS, ENDE_LS, ENTE_LS, EUT_LS, EUTE_LS, FIZ_YD, GEM_LS, GEME_LS, GEO_LS, GEOE_LS, GID_LS, GIDE_LS, HTA_LS, HTAE_LS, IBM_LS, IML_LS, IMLE_LS, INS_LS, INSE_LS, ISL_LS, ISLE_LS, JEF_LS, JEFE_LS, JEO_LS, JEOE_LS, KIM_LS, KIME_LS, KMM_LS, KMM_YD, KMME_LS, KOM_LS, KOME_LS, MAD_LS, MADE_LS, MAK_LS, MAK_YD, MAKE_LS, MAT_LS, MATE_LS, MET_LS, METE_LS, MTO_LS, MTOE_LS, PET_LS, PETE_LS, ROS_LS, ROSE_LS, SECE_LS, TEK_LS, TEKE_LS, TEL_LS, UCK_LS, UCK_YD, UZB_LS, UZB_YD, UZBE_LS, YZVE_LS",-,-
92,20163,FIZ 102EL,Physics II Laboratory,Physical (Face to face),Hakkı Tunçay Özer,FEB,Tuesday,13:30/15:29,--,30,30,-,"BIO_LS, BIOE_LS, BLG_LS, BLGE_LS, CEV_LS, CEVE_LS, CHZ_LS, CHZE_LS, DEN_LS, DENE_LS, EHB_LS, EHBE_LS, ELE_LS, ELH_LS, ELK_LS, ELKE_LS, END_LS, ENDE_LS, ENTE_LS, EUT_LS, EUTE_LS, FIZ_YD, GEM_LS, GEME_LS, GEO_LS, GEOE_LS, GID_LS, GIDE_LS, HTA_LS, HTAE_LS, IBM_LS, IML_LS, IMLE_LS, INS_LS, INSE_LS, ISL_LS, ISLE_LS, JEF_LS, JEFE_LS, JEO_LS, JEOE_LS, KIM_LS, KIME_LS, KMM_LS, KMM_YD, KMME_LS, KOM_LS, KOME_LS, MAD_LS, MADE_LS, MAK_LS, MAK_YD, MAKE_LS, MAT_LS, MATE_LS, MET_LS, METE_LS, MTO_LS, MTOE_LS, PET_LS, PETE_LS, ROS_LS, ROSE_LS, SECE_LS, TEK_LS, TEKE_LS, TEL_LS, UCK_LS, UCK_YD, UZB_LS, UZB_YD, UZBE_LS, YZVE_LS",-,-
93,20164,FIZ 102EL,Physics II Laboratory,Physical (Face to face),Tolga Birkandan,FEB,Tuesday,13:30/15:29,--,30,30,-,"BIO_LS, BIOE_LS, BLG_LS, BLGE_LS, CEV_LS, CEVE_LS, CHZ_LS, CHZE_LS, DEN_LS, DENE_LS, EHB_LS, EHBE_LS, ELE_LS, ELH_LS, ELK_LS, ELKE_LS, END_LS, ENDE_LS, ENTE_LS, EUT_LS, EUTE_LS, FIZ_YD, GEM_LS, GEME_LS, GEO_LS, GEOE_LS, GID_LS, GIDE_LS, HTA_LS, HTAE_LS, IBM_LS, IML_LS, IMLE_LS, INS_LS, INSE_LS, ISL_LS, ISLE_LS, JEF_LS, JEFE_LS, JEO_LS, JEOE_LS, KIM_LS, KIME_LS, KMM_LS, KMM_YD, KMME_LS, KOM_LS, KOME_LS, MAD_LS, MADE_LS, MAK_LS, MAK_YD, MAKE_LS, MAT_LS, MATE_LS, MET_LS, METE_LS, MTO_LS, MTOE_LS, PET_LS, PETE_LS, ROS_LS, ROSE_LS, SECE_LS, TEK_LS, TEKE_LS, TEL_LS, UCK_LS, UCK_YD, UZB_LS, UZB_YD, UZBE_LS, YZVE_LS",-,-
94,20165,FIZ 102EL,Physics II Laboratory,Physical (Face to face),Meltem Güngörmez,FEB,Tuesday,13:30/15:29,--,30,30,-,"BIO_LS, BIOE_LS, BLG_LS, BLGE_LS, CEV_LS, CEVE_LS, CHZ_LS, CHZE_LS, DEN_LS, DENE_LS, EHB_LS, EHBE_LS, ELE_LS, ELH_LS, ELK_LS, ELKE_LS, END_LS, ENDE_LS, ENTE_LS, EUT_LS, EUTE_LS, FIZ_YD, GEM_LS, GEME_LS, GEO_LS, GEOE_LS, GID_LS, GIDE_LS, HTA_LS, HTAE_LS, IBM_LS, IML_LS, IMLE_LS, INS_LS, INSE_LS, ISL_LS, ISLE_LS, JEF_LS, JEFE_LS, JEO_LS, JEOE_LS, KIM_LS, KIME_LS, KMM_LS, KMM_YD, KMME_LS, KOM_LS, KOME_LS, MAD_LS, MADE_LS, MAK_LS, MAK_YD, MAKE_LS, MAT_LS, MATE_LS, MET_LS, METE_LS, MTO_LS, MTOE_LS, PET_LS, PETE_LS, ROS_LS, ROSE_LS, SECE_LS, TEK_LS, TEKE_LS, TEL_LS, UCK_LS, UCK_YD, UZB_LS, UZB_YD, UZBE_LS, YZVE_LS",-,-
95,20166,FIZ 102EL,Physics II Laboratory,Physical (Face to face),Abdurrahman Savaş Arapoğlu,FEB,Tuesday,15:30/17:29,--,30,30,-,"BIO_LS, BIOE_LS, BLG_LS, BLGE_LS, CEV_LS, CEVE_LS, CHZ_LS, CHZE_LS, DEN_LS, DENE_LS, EHB_LS, EHBE_LS, ELE_LS, ELH_LS, ELK_LS, ELKE_LS, END_LS, ENDE_LS, ENTE_LS, EUT_LS, EUTE_LS, FIZ_YD, GEM_LS, GEME_LS, GEO_LS, GEOE_LS, GID_LS, GIDE_LS, HTA_LS, HTAE_LS, IBM_LS, IML_LS, IMLE_LS, INS_LS, INSE_LS, ISL_LS, ISLE_LS, JEF_LS, JEFE_LS, JEO_LS, JEOE_LS, KIM_LS, KIME_LS, KMM_LS, KMM_YD, KMME_LS, KOM_LS, KOME_LS, MAD_LS, MADE_LS, MAK_LS, MAK_YD, MAKE_LS, MAT_LS, MATE_LS, MET_LS, METE_LS, MTO_LS, MTOE_LS, PET_LS, PETE_LS, ROS_LS, ROSE_LS, SECE_LS, TEK_LS, TEKE_LS, TEL_LS, UCK_LS, UCK_YD, UZB_LS, UZB_YD, UZBE_LS, YZVE_LS",-,-
96,20167,FIZ 102EL,Physics II Laboratory,Physical (Face to face),Ali Yıldız,FEB,Tuesday,15:30/17:29,--,30,30,-,"BIO_LS, BIOE_LS, BLG_LS, BLGE_LS, CEV_LS, CEVE_LS, CHZ_LS, CHZE_LS, DEN_LS, DENE_LS, EHB_LS, EHBE_LS, ELE_LS, ELH_LS, ELK_LS, ELKE_LS, END_LS, ENDE_LS, ENTE_LS, EUT_LS, EUTE_LS, FIZ_YD, GEM_LS, GEME_LS, GEO_LS, GEOE_LS, GID_LS, GIDE_LS, HTA_LS, HTAE_LS, IBM_LS, IML_LS, IMLE_LS, INS_LS, INSE_LS, ISL_LS, ISLE_LS, JEF_LS, JEFE_LS, JEO_LS, JEOE_LS, KIM_LS, KIME_LS, KMM_LS, KMM_YD, KMME_LS, KOM_LS, KOME_LS, MAD_LS, MADE_LS, MAK_LS, MAK_YD, MAKE_LS, MAT_LS, MATE_LS, MET_LS, METE_LS, MTO_LS, MTOE_LS, PET_LS, PETE_LS, ROS_LS, ROSE_LS, SECE_LS, TEK_LS, TEKE_LS, TEL_LS, UCK_LS, UCK_YD, UZB_LS, UZB_YD, UZBE_LS, YZVE_LS",-,-
97,20168,FIZ 102EL,Physics II Laboratory,Physical (Face to face),Hakkı Tunçay Özer,FEB,Tuesday,15:30/17:29,--,20,20,-,"BIO_LS, BIOE_LS, BLG_LS, BLGE_LS, CEV_LS, CEVE_LS, CHZ_LS, CHZE_LS, DEN_LS, DENE_LS, EHB_LS, EHBE_LS, ELE_LS, ELH_LS, ELK_LS, ELKE_LS, END_LS, ENDE_LS, ENTE_LS, EUT_LS, EUTE_LS, FIZ_YD, GEM_LS, GEME_LS, GEO_LS, GEOE_LS, GID_LS, GIDE_LS, HTA_LS, HTAE_LS, IBM_LS, IML_LS, IMLE_LS, INS_LS, INSE_LS, ISL_LS, ISLE_LS, JEF_LS, JEFE_LS, JEO_LS, JEOE_LS, KIM_LS, KIME_LS, KMM_LS, KMM_YD, KMME_LS, KOM_LS, KOME_LS, MAD_LS, MADE_LS, MAK_LS, MAK_YD, MAKE_LS, MAT_LS, MATE_LS, MET_LS, METE_LS, MTO_LS, MTOE_LS, PET_LS, PETE_LS, ROS_LS, ROSE_LS, SECE_LS, TEK_LS, TEKE_LS, TEL_LS, UCK_LS, UCK_YD, UZB_LS, UZB_YD, UZBE_LS, YZVE_LS",-,-
98,20169,FIZ 102EL,Physics II Laboratory,Physical (Face to face),Hakan Karaağaç,FEB,Tuesday,15:30/17:29,--,20,20,-,"BIO_LS, BIOE_LS, BLG_LS, BLGE_LS, CEV_LS, CEVE_LS, CHZ_LS, CHZE_LS, DEN_LS, DENE_LS, EHB_LS, EHBE_LS, ELE_LS, ELH_LS, ELK_LS, ELKE_LS, END_LS, ENDE_LS, ENTE_LS, EUT_LS, EUTE_LS, FIZ_YD, GEM_LS, GEME_LS, GEO_LS, GEOE_LS, GID_LS, GIDE_LS, HTA_LS, HTAE_LS, IBM_LS, IML_LS, IMLE_LS, INS_LS, INSE_LS, ISL_LS, ISLE_LS, JEF_LS, JEFE_LS, JEO_LS, JEOE_LS, KIM_LS, KIME_LS, KMM_LS, KMM_YD, KMME_LS, KOM_LS, KOME_LS, MAD_LS, MADE_LS, MAK_LS, MAK_YD, MAKE_LS, MAT_LS, MATE_LS, MET_LS, METE_LS, MTO_LS, MTOE_LS, PET_LS, PETE_LS, ROS_LS, ROSE_LS, SECE_LS, TEK_LS, TEKE_LS, TEL_LS, UCK_LS, UCK_YD, UZB_LS, UZB_YD, UZBE_LS, YZVE_LS",-,-
99,20170,FIZ 102EL,Physics II Laboratory,Physical (Face to face),Mehmet Cem Güçlü,FEB,Tuesday,15:30/17:29,--,20,20,-,"BIO_LS, BIOE_LS, BLG_LS, BLGE_LS, CEV_LS, CEVE_LS, CHZ_LS, CHZE_LS, DEN_LS, DENE_LS, EHB_LS, EHBE_LS, ELE_LS, ELH_LS, ELK_LS, ELKE_LS, END_LS, ENDE_LS, ENTE_LS, EUT_LS, EUTE_LS, FIZ_YD, GEM_LS, GEME_LS, GEO_LS, GEOE_LS, GID_LS, GIDE_LS, HTA_LS, HTAE_LS, IBM_LS, IML_LS, IMLE_LS, INS_LS, INSE_LS, ISL_LS, ISLE_LS, JEF_LS, JEFE_LS, JEO_LS, JEOE_LS, KIM_LS, KIME_LS, KMM_LS, KMM_YD, KMME_LS, KOM_LS, KOME_LS, MAD_LS, MADE_LS, MAK_LS, MAK_YD, MAKE_LS, MAT_LS, MATE_LS, MET_LS, METE_LS, MTO_LS, MTOE_LS, PET_LS, PETE_LS, ROS_LS, ROSE_LS, SECE_LS, TEK_LS, TEKE_LS, TEL_LS, UCK_LS, UCK_YD, UZB_LS, UZB_YD, UZBE_LS, YZVE_LS",-,-
100,20171,FIZ 102EL,Physics II Laboratory,Physical (Face to face),Yaşar Yılmaz,FEB,Tuesday,15:30/17:29,--,20,20,-,"BIO_LS, BIOE_LS, BLG_LS, BLGE_LS, CEV_LS, CEVE_LS, CHZ_LS, CHZE_LS, DEN_LS, DENE_LS, EHB_LS, EHBE_LS, ELE_LS, ELH_LS, ELK_LS, ELKE_LS, END_LS, ENDE_LS, ENTE_LS, EUT_LS, EUTE_LS, FIZ_YD, GEM_LS, GEME_LS, GEO_LS, GEOE_LS, GID_LS, GIDE_LS, HTA_LS, HTAE_LS, IBM_LS, IML_LS, IMLE_LS, INS_LS, INSE_LS, ISL_LS, ISLE_LS, JEF_LS, JEFE_LS, JEO_LS, JEOE_LS, KIM_LS, KIME_LS, KMM_LS, KMM_YD, KMME_LS, KOM_LS, KOME_LS, MAD_LS, MADE_LS, MAK_LS, MAK_YD, MAKE_LS, MAT_LS, MATE_LS, MET_LS, METE_LS, MTO_LS, MTOE_LS, PET_LS, PETE_LS, ROS_LS, ROSE_LS, SECE_LS, TEK_LS, TEKE_LS, TEL_LS, UCK_LS, UCK_YD, UZB_LS, UZB_YD, UZBE_LS, YZVE_LS",-,-
101,20172,FIZ 102EL,Physics II Laboratory,Physical (Face to face),Esra Alveroğlu Durucu,FEB,Tuesday,15:30/17:29,--,20,20,-,"BIO_LS, BIOE_LS, BLG_LS, BLGE_LS, CEV_LS, CEVE_LS, CHZ_LS, CHZE_LS, DEN_LS, DENE_LS, EHB_LS, EHBE_LS, ELE_LS, ELH_LS, ELK_LS, ELKE_LS, END_LS, ENDE_LS, ENTE_LS, EUT_LS, EUTE_LS, FIZ_YD, GEM_LS, GEME_LS, GEO_LS, GEOE_LS, GID_LS, GIDE_LS, HTA_LS, HTAE_LS, IBM_LS, IML_LS, IMLE_LS, INS_LS, INSE_LS, ISL_LS, ISLE_LS, JEF_LS, JEFE_LS, JEO_LS, JEOE_LS, KIM_LS, KIME_LS, KMM_LS, KMM_YD, KMME_LS, KOM_LS, KOME_LS, MAD_LS, MADE_LS, MAK_LS, MAK_YD, MAKE_LS, MAT_LS, MATE_LS, MET_LS, METE_LS, MTO_LS, MTOE_LS, PET_LS, PETE_LS, ROS_LS, ROSE_LS, SECE_LS, TEK_LS, TEKE_LS, TEL_LS, UCK_LS, UCK_YD, UZB_LS, UZB_YD, UZBE_LS, YZVE_LS",-,-
102,20173,FIZ 102EL,Physics II Laboratory,Physical (Face to face),Sevda Şahinbay,FEB,Tuesday,15:30/17:29,--,20,20,-,"BIO_LS, BIOE_LS, BLG_LS, BLGE_LS, CEV_LS, CEVE_LS, CHZ_LS, CHZE_LS, DEN_LS, DENE_LS, EHB_LS, EHBE_LS, ELE_LS, ELH_LS, ELK_LS, ELKE_LS, END_LS, ENDE_LS, ENTE_LS, EUT_LS, EUTE_LS, FIZ_YD, GEM_LS, GEME_LS, GEO_LS, GEOE_LS, GID_LS, GIDE_LS, HTA_LS, HTAE_LS, IBM_LS, IML_LS, IMLE_LS, INS_LS, INSE_LS, ISL_LS, ISLE_LS, JEF_LS, JEFE_LS, JEO_LS, JEOE_LS, KIM_LS, KIME_LS, KMM_LS, KMM_YD, KMME_LS, KOM_LS, KOME_LS, MAD_LS, MADE_LS, MAK_LS, MAK_YD, MAKE_LS, MAT_LS, MATE_LS, MET_LS, METE_LS, MTO_LS, MTOE_LS, PET_LS, PETE_LS, ROS_LS, ROSE_LS, SECE_LS, TEK_LS, TEKE_LS, TEL_LS, UCK_LS, UCK_YD, UZB_LS, UZB_YD, UZBE_LS, YZVE_LS",-,-
103,20174,FIZ 102EL,Physics II Laboratory,Physical (Face to face),Yakup Hundur,FEB,Thursday,09:30/11:29,--,30,30,-,"BIO_LS, BIOE_LS, BLG_LS, BLGE_LS, CEV_LS, CEVE_LS, CHZ_LS, CHZE_LS, DEN_LS, DENE_LS, EHB_LS, EHBE_LS, ELE_LS, ELH_LS, ELK_LS, ELKE_LS, END_LS, ENDE_LS, ENTE_LS, EUT_LS, EUTE_LS, FIZ_YD, GEM_LS, GEME_LS, GEO_LS, GEOE_LS, GID_LS, GIDE_LS, HTA_LS, HTAE_LS, IBM_LS, IML_LS, IMLE_LS, INS_LS, INSE_LS, ISL_LS, ISLE_LS, JEF_LS, JEFE_LS, JEO_LS, JEOE_LS, KIM_LS, KIME_LS, KMM_LS, KMM_YD, KMME_LS, KOM_LS, KOME_LS, MAD_LS, MADE_LS, MAK_LS, MAK_YD, MAKE_LS, MAT_LS, MATE_LS, MET_LS, METE_LS, MTO_LS, MTOE_LS, PET_LS, PETE_LS, ROS_LS, ROSE_LS, SECE_LS, TEK_LS, TEKE_LS, TEL_LS, UCK_LS, UCK_YD, UZB_LS, UZB_YD, UZBE_LS, YZVE_LS",-,-
104,20175,FIZ 102EL,Physics II Laboratory,Physical (Face to face),Gönül Eryürek,FEB,Thursday,09:30/11:29,--,30,30,-,"BIO_LS, BIOE_LS, BLG_LS, BLGE_LS, CEV_LS, CEVE_LS, CHZ_LS, CHZE_LS, DEN_LS, DENE_LS, EHB_LS, EHBE_LS, ELE_LS, ELH_LS, ELK_LS, ELKE_LS, END_LS, ENDE_LS, ENTE_LS, EUT_LS, EUTE_LS, FIZ_YD, GEM_LS, GEME_LS, GEO_LS, GEOE_LS, GID_LS, GIDE_LS, HTA_LS, HTAE_LS, IBM_LS, IML_LS, IMLE_LS, INS_LS, INSE_LS, ISL_LS, ISLE_LS, JEF_LS, JEFE_LS, JEO_LS, JEOE_LS, KIM_LS, KIME_LS, KMM_LS, KMM_YD, KMME_LS, KOM_LS, KOME_LS, MAD_LS, MADE_LS, MAK_LS, MAK_YD, MAKE_LS, MAT_LS, MATE_LS, MET_LS, METE_LS, MTO_LS, MTOE_LS, PET_LS, PETE_LS, ROS_LS, ROSE_LS, SECE_LS, TEK_LS, TEKE_LS, TEL_LS, UCK_LS, UCK_YD, UZB_LS, UZB_YD, UZBE_LS, YZVE_LS",-,-
105,20176,FIZ 102EL,Physics II Laboratory,Physical (Face to face),Hakan Özgür Özer,FEB,Thursday,09:30/11:29,--,30,30,-,"BIO_LS, BIOE_LS, BLG_LS, BLGE_LS, CEV_LS, CEVE_LS, CHZ_LS, CHZE_LS, DEN_LS, DENE_LS, EHB_LS, EHBE_LS, ELE_LS, ELH_LS, ELK_LS, ELKE_LS, END_LS, ENDE_LS, ENTE_LS, EUT_LS, EUTE_LS, FIZ_YD, GEM_LS, GEME_LS, GEO_LS, GEOE_LS, GID_LS, GIDE_LS, HTA_LS, HTAE_LS, IBM_LS, IML_LS, IMLE_LS, INS_LS, INSE_LS, ISL_LS, ISLE_LS, JEF_LS, JEFE_LS, JEO_LS, JEOE_LS, KIM_LS, KIME_LS, KMM_LS, KMM_YD, KMME_LS, KOM_LS, KOME_LS, MAD_LS, MADE_LS, MAK_LS, MAK_YD, MAKE_LS, MAT_LS, MATE_LS, MET_LS, METE_LS, MTO_LS, MTOE_LS, PET_LS, PETE_LS, ROS_LS, ROSE_LS, SECE_LS, TEK_LS, TEKE_LS, TEL_LS, UCK_LS, UCK_YD, UZB_LS, UZB_YD, UZBE_LS, YZVE_LS",-,-
106,20177,FIZ 102EL,Physics II Laboratory,Physical (Face to face),Hakan Karaağaç,FEB,Thursday,09:30/11:29,--,30,29,-,"BIO_LS, BIOE_LS, BLG_LS, BLGE_LS, CEV_LS, CEVE_LS, CHZ_LS, CHZE_LS, DEN_LS, DENE_LS, EHB_LS, EHBE_LS, ELE_LS, ELH_LS, ELK_LS, ELKE_LS, END_LS, ENDE_LS, ENTE_LS, EUT_LS, EUTE_LS, FIZ_YD, GEM_LS, GEME_LS, GEO_LS, GEOE_LS, GID_LS, GIDE_LS, HTA_LS, HTAE_LS, IBM_LS, IML_LS, IMLE_LS, INS_LS, INSE_LS, ISL_LS, ISLE_LS, JEF_LS, JEFE_LS, JEO_LS, JEOE_LS, KIM_LS, KIME_LS, KMM_LS, KMM_YD, KMME_LS, KOM_LS, KOME_LS, MAD_LS, MADE_LS, MAK_LS, MAK_YD, MAKE_LS, MAT_LS, MATE_LS, MET_LS, METE_LS, MTO_LS, MTOE_LS, PET_LS, PETE_LS, ROS_LS, ROSE_LS, SECE_LS, TEK_LS, TEKE_LS, TEL_LS, UCK_LS, UCK_YD, UZB_LS, UZB_YD, UZBE_LS, YZVE_LS",-,-
107,20178,FIZ 102EL,Physics II Laboratory,Physical (Face to face),Mehmet Kerim Ramazanoğlu,FEB,Thursday,09:30/11:29,--,30,30,-,"BIO_LS, BIOE_LS, BLG_LS, BLGE_LS, CEV_LS, CEVE_LS, CHZ_LS, CHZE_LS, DEN_LS, DENE_LS, EHB_LS, EHBE_LS, ELE_LS, ELH_LS, ELK_LS, ELKE_LS, END_LS, ENDE_LS, ENTE_LS, EUT_LS, EUTE_LS, FIZ_YD, GEM_LS, GEME_LS, GEO_LS, GEOE_LS, GID_LS, GIDE_LS, HTA_LS, HTAE_LS, IBM_LS, IML_LS, IMLE_LS, INS_LS, INSE_LS, ISL_LS, ISLE_LS, JEF_LS, JEFE_LS, JEO_LS, JEOE_LS, KIM_LS, KIME_LS, KMM_LS, KMM_YD, KMME_LS, KOM_LS, KOME_LS, MAD_LS, MADE_LS, MAK_LS, MAK_YD, MAKE_LS, MAT_LS, MATE_LS, MET_LS, METE_LS, MTO_LS, MTOE_LS, PET_LS, PETE_LS, ROS_LS, ROSE_LS, SECE_LS, TEK_LS, TEKE_LS, TEL_LS, UCK_LS, UCK_YD, UZB_LS, UZB_YD, UZBE_LS, YZVE_LS",-,-
108,20179,FIZ 102EL,Physics II Laboratory,Physical (Face to face),Hakkı Tunçay Özer,FEB,Thursday,09:30/11:29,--,30,30,-,"BIO_LS, BIOE_LS, BLG_LS, BLGE_LS, CEV_LS, CEVE_LS, CHZ_LS, CHZE_LS, DEN_LS, DENE_LS, EHB_LS, EHBE_LS, ELE_LS, ELH_LS, ELK_LS, ELKE_LS, END_LS, ENDE_LS, ENTE_LS, EUT_LS, EUTE_LS, FIZ_YD, GEM_LS, GEME_LS, GEO_LS, GEOE_LS, GID_LS, GIDE_LS, HTA_LS, HTAE_LS, IBM_LS, IML_LS, IMLE_LS, INS_LS, INSE_LS, ISL_LS, ISLE_LS, JEF_LS, JEFE_LS, JEO_LS, JEOE_LS, KIM_LS, KIME_LS, KMM_LS, KMM_YD, KMME_LS, KOM_LS, KOME_LS, MAD_LS, MADE_LS, MAK_LS, MAK_YD, MAKE_LS, MAT_LS, MATE_LS, MET_LS, METE_LS, MTO_LS, MTOE_LS, PET_LS, PETE_LS, ROS_LS, ROSE_LS, SECE_LS, TEK_LS, TEKE_LS, TEL_LS, UCK_LS, UCK_YD, UZB_LS, UZB_YD, UZBE_LS, YZVE_LS",-,-
109,20180,FIZ 102EL,Physics II Laboratory,Physical (Face to face),Meltem Güngörmez,FEB,Thursday,09:30/11:29,--,30,30,-,"BIO_LS, BIOE_LS, BLG_LS, BLGE_LS, CEV_LS, CEVE_LS, CHZ_LS, CHZE_LS, DEN_LS, DENE_LS, EHB_LS, EHBE_LS, ELE_LS, ELH_LS, ELK_LS, ELKE_LS, END_LS, ENDE_LS, ENTE_LS, EUT_LS, EUTE_LS, FIZ_YD, GEM_LS, GEME_LS, GEO_LS, GEOE_LS, GID_LS, GIDE_LS, HTA_LS, HTAE_LS, IBM_LS, IML_LS, IMLE_LS, INS_LS, INSE_LS, ISL_LS, ISLE_LS, JEF_LS, JEFE_LS, JEO_LS, JEOE_LS, KIM_LS, KIME_LS, KMM_LS, KMM_YD, KMME_LS, KOM_LS, KOME_LS, MAD_LS, MADE_LS, MAK_LS, MAK_YD, MAKE_LS, MAT_LS, MATE_LS, MET_LS, METE_LS, MTO_LS, MTOE_LS, PET_LS, PETE_LS, ROS_LS, ROSE_LS, SECE_LS, TEK_LS, TEKE_LS, TEL_LS, UCK_LS, UCK_YD, UZB_LS, UZB_YD, UZBE_LS, YZVE_LS",-,-
110,20181,FIZ 102EL,Physics II Laboratory,Physical (Face to face),Meltem Güngörmez,FEB,Thursday,11:30/13:29,--,30,30,-,"BIO_LS, BIOE_LS, BLG_LS, BLGE_LS, CEV_LS, CEVE_LS, CHZ_LS, CHZE_LS, DEN_LS, DENE_LS, EHB_LS, EHBE_LS, ELE_LS, ELH_LS, ELK_LS, ELKE_LS, END_LS, ENDE_LS, ENTE_LS, EUT_LS, EUTE_LS, FIZ_YD, GEM_LS, GEME_LS, GEO_LS, GEOE_LS, GID_LS, GIDE_LS, HTA_LS, HTAE_LS, IBM_LS, IML_LS, IMLE_LS, INS_LS, INSE_LS, ISL_LS, ISLE_LS, JEF_LS, JEFE_LS, JEO_LS, JEOE_LS, KIM_LS, KIME_LS, KMM_LS, KMM_YD, KMME_LS, KOM_LS, KOME_LS, MAD_LS, MADE_LS, MAK_LS, MAK_YD, MAKE_LS, MAT_LS, MATE_LS, MET_LS, METE_LS, MTO_LS, MTOE_LS, PET_LS, PETE_LS, ROS_LS, ROSE_LS, SECE_LS, TEK_LS, TEKE_LS, TEL_LS, UCK_LS, UCK_YD, UZB_LS, UZB_YD, UZBE_LS, YZVE_LS",-,-
111,20182,FIZ 102EL,Physics II Laboratory,Physical (Face to face),Ahmet Levent Subaşı,FEB,Thursday,11:30/13:29,--,30,30,-,"BIO_LS, BIOE_LS, BLG_LS, BLGE_LS, CEV_LS, CEVE_LS, CHZ_LS, CHZE_LS, DEN_LS, DENE_LS, EHB_LS, EHBE_LS, ELE_LS, ELH_LS, ELK_LS, ELKE_LS, END_LS, ENDE_LS, ENTE_LS, EUT_LS, EUTE_LS, FIZ_YD, GEM_LS, GEME_LS, GEO_LS, GEOE_LS, GID_LS, GIDE_LS, HTA_LS, HTAE_LS, IBM_LS, IML_LS, IMLE_LS, INS_LS, INSE_LS, ISL_LS, ISLE_LS, JEF_LS, JEFE_LS, JEO_LS, JEOE_LS, KIM_LS, KIME_LS, KMM_LS, KMM_YD, KMME_LS, KOM_LS, KOME_LS, MAD_LS, MADE_LS, MAK_LS, MAK_YD, MAKE_LS, MAT_LS, MATE_LS, MET_LS, METE_LS, MTO_LS, MTOE_LS, PET_LS, PETE_LS, ROS_LS, ROSE_LS, SECE_LS, TEK_LS, TEKE_LS, TEL_LS, UCK_LS, UCK_YD, UZB_LS, UZB_YD, UZBE_LS, YZVE_LS",-,-
112,20183,FIZ 102EL,Physics II Laboratory,Physical (Face to face),Esra Zayim,FEB,Thursday,11:30/13:29,--,30,30,-,"BIO_LS, BIOE_LS, BLG_LS, BLGE_LS, CEV_LS, CEVE_LS, CHZ_LS, CHZE_LS, DEN_LS, DENE_LS, EHB_LS, EHBE_LS, ELE_LS, ELH_LS, ELK_LS, ELKE_LS, END_LS, ENDE_LS, ENTE_LS, EUT_LS, EUTE_LS, FIZ_YD, GEM_LS, GEME_LS, GEO_LS, GEOE_LS, GID_LS, GIDE_LS, HTA_LS, HTAE_LS, IBM_LS, IML_LS, IMLE_LS, INS_LS, INSE_LS, ISL_LS, ISLE_LS, JEF_LS, JEFE_LS, JEO_LS, JEOE_LS, KIM_LS, KIME_LS, KMM_LS, KMM_YD, KMME_LS, KOM_LS, KOME_LS, MAD_LS, MADE_LS, MAK_LS, MAK_YD, MAKE_LS, MAT_LS, MATE_LS, MET_LS, METE_LS, MTO_LS, MTOE_LS, PET_LS, PETE_LS, ROS_LS, ROSE_LS, SECE_LS, TEK_LS, TEKE_LS, TEL_LS, UCK_LS, UCK_YD, UZB_LS, UZB_YD, UZBE_LS, YZVE_LS",-,-
113,20184,FIZ 102EL,Physics II Laboratory,Physical (Face to face),Hakan Karaağaç,FEB,Thursday,11:30/13:29,--,30,30,-,"BIO_LS, BIOE_LS, BLG_LS, BLGE_LS, CEV_LS, CEVE_LS, CHZ_LS, CHZE_LS, DEN_LS, DENE_LS, EHB_LS, EHBE_LS, ELE_LS, ELH_LS, ELK_LS, ELKE_LS, END_LS, ENDE_LS, ENTE_LS, EUT_LS, EUTE_LS, FIZ_YD, GEM_LS, GEME_LS, GEO_LS, GEOE_LS, GID_LS, GIDE_LS, HTA_LS, HTAE_LS, IBM_LS, IML_LS, IMLE_LS, INS_LS, INSE_LS, ISL_LS, ISLE_LS, JEF_LS, JEFE_LS, JEO_LS, JEOE_LS, KIM_LS, KIME_LS, KMM_LS, KMM_YD, KMME_LS, KOM_LS, KOME_LS, MAD_LS, MADE_LS, MAK_LS, MAK_YD, MAKE_LS, MAT_LS, MATE_LS, MET_LS, METE_LS, MTO_LS, MTOE_LS, PET_LS, PETE_LS, ROS_LS, ROSE_LS, SECE_LS, TEK_LS, TEKE_LS, TEL_LS, UCK_LS, UCK_YD, UZB_LS, UZB_YD, UZBE_LS, YZVE_LS",-,-
114,20185,FIZ 102EL,Physics II Laboratory,Physical (Face to face),Demet Aktaş,FEB,Thursday,11:30/13:29,--,30,30,-,"BIO_LS, BIOE_LS, BLG_LS, BLGE_LS, CEV_LS, CEVE_LS, CHZ_LS, CHZE_LS, DEN_LS, DENE_LS, EHB_LS, EHBE_LS, ELE_LS, ELH_LS, ELK_LS, ELKE_LS, END_LS, ENDE_LS, ENTE_LS, EUT_LS, EUTE_LS, FIZ_YD, GEM_LS, GEME_LS, GEO_LS, GEOE_LS, GID_LS, GIDE_LS, HTA_LS, HTAE_LS, IBM_LS, IML_LS, IMLE_LS, INS_LS, INSE_LS, ISL_LS, ISLE_LS, JEF_LS, JEFE_LS, JEO_LS, JEOE_LS, KIM_LS, KIME_LS, KMM_LS, KMM_YD, KMME_LS, KOM_LS, KOME_LS, MAD_LS, MADE_LS, MAK_LS, MAK_YD, MAKE_LS, MAT_LS, MATE_LS, MET_LS, METE_LS, MTO_LS, MTOE_LS, PET_LS, PETE_LS, ROS_LS, ROSE_LS, SECE_LS, TEK_LS, TEKE_LS, TEL_LS, UCK_LS, UCK_YD, UZB_LS, UZB_YD, UZBE_LS, YZVE_LS",-,-
115,20186,FIZ 102EL,Physics II Laboratory,Physical (Face to face),Yaşar Yılmaz,FEB,Thursday,11:30/13:29,--,30,30,-,"BIO_LS, BIOE_LS, BLG_LS, BLGE_LS, CEV_LS, CEVE_LS, CHZ_LS, CHZE_LS, DEN_LS, DENE_LS, EHB_LS, EHBE_LS, ELE_LS, ELH_LS, ELK_LS, ELKE_LS, END_LS, ENDE_LS, ENTE_LS, EUT_LS, EUTE_LS, FIZ_YD, GEM_LS, GEME_LS, GEO_LS, GEOE_LS, GID_LS, GIDE_LS, HTA_LS, HTAE_LS, IBM_LS, IML_LS, IMLE_LS, INS_LS, INSE_LS, ISL_LS, ISLE_LS, JEF_LS, JEFE_LS, JEO_LS, JEOE_LS, KIM_LS, KIME_LS, KMM_LS, KMM_YD, KMME_LS, KOM_LS, KOME_LS, MAD_LS, MADE_LS, MAK_LS, MAK_YD, MAKE_LS, MAT_LS, MATE_LS, MET_LS, METE_LS, MTO_LS, MTOE_LS, PET_LS, PETE_LS, ROS_LS, ROSE_LS, SECE_LS, TEK_LS, TEKE_LS, TEL_LS, UCK_LS, UCK_YD, UZB_LS, UZB_YD, UZBE_LS, YZVE_LS",-,-
116,20187,FIZ 102EL,Physics II Laboratory,Physical (Face to face),Esra Alveroğlu Durucu,FEB,Thursday,11:30/13:29,--,30,30,-,"BIO_LS, BIOE_LS, BLG_LS, BLGE_LS, CEV_LS, CEVE_LS, CHZ_LS, CHZE_LS, DEN_LS, DENE_LS, EHB_LS, EHBE_LS, ELE_LS, ELH_LS, ELK_LS, ELKE_LS, END_LS, ENDE_LS, ENTE_LS, EUT_LS, EUTE_LS, FIZ_YD, GEM_LS, GEME_LS, GEO_LS, GEOE_LS, GID_LS, GIDE_LS, HTA_LS, HTAE_LS, IBM_LS, IML_LS, IMLE_LS, INS_LS, INSE_LS, ISL_LS, ISLE_LS, JEF_LS, JEFE_LS, JEO_LS, JEOE_LS, KIM_LS, KIME_LS, KMM_LS, KMM_YD, KMME_LS, KOM_LS, KOME_LS, MAD_LS, MADE_LS, MAK_LS, MAK_YD, MAKE_LS, MAT_LS, MATE_LS, MET_LS, METE_LS, MTO_LS, MTOE_LS, PET_LS, PETE_LS, ROS_LS, ROSE_LS, SECE_LS, TEK_LS, TEKE_LS, TEL_LS, UCK_LS, UCK_YD, UZB_LS, UZB_YD, UZBE_LS, YZVE_LS",-,-
117,20188,FIZ 102EL,Physics II Laboratory,Physical (Face to face),Nurcan Doğan Bingölbali,FEB,Thursday,13:30/15:29,--,30,29,-,"BIO_LS, BIOE_LS, BLG_LS, BLGE_LS, CEV_LS, CEVE_LS, CHZ_LS, CHZE_LS, DEN_LS, DENE_LS, EHB_LS, EHBE_LS, ELE_LS, ELH_LS, ELK_LS, ELKE_LS, END_LS, ENDE_LS, ENTE_LS, EUT_LS, EUTE_LS, FIZ_YD, GEM_LS, GEME_LS, GEO_LS, GEOE_LS, GID_LS, GIDE_LS, HTA_LS, HTAE_LS, IBM_LS, IML_LS, IMLE_LS, INS_LS, INSE_LS, ISL_LS, ISLE_LS, JEF_LS, JEFE_LS, JEO_LS, JEOE_LS, KIM_LS, KIME_LS, KMM_LS, KMM_YD, KMME_LS, KOM_LS, KOME_LS, MAD_LS, MADE_LS, MAK_LS, MAK_YD, MAKE_LS, MAT_LS, MATE_LS, MET_LS, METE_LS, MTO_LS, MTOE_LS, PET_LS, PETE_LS, ROS_LS, ROSE_LS, SECE_LS, TEK_LS, TEKE_LS, TEL_LS, UCK_LS, UCK_YD, UZB_LS, UZB_YD, UZBE_LS, YZVE_LS",-,-
118,20189,FIZ 102EL,Physics II Laboratory,Physical (Face to face),Yağız Morova,FEB,Thursday,13:30/15:29,--,30,22,-,"BIO_LS, BIOE_LS, BLG_LS, BLGE_LS, CEV_LS, CEVE_LS, CHZ_LS, CHZE_LS, DEN_LS, DENE_LS, EHB_LS, EHBE_LS, ELE_LS, ELH_LS, ELK_LS, ELKE_LS, END_LS, ENDE_LS, ENTE_LS, EUT_LS, EUTE_LS, FIZ_YD, GEM_LS, GEME_LS, GEO_LS, GEOE_LS, GID_LS, GIDE_LS, HTA_LS, HTAE_LS, IBM_LS, IML_LS, IMLE_LS, INS_LS, INSE_LS, ISL_LS, ISLE_LS, JEF_LS, JEFE_LS, JEO_LS, JEOE_LS, KIM_LS, KIME_LS, KMM_LS, KMM_YD, KMME_LS, KOM_LS, KOME_LS, MAD_LS, MADE_LS, MAK_LS, MAK_YD, MAKE_LS, MAT_LS, MATE_LS, MET_LS, METE_LS, MTO_LS, MTOE_LS, PET_LS, PETE_LS, ROS_LS, ROSE_LS, SECE_LS, TEK_LS, TEKE_LS, TEL_LS, UCK_LS, UCK_YD, UZB_LS, UZB_YD, UZBE_LS, YZVE_LS",-,-
119,20190,FIZ 102EL,Physics II Laboratory,Physical (Face to face),Kazım Yavuz Ekşi,FEB,Thursday,13:30/15:29,--,30,28,-,"BIO_LS, BIOE_LS, BLG_LS, BLGE_LS, CEV_LS, CEVE_LS, CHZ_LS, CHZE_LS, DEN_LS, DENE_LS, EHB_LS, EHBE_LS, ELE_LS, ELH_LS, ELK_LS, ELKE_LS, END_LS, ENDE_LS, ENTE_LS, EUT_LS, EUTE_LS, FIZ_YD, GEM_LS, GEME_LS, GEO_LS, GEOE_LS, GID_LS, GIDE_LS, HTA_LS, HTAE_LS, IBM_LS, IML_LS, IMLE_LS, INS_LS, INSE_LS, ISL_LS, ISLE_LS, JEF_LS, JEFE_LS, JEO_LS, JEOE_LS, KIM_LS, KIME_LS, KMM_LS, KMM_YD, KMME_LS, KOM_LS, KOME_LS, MAD_LS, MADE_LS, MAK_LS, MAK_YD, MAKE_LS, MAT_LS, MATE_LS, MET_LS, METE_LS, MTO_LS, MTOE_LS, PET_LS, PETE_LS, ROS_LS, ROSE_LS, SECE_LS, TEK_LS, TEKE_LS, TEL_LS, UCK_LS, UCK_YD, UZB_LS, UZB_YD, UZBE_LS, YZVE_LS",-,-
120,20191,FIZ 102EL,Physics II Laboratory,Physical (Face to face),Ömer Faruk Dayı,FEB,Thursday,13:30/15:29,--,30,8,-,"BIO_LS, BIOE_LS, BLG_LS, BLGE_LS, CEV_LS, CEVE_LS, CHZ_LS, CHZE_LS, DEN_LS, DENE_LS, EHB_LS, EHBE_LS, ELE_LS, ELH_LS, ELK_LS, ELKE_LS, END_LS, ENDE_LS, ENTE_LS, EUT_LS, EUTE_LS, FIZ_YD, GEM_LS, GEME_LS, GEO_LS, GEOE_LS, GID_LS, GIDE_LS, HTA_LS, HTAE_LS, IBM_LS, IML_LS, IMLE_LS, INS_LS, INSE_LS, ISL_LS, ISLE_LS, JEF_LS, JEFE_LS, JEO_LS, JEOE_LS, KIM_LS, KIME_LS, KMM_LS, KMM_YD, KMME_LS, KOM_LS, KOME_LS, MAD_LS, MADE_LS, MAK_LS, MAK_YD, MAKE_LS, MAT_LS, MATE_LS, MET_LS, METE_LS, MTO_LS, MTOE_LS, PET_LS, PETE_LS, ROS_LS, ROSE_LS, SECE_LS, TEK_LS, TEKE_LS, TEL_LS, UCK_LS, UCK_YD, UZB_LS, UZB_YD, UZBE_LS, YZVE_LS",-,-
121,20192,FIZ 102EL,Physics II Laboratory,Physical (Face to face),Cem Özgür Servantie,FEB,Thursday,13:30/15:29,--,30,8,-,"BIO_LS, BIOE_LS, BLG_LS, BLGE_LS, CEV_LS, CEVE_LS, CHZ_LS, CHZE_LS, DEN_LS, DENE_LS, EHB_LS, EHBE_LS, ELE_LS, ELH_LS, ELK_LS, ELKE_LS, END_LS, ENDE_LS, ENTE_LS, EUT_LS, EUTE_LS, FIZ_YD, GEM_LS, GEME_LS, GEO_LS, GEOE_LS, GID_LS, GIDE_LS, HTA_LS, HTAE_LS, IBM_LS, IML_LS, IMLE_LS, INS_LS, INSE_LS, ISL_LS, ISLE_LS, JEF_LS, JEFE_LS, JEO_LS, JEOE_LS, KIM_LS, KIME_LS, KMM_LS, KMM_YD, KMME_LS, KOM_LS, KOME_LS, MAD_LS, MADE_LS, MAK_LS, MAK_YD, MAKE_LS, MAT_LS, MATE_LS, MET_LS, METE_LS, MTO_LS, MTOE_LS, PET_LS, PETE_LS, ROS_LS, ROSE_LS, SECE_LS, TEK_LS, TEKE_LS, TEL_LS, UCK_LS, UCK_YD, UZB_LS, UZB_YD, UZBE_LS, YZVE_LS",-,-
122,20193,FIZ 102EL,Physics II Laboratory,Physical (Face to face),Cenap Şahabettin Özben,FEB,Thursday,13:30/15:29,--,30,11,-,"BIO_LS, BIOE_LS, BLG_LS, BLGE_LS, CEV_LS, CEVE_LS, CHZ_LS, CHZE_LS, DEN_LS, DENE_LS, EHB_LS, EHBE_LS, ELE_LS, ELH_LS, ELK_LS, ELKE_LS, END_LS, ENDE_LS, ENTE_LS, EUT_LS, EUTE_LS, FIZ_YD, GEM_LS, GEME_LS, GEO_LS, GEOE_LS, GID_LS, GIDE_LS, HTA_LS, HTAE_LS, IBM_LS, IML_LS, IMLE_LS, INS_LS, INSE_LS, ISL_LS, ISLE_LS, JEF_LS, JEFE_LS, JEO_LS, JEOE_LS, KIM_LS, KIME_LS, KMM_LS, KMM_YD, KMME_LS, KOM_LS, KOME_LS, MAD_LS, MADE_LS, MAK_LS, MAK_YD, MAKE_LS, MAT_LS, MATE_LS, MET_LS, METE_LS, MTO_LS, MTOE_LS, PET_LS, PETE_LS, ROS_LS, ROSE_LS, SECE_LS, TEK_LS, TEKE_LS, TEL_LS, UCK_LS, UCK_YD, UZB_LS, UZB_YD, UZBE_LS, YZVE_LS",-,-
123,20194,FIZ 102EL,Physics II Laboratory,Physical (Face to face),Vakıf Kemal Önemli,FEB,Thursday,15:30/17:29,--,30,30,-,"BIO_LS, BIOE_LS, BLG_LS, BLGE_LS, CEV_LS, CEVE_LS, CHZ_LS, CHZE_LS, DEN_LS, DENE_LS, EHB_LS, EHBE_LS, ELE_LS, ELH_LS, ELK_LS, ELKE_LS, END_LS, ENDE_LS, ENTE_LS, EUT_LS, EUTE_LS, FIZ_YD, GEM_LS, GEME_LS, GEO_LS, GEOE_LS, GID_LS, GIDE_LS, HTA_LS, HTAE_LS, IBM_LS, IML_LS, IMLE_LS, INS_LS, INSE_LS, ISL_LS, ISLE_LS, JEF_LS, JEFE_LS, JEO_LS, JEOE_LS, KIM_LS, KIME_LS, KMM_LS, KMM_YD, KMME_LS, KOM_LS, KOME_LS, MAD_LS, MADE_LS, MAK_LS, MAK_YD, MAKE_LS, MAT_LS, MATE_LS, MET_LS, METE_LS, MTO_LS, MTOE_LS, PET_LS, PETE_LS, ROS_LS, ROSE_LS, SECE_LS, TEK_LS, TEKE_LS, TEL_LS, UCK_LS, UCK_YD, UZB_LS, UZB_YD, UZBE_LS, YZVE_LS",-,-
124,20195,FIZ 102EL,Physics II Laboratory,Physical (Face to face),Kazım Yavuz Ekşi,FEB,Thursday,15:30/17:29,--,40,40,-,"CEN_LS, EEE_LS, IND_LS, MEN_LS, MTM_LS, NAE_LS",-,-
125,20196,FIZ 102EL,Physics II Laboratory,Physical (Face to face),Özgür Akarsu,FEB,Thursday,15:30/17:29,--,30,30,-,"BIO_LS, BIOE_LS, BLG_LS, BLGE_LS, CEV_LS, CEVE_LS, CHZ_LS, CHZE_LS, DEN_LS, DENE_LS, EHB_LS, EHBE_LS, ELE_LS, ELH_LS, ELK_LS, ELKE_LS, END_LS, ENDE_LS, ENTE_LS, EUT_LS, EUTE_LS, FIZ_YD, GEM_LS, GEME_LS, GEO_LS, GEOE_LS, GID_LS, GIDE_LS, HTA_LS, HTAE_LS, IBM_LS, IML_LS, IMLE_LS, INS_LS, INSE_LS, ISL_LS, ISLE_LS, JEF_LS, JEFE_LS, JEO_LS, JEOE_LS, KIM_LS, KIME_LS, KMM_LS, KMM_YD, KMME_LS, KOM_LS, KOME_LS, MAD_LS, MADE_LS, MAK_LS, MAK_YD, MAKE_LS, MAT_LS, MATE_LS, MET_LS, METE_LS, MTO_LS, MTOE_LS, PET_LS, PETE_LS, ROS_LS, ROSE_LS, SECE_LS, TEK_LS, TEKE_LS, TEL_LS, UCK_LS, UCK_YD, UZB_LS, UZB_YD, UZBE_LS, YZVE_LS",-,-
126,20197,FIZ 102EL,Physics II Laboratory,Physical (Face to face),Ömer Faruk Dayı,FEB,Thursday,15:30/17:29,--,30,27,-,"BIO_LS, BIOE_LS, BLG_LS, BLGE_LS, CEV_LS, CEVE_LS, CHZ_LS, CHZE_LS, DEN_LS, DENE_LS, EHB_LS, EHBE_LS, ELE_LS, ELH_LS, ELK_LS, ELKE_LS, END_LS, ENDE_LS, ENTE_LS, EUT_LS, EUTE_LS, FIZ_YD, GEM_LS, GEME_LS, GEO_LS, GEOE_LS, GID_LS, GIDE_LS, HTA_LS, HTAE_LS, IBM_LS, IML_LS, IMLE_LS, INS_LS, INSE_LS, ISL_LS, ISLE_LS, JEF_LS, JEFE_LS, JEO_LS, JEOE_LS, KIM_LS, KIME_LS, KMM_LS, KMM_YD, KMME_LS, KOM_LS, KOME_LS, MAD_LS, MADE_LS, MAK_LS, MAK_YD, MAKE_LS, MAT_LS, MATE_LS, MET_LS, METE_LS, MTO_LS, MTOE_LS, PET_LS, PETE_LS, ROS_LS, ROSE_LS, SECE_LS, TEK_LS, TEKE_LS, TEL_LS, UCK_LS, UCK_YD, UZB_LS, UZB_YD, UZBE_LS, YZVE_LS",-,-
127,20198,FIZ 102EL,Physics II Laboratory,Physical (Face to face),Tolga Birkandan,FEB,Thursday,15:30/17:29,--,30,30,-,"BIO_LS, BIOE_LS, BLG_LS, BLGE_LS, CEV_LS, CEVE_LS, CHZ_LS, CHZE_LS, DEN_LS, DENE_LS, EHB_LS, EHBE_LS, ELE_LS, ELH_LS, ELK_LS, ELKE_LS, END_LS, ENDE_LS, ENTE_LS, EUT_LS, EUTE_LS, FIZ_YD, GEM_LS, GEME_LS, GEO_LS, GEOE_LS, GID_LS, GIDE_LS, HTA_LS, HTAE_LS, IBM_LS, IML_LS, IMLE_LS, INS_LS, INSE_LS, ISL_LS, ISLE_LS, JEF_LS, JEFE_LS, JEO_LS, JEOE_LS, KIM_LS, KIME_LS, KMM_LS, KMM_YD, KMME_LS, KOM_LS, KOME_LS, MAD_LS, MADE_LS, MAK_LS, MAK_YD, MAKE_LS, MAT_LS, MATE_LS, MET_LS, METE_LS, MTO_LS, MTOE_LS, PET_LS, PETE_LS, ROS_LS, ROSE_LS, SECE_LS, TEK_LS, TEKE_LS, TEL_LS, UCK_LS, UCK_YD, UZB_LS, UZB_YD, UZBE_LS, YZVE_LS",-,-
128,20199,FIZ 102EL,Physics II Laboratory,Physical (Face to face),Nurcan Doğan Bingölbali,FEB,Thursday,15:30/17:29,--,30,24,-,"BIO_LS, BIOE_LS, BLG_LS, BLGE_LS, CEV_LS, CEVE_LS, CHZ_LS, CHZE_LS, DEN_LS, DENE_LS, EHB_LS, EHBE_LS, ELE_LS, ELH_LS, ELK_LS, ELKE_LS, END_LS, ENDE_LS, ENTE_LS, EUT_LS, EUTE_LS, FIZ_YD, GEM_LS, GEME_LS, GEO_LS, GEOE_LS, GID_LS, GIDE_LS, HTA_LS, HTAE_LS, IBM_LS, IML_LS, IMLE_LS, INS_LS, INSE_LS, ISL_LS, ISLE_LS, JEF_LS, JEFE_LS, JEO_LS, JEOE_LS, KIM_LS, KIME_LS, KMM_LS, KMM_YD, KMME_LS, KOM_LS, KOME_LS, MAD_LS, MADE_LS, MAK_LS, MAK_YD, MAKE_LS, MAT_LS, MATE_LS, MET_LS, METE_LS, MTO_LS, MTOE_LS, PET_LS, PETE_LS, ROS_LS, ROSE_LS, SECE_LS, TEK_LS, TEKE_LS, TEL_LS, UCK_LS, UCK_YD, UZB_LS, UZB_YD, UZBE_LS, YZVE_LS",-,-
129,20200,FIZ 102EL,Physics II Laboratory,Physical (Face to face),İbrahim Türhan,FEB,Thursday,15:30/17:29,--,30,27,-,"BIO_LS, BIOE_LS, BLG_LS, BLGE_LS, CEV_LS, CEVE_LS, CHZ_LS, CHZE_LS, DEN_LS, DENE_LS, EHB_LS, EHBE_LS, ELE_LS, ELH_LS, ELK_LS, ELKE_LS, END_LS, ENDE_LS, ENTE_LS, EUT_LS, EUTE_LS, FIZ_YD, GEM_LS, GEME_LS, GEO_LS, GEOE_LS, GID_LS, GIDE_LS, HTA_LS, HTAE_LS, IBM_LS, IML_LS, IMLE_LS, INS_LS, INSE_LS, ISL_LS, ISLE_LS, JEF_LS, JEFE_LS, JEO_LS, JEOE_LS, KIM_LS, KIME_LS, KMM_LS, KMM_YD, KMME_LS, KOM_LS, KOME_LS, MAD_LS, MADE_LS, MAK_LS, MAK_YD, MAKE_LS, MAT_LS, MATE_LS, MET_LS, METE_LS, MTO_LS, MTOE_LS, PET_LS, PETE_LS, ROS_LS, ROSE_LS, SECE_LS, TEK_LS, TEKE_LS, TEL_LS, UCK_LS, UCK_YD, UZB_LS, UZB_YD, UZBE_LS, YZVE_LS",-,-
130,20201,FIZ 102EL,Physics II Laboratory,Physical (Face to face),Esra Zayim,FEB,Monday,13:30/15:29,--,30,20,-,"BIO_LS, BIOE_LS, BLG_LS, BLGE_LS, CEV_LS, CEVE_LS, CHZ_LS, CHZE_LS, DEN_LS, DENE_LS, EHB_LS, EHBE_LS, ELE_LS, ELH_LS, ELK_LS, ELKE_LS, END_LS, ENDE_LS, ENTE_LS, EUT_LS, EUTE_LS, FIZ_YD, GEM_LS, GEME_LS, GEO_LS, GEOE_LS, GID_LS, GIDE_LS, HTA_LS, HTAE_LS, IBM_LS, IML_LS, IMLE_LS, INS_LS, INSE_LS, ISL_LS, ISLE_LS, JEF_LS, JEFE_LS, JEO_LS, JEOE_LS, KIM_LS, KIME_LS, KMM_LS, KMM_YD, KMME_LS, KOM_LS, KOME_LS, MAD_LS, MADE_LS, MAK_LS, MAK_YD, MAKE_LS, MAT_LS, MATE_LS, MET_LS, METE_LS, MTO_LS, MTOE_LS, PET_LS, PETE_LS, ROS_LS, ROSE_LS, SECE_LS, TEK_LS, TEKE_LS, TEL_LS, UCK_LS, UCK_YD, UZB_LS, UZB_YD, UZBE_LS, YZVE_LS",-,-
131,20203,FIZ 102EL,Physics II Laboratory,Physical (Face to face),Haluk Özbek,FEB,Friday,10:30/12:29,--,30,30,-,"BIO_LS, BIOE_LS, BLG_LS, BLGE_LS, CEV_LS, CEVE_LS, CHZ_LS, CHZE_LS, DEN_LS, DENE_LS, EHB_LS, EHBE_LS, ELE_LS, ELH_LS, ELK_LS, ELKE_LS, END_LS, ENDE_LS, ENTE_LS, EUT_LS, EUTE_LS, FIZ_YD, GEM_LS, GEME_LS, GEO_LS, GEOE_LS, GID_LS, GIDE_LS, HTA_LS, HTAE_LS, IBM_LS, IML_LS, IMLE_LS, INS_LS, INSE_LS, ISL_LS, ISLE_LS, JEF_LS, JEFE_LS, JEO_LS, JEOE_LS, KIM_LS, KIME_LS, KMM_LS, KMM_YD, KMME_LS, KOM_LS, KOME_LS, MAD_LS, MADE_LS, MAK_LS, MAK_YD, MAKE_LS, MAT_LS, MATE_LS, MET_LS, METE_LS, MTO_LS, MTOE_LS, PET_LS, PETE_LS, ROS_LS, ROSE_LS, SECE_LS, TEK_LS, TEKE_LS, TEL_LS, UCK_LS, UCK_YD, UZB_LS, UZB_YD, UZBE_LS, YZVE_LS",-,-
132,20204,FIZ 102EL,Physics II Laboratory,Physical (Face to face),Esra Zayim,FEB,Friday,10:30/12:29,--,30,30,-,"BIO_LS, BIOE_LS, BLG_LS, BLGE_LS, CEV_LS, CEVE_LS, CHZ_LS, CHZE_LS, DEN_LS, DENE_LS, EHB_LS, EHBE_LS, ELE_LS, ELH_LS, ELK_LS, ELKE_LS, END_LS, ENDE_LS, ENTE_LS, EUT_LS, EUTE_LS, FIZ_YD, GEM_LS, GEME_LS, GEO_LS, GEOE_LS, GID_LS, GIDE_LS, HTA_LS, HTAE_LS, IBM_LS, IML_LS, IMLE_LS, INS_LS, INSE_LS, ISL_LS, ISLE_LS, JEF_LS, JEFE_LS, JEO_LS, JEOE_LS, KIM_LS, KIME_LS, KMM_LS, KMM_YD, KMME_LS, KOM_LS, KOME_LS, MAD_LS, MADE_LS, MAK_LS, MAK_YD, MAKE_LS, MAT_LS, MATE_LS, MET_LS, METE_LS, MTO_LS, MTOE_LS, PET_LS, PETE_LS, ROS_LS, ROSE_LS, SECE_LS, TEK_LS, TEKE_LS, TEL_LS, UCK_LS, UCK_YD, UZB_LS, UZB_YD, UZBE_LS, YZVE_LS",-,-
133,20205,FIZ 102EL,Physics II Laboratory,Physical (Face to face),Ömer Faruk Dayı,FEB,Friday,10:30/12:29,--,30,29,-,"BIO_LS, BIOE_LS, BLG_LS, BLGE_LS, CEV_LS, CEVE_LS, CHZ_LS, CHZE_LS, DEN_LS, DENE_LS, EHB_LS, EHBE_LS, ELE_LS, ELH_LS, ELK_LS, ELKE_LS, END_LS, ENDE_LS, ENTE_LS, EUT_LS, EUTE_LS, FIZ_YD, GEM_LS, GEME_LS, GEO_LS, GEOE_LS, GID_LS, GIDE_LS, HTA_LS, HTAE_LS, IBM_LS, IML_LS, IMLE_LS, INS_LS, INSE_LS, ISL_LS, ISLE_LS, JEF_LS, JEFE_LS, JEO_LS, JEOE_LS, KIM_LS, KIME_LS, KMM_LS, KMM_YD, KMME_LS, KOM_LS, KOME_LS, MAD_LS, MADE_LS, MAK_LS, MAK_YD, MAKE_LS, MAT_LS, MATE_LS, MET_LS, METE_LS, MTO_LS, MTOE_LS, PET_LS, PETE_LS, ROS_LS, ROSE_LS, SECE_LS, TEK_LS, TEKE_LS, TEL_LS, UCK_LS, UCK_YD, UZB_LS, UZB_YD, UZBE_LS, YZVE_LS",-,-
134,20206,FIZ 102EL,Physics II Laboratory,Physical (Face to face),Nurcan Doğan Bingölbali,FEB,Friday,10:30/12:29,--,30,30,-,"BIO_LS, BIOE_LS, BLG_LS, BLGE_LS, CEV_LS, CEVE_LS, CHZ_LS, CHZE_LS, DEN_LS, DENE_LS, EHB_LS, EHBE_LS, ELE_LS, ELH_LS, ELK_LS, ELKE_LS, END_LS, ENDE_LS, ENTE_LS, EUT_LS, EUTE_LS, FIZ_YD, GEM_LS, GEME_LS, GEO_LS, GEOE_LS, GID_LS, GIDE_LS, HTA_LS, HTAE_LS, IBM_LS, IML_LS, IMLE_LS, INS_LS, INSE_LS, ISL_LS, ISLE_LS, JEF_LS, JEFE_LS, JEO_LS, JEOE_LS, KIM_LS, KIME_LS, KMM_LS, KMM_YD, KMME_LS, KOM_LS, KOME_LS, MAD_LS, MADE_LS, MAK_LS, MAK_YD, MAKE_LS, MAT_LS, MATE_LS, MET_LS, METE_LS, MTO_LS, MTOE_LS, PET_LS, PETE_LS, ROS_LS, ROSE_LS, SECE_LS, TEK_LS, TEKE_LS, TEL_LS, UCK_LS, UCK_YD, UZB_LS, UZB_YD, UZBE_LS, YZVE_LS",-,-
135,20207,FIZ 102EL,Physics II Laboratory,Physical (Face to face),Berna Morova,FEB,Friday,10:30/12:29,--,30,30,-,"BIO_LS, BIOE_LS, BLG_LS, BLGE_LS, CEV_LS, CEVE_LS, CHZ_LS, CHZE_LS, DEN_LS, DENE_LS, EHB_LS, EHBE_LS, ELE_LS, ELH_LS, ELK_LS, ELKE_LS, END_LS, ENDE_LS, ENTE_LS, EUT_LS, EUTE_LS, FIZ_YD, GEM_LS, GEME_LS, GEO_LS, GEOE_LS, GID_LS, GIDE_LS, HTA_LS, HTAE_LS, IBM_LS, IML_LS, IMLE_LS, INS_LS, INSE_LS, ISL_LS, ISLE_LS, JEF_LS, JEFE_LS, JEO_LS, JEOE_LS, KIM_LS, KIME_LS, KMM_LS, KMM_YD, KMME_LS, KOM_LS, KOME_LS, MAD_LS, MADE_LS, MAK_LS, MAK_YD, MAKE_LS, MAT_LS, MATE_LS, MET_LS, METE_LS, MTO_LS, MTOE_LS, PET_LS, PETE_LS, ROS_LS, ROSE_LS, SECE_LS, TEK_LS, TEKE_LS, TEL_LS, UCK_LS, UCK_YD, UZB_LS, UZB_YD, UZBE_LS, YZVE_LS",-,-
136,20208,FIZ 102EL,Physics II Laboratory,Physical (Face to face),Mehmet Özkan,FEB,Friday,10:30/12:29,--,30,30,-,"BIO_LS, BIOE_LS, BLG_LS, BLGE_LS, CEV_LS, CEVE_LS, CHZ_LS, CHZE_LS, DEN_LS, DENE_LS, EHB_LS, EHBE_LS, ELE_LS, ELH_LS, ELK_LS, ELKE_LS, END_LS, ENDE_LS, ENTE_LS, EUT_LS, EUTE_LS, FIZ_YD, GEM_LS, GEME_LS, GEO_LS, GEOE_LS, GID_LS, GIDE_LS, HTA_LS, HTAE_LS, IBM_LS, IML_LS, IMLE_LS, INS_LS, INSE_LS, ISL_LS, ISLE_LS, JEF_LS, JEFE_LS, JEO_LS, JEOE_LS, KIM_LS, KIME_LS, KMM_LS, KMM_YD, KMME_LS, KOM_LS, KOME_LS, MAD_LS, MADE_LS, MAK_LS, MAK_YD, MAKE_LS, MAT_LS, MATE_LS, MET_LS, METE_LS, MTO_LS, MTOE_LS, PET_LS, PETE_LS, ROS_LS, ROSE_LS, SECE_LS, TEK_LS, TEKE_LS, TEL_LS, UCK_LS, UCK_YD, UZB_LS, UZB_YD, UZBE_LS, YZVE_LS",-,-
137,20209,FIZ 102EL,Physics II Laboratory,Physical (Face to face),Ahmet Altındal,FEB,Friday,14:30/16:29,--,30,30,-,"BIO_LS, BIOE_LS, BLG_LS, BLGE_LS, CEV_LS, CEVE_LS, CHZ_LS, CHZE_LS, DEN_LS, DENE_LS, EHB_LS, EHBE_LS, ELE_LS, ELH_LS, ELK_LS, ELKE_LS, END_LS, ENDE_LS, ENTE_LS, EUT_LS, EUTE_LS, FIZ_YD, GEM_LS, GEME_LS, GEO_LS, GEOE_LS, GID_LS, GIDE_LS, HTA_LS, HTAE_LS, IBM_LS, IML_LS, IMLE_LS, INS_LS, INSE_LS, ISL_LS, ISLE_LS, JEF_LS, JEFE_LS, JEO_LS, JEOE_LS, KIM_LS, KIME_LS, KMM_LS, KMM_YD, KMME_LS, KOM_LS, KOME_LS, MAD_LS, MADE_LS, MAK_LS, MAK_YD, MAKE_LS, MAT_LS, MATE_LS, MET_LS, METE_LS, MTO_LS, MTOE_LS, PET_LS, PETE_LS, ROS_LS, ROSE_LS, SECE_LS, TEK_LS, TEKE_LS, TEL_LS, UCK_LS, UCK_YD, UZB_LS, UZB_YD, UZBE_LS, YZVE_LS",-,-
138,20210,FIZ 102EL,Physics II Laboratory,Physical (Face to face),Ali Gelir,FEB,Friday,14:30/16:29,--,30,30,-,"BIO_LS, BIOE_LS, BLG_LS, BLGE_LS, CEV_LS, CEVE_LS, CHZ_LS, CHZE_LS, DEN_LS, DENE_LS, EHB_LS, EHBE_LS, ELE_LS, ELH_LS, ELK_LS, ELKE_LS, END_LS, ENDE_LS, ENTE_LS, EUT_LS, EUTE_LS, FIZ_YD, GEM_LS, GEME_LS, GEO_LS, GEOE_LS, GID_LS, GIDE_LS, HTA_LS, HTAE_LS, IBM_LS, IML_LS, IMLE_LS, INS_LS, INSE_LS, ISL_LS, ISLE_LS, JEF_LS, JEFE_LS, JEO_LS, JEOE_LS, KIM_LS, KIME_LS, KMM_LS, KMM_YD, KMME_LS, KOM_LS, KOME_LS, MAD_LS, MADE_LS, MAK_LS, MAK_YD, MAKE_LS, MAT_LS, MATE_LS, MET_LS, METE_LS, MTO_LS, MTOE_LS, PET_LS, PETE_LS, ROS_LS, ROSE_LS, SECE_LS, TEK_LS, TEKE_LS, TEL_LS, UCK_LS, UCK_YD, UZB_LS, UZB_YD, UZBE_LS, YZVE_LS",-,-
139,20211,FIZ 102EL,Physics II Laboratory,Physical (Face to face),Kazım Yavuz Ekşi,FEB,Friday,14:30/16:29,--,30,30,-,"BIO_LS, BIOE_LS, BLG_LS, BLGE_LS, CEV_LS, CEVE_LS, CHZ_LS, CHZE_LS, DEN_LS, DENE_LS, EHB_LS, EHBE_LS, ELE_LS, ELH_LS, ELK_LS, ELKE_LS, END_LS, ENDE_LS, ENTE_LS, EUT_LS, EUTE_LS, FIZ_YD, GEM_LS, GEME_LS, GEO_LS, GEOE_LS, GID_LS, GIDE_LS, HTA_LS, HTAE_LS, IBM_LS, IML_LS, IMLE_LS, INS_LS, INSE_LS, ISL_LS, ISLE_LS, JEF_LS, JEFE_LS, JEO_LS, JEOE_LS, KIM_LS, KIME_LS, KMM_LS, KMM_YD, KMME_LS, KOM_LS, KOME_LS, MAD_LS, MADE_LS, MAK_LS, MAK_YD, MAKE_LS, MAT_LS, MATE_LS, MET_LS, METE_LS, MTO_LS, MTOE_LS, PET_LS, PETE_LS, ROS_LS, ROSE_LS, SECE_LS, TEK_LS, TEKE_LS, TEL_LS, UCK_LS, UCK_YD, UZB_LS, UZB_YD, UZBE_LS, YZVE_LS",-,-
140,20212,FIZ 102EL,Physics II Laboratory,Physical (Face to face),Mehmet Cem Güçlü,FEB,Friday,14:30/16:29,--,30,27,-,"BIO_LS, BIOE_LS, BLG_LS, BLGE_LS, CEV_LS, CEVE_LS, CHZ_LS, CHZE_LS, DEN_LS, DENE_LS, EHB_LS, EHBE_LS, ELE_LS, ELH_LS, ELK_LS, ELKE_LS, END_LS, ENDE_LS, ENTE_LS, EUT_LS, EUTE_LS, FIZ_YD, GEM_LS, GEME_LS, GEO_LS, GEOE_LS, GID_LS, GIDE_LS, HTA_LS, HTAE_LS, IBM_LS, IML_LS, IMLE_LS, INS_LS, INSE_LS, ISL_LS, ISLE_LS, JEF_LS, JEFE_LS, JEO_LS, JEOE_LS, KIM_LS, KIME_LS, KMM_LS, KMM_YD, KMME_LS, KOM_LS, KOME_LS, MAD_LS, MADE_LS, MAK_LS, MAK_YD, MAKE_LS, MAT_LS, MATE_LS, MET_LS, METE_LS, MTO_LS, MTOE_LS, PET_LS, PETE_LS, ROS_LS, ROSE_LS, SECE_LS, TEK_LS, TEKE_LS, TEL_LS, UCK_LS, UCK_YD, UZB_LS, UZB_YD, UZBE_LS, YZVE_LS",-,-
141,20213,FIZ 102EL,Physics II Laboratory,Physical (Face to face),Özgür Akarsu,FEB,Friday,14:30/16:29,--,30,30,-,"BIO_LS, BIOE_LS, BLG_LS, BLGE_LS, CEV_LS, CEVE_LS, CHZ_LS, CHZE_LS, DEN_LS, DENE_LS, EHB_LS, EHBE_LS, ELE_LS, ELH_LS, ELK_LS, ELKE_LS, END_LS, ENDE_LS, ENTE_LS, EUT_LS, EUTE_LS, FIZ_YD, GEM_LS, GEME_LS, GEO_LS, GEOE_LS, GID_LS, GIDE_LS, HTA_LS, HTAE_LS, IBM_LS, IML_LS, IMLE_LS, INS_LS, INSE_LS, ISL_LS, ISLE_LS, JEF_LS, JEFE_LS, JEO_LS, JEOE_LS, KIM_LS, KIME_LS, KMM_LS, KMM_YD, KMME_LS, KOM_LS, KOME_LS, MAD_LS, MADE_LS, MAK_LS, MAK_YD, MAKE_LS, MAT_LS, MATE_LS, MET_LS, METE_LS, MTO_LS, MTOE_LS, PET_LS, PETE_LS, ROS_LS, ROSE_LS, SECE_LS, TEK_LS, TEKE_LS, TEL_LS, UCK_LS, UCK_YD, UZB_LS, UZB_YD, UZBE_LS, YZVE_LS",-,-
142,20214,FIZ 102EL,Physics II Laboratory,Physical (Face to face),Yağız Morova,FEB,Friday,14:30/16:29,--,30,29,-,"BIO_LS, BIOE_LS, BLG_LS, BLGE_LS, CEV_LS, CEVE_LS, CHZ_LS, CHZE_LS, DEN_LS, DENE_LS, EHB_LS, EHBE_LS, ELE_LS, ELH_LS, ELK_LS, ELKE_LS, END_LS, ENDE_LS, ENTE_LS, EUT_LS, EUTE_LS, FIZ_YD, GEM_LS, GEME_LS, GEO_LS, GEOE_LS, GID_LS, GIDE_LS, HTA_LS, HTAE_LS, IBM_LS, IML_LS, IMLE_LS, INS_LS, INSE_LS, ISL_LS, ISLE_LS, JEF_LS, JEFE_LS, JEO_LS, JEOE_LS, KIM_LS, KIME_LS, KMM_LS, KMM_YD, KMME_LS, KOM_LS, KOME_LS, MAD_LS, MADE_LS, MAK_LS, MAK_YD, MAKE_LS, MAT_LS, MATE_LS, MET_LS, METE_LS, MTO_LS, MTOE_LS, PET_LS, PETE_LS, ROS_LS, ROSE_LS, SECE_LS, TEK_LS, TEKE_LS, TEL_LS, UCK_LS, UCK_YD, UZB_LS, UZB_YD, UZBE_LS, YZVE_LS",-,-
143,20215,FIZ 102EL,Physics II Laboratory,Physical (Face to face),İbrahim Türhan,FEB,Friday,14:30/16:29,--,30,27,-,"BIO_LS, BIOE_LS, BLG_LS, BLGE_LS, CEV_LS, CEVE_LS, CHZ_LS, CHZE_LS, DEN_LS, DENE_LS, EHB_LS, EHBE_LS, ELE_LS, ELH_LS, ELK_LS, ELKE_LS, END_LS, ENDE_LS, ENTE_LS, EUT_LS, EUTE_LS, FIZ_YD, GEM_LS, GEME_LS, GEO_LS, GEOE_LS, GID_LS, GIDE_LS, HTA_LS, HTAE_LS, IBM_LS, IML_LS, IMLE_LS, INS_LS, INSE_LS, ISL_LS, ISLE_LS, JEF_LS, JEFE_LS, JEO_LS, JEOE_LS, KIM_LS, KIME_LS, KMM_LS, KMM_YD, KMME_LS, KOM_LS, KOME_LS, MAD_LS, MADE_LS, MAK_LS, MAK_YD, MAKE_LS, MAT_LS, MATE_LS, MET_LS, METE_LS, MTO_LS, MTOE_LS, PET_LS, PETE_LS, ROS_LS, ROSE_LS, SECE_LS, TEK_LS, TEKE_LS, TEL_LS, UCK_LS, UCK_YD, UZB_LS, UZB_YD, UZBE_LS, YZVE_LS",-,-
144,20549,FIZ 102EL,Physics II Laboratory,Physical (Face to face),Banu Tansel Büyükçelebi,DZB,Tuesday,08:30/10:29,--,70,41,-,"DUI_LS, GMI_LS",-,-
145,20550,FIZ 102EL,Physics II Laboratory,Physical (Face to face),Banu Tansel Büyükçelebi,DZB,Tuesday,10:30/12:29,--,75,72,-,"DUI_LS, GMI_LS",-,-
146,24117,FIZ 102EL,Physics II Laboratory,Physical (Face to face),Özgün Girgin,BPB,Friday,09:00/10:59,--,30,26,-,IEBE_LS,-,-
147,24796,FIZ 102EL,Physics II Laboratory,Physical (Face to face),Banu Tansel Büyükçelebi,DZB,Wednesday,11:30/13:29,--,50,38,-,"MEN_LS, MTM_LS",-,-
148,24797,FIZ 102EL,Physics II Laboratory,Physical (Face to face),Banu Tansel Büyükçelebi,DZB,Tuesday,13:30/15:29,--,50,15,-,"MEN_LS, MTM_LS",-,-
149,23135,FIZ 113,Genel Fizik I,Physical (Face to face),Sevtap Yıldız Özbek,FEB FEB,Monday Wednesday,08:30/10:29 08:30/11:29,D206 D206,50,29,-,"FIZ_LS, FIZ_YD",-,-
150,23138,FIZ 116,Genel Fizik II,Physical (Face to face),Hakan Özgür Özer,FEB FEB,Monday Wednesday,08:30/10:29 08:30/11:29,D104 D104,75,68,-,"FIZ_LS, FIZ_YD",Detail,-
151,23142,FIZ 116EL,General Physics II Laboratory,Physical (Face to face),Hakan Özgür Özer,FEB,Wednesday,11:30/13:29,--,36,34,-,FIZ_LS,-,-
152,23143,FIZ 116EL,General Physics II Laboratory,Physical (Face to face),Hakan Özgür Özer,FEB,Wednesday,13:30/15:29,--,36,36,-,FIZ_LS,-,-
153,23147,FIZ 201,Modern Fizik,Physical (Face to face),Mehmet Murat Sunar,FEB,Monday,14:30/17:29,D102,60,23,-,"CHZ_LS, DEN_LS, FIZ_YD, GEM_LS, JEF_LS, JEO_LS, MAD_LS, MET_LS, MTO_LS, PET_LS, UCK_LS",Detail,-
154,23161,FIZ 201E,Modern Physics,Physical (Face to face),Mehmet Murat Sunar,MDB,Thursday,14:30/17:29,A204,60,48,-,"CHZ_LS, CHZE_LS, DEN_LS, DENE_LS, FIZ_YD, GEM_LS, GEME_LS, GEMK_LS, GMI_LS, GMIE_LS, JEF_LS, JEFE_LS, JEO_LS, JEOE_LS, MAD_LS, MADE_LS, MET_LS, METE_LS, MTO_LS, MTOE_LS, PET_LS, PETE_LS, UCK_LS, UZB_LS, UZB_YD, UZBE_LS",Detail,-
155,23163,FIZ 201E,Modern Physics,Physical (Face to face),Mehmet Murat Sunar,FEB,Friday,14:30/17:29,D103,80,55,-,"CHZ_LS, CHZE_LS, DEN_LS, DENE_LS, FIZ_YD, GEM_LS, GEME_LS, GEMK_LS, GMI_LS, GMIE_LS, JEF_LS, JEFE_LS, JEO_LS, JEOE_LS, MAD_LS, MADE_LS, MET_LS, METE_LS, MTO_LS, MTOE_LS, PET_LS, PETE_LS, UCK_LS, UZB_LS, UZB_YD, UZBE_LS",Detail,-
156,23166,FIZ 210,Fizikte Matematiksel Yöntemlere Giriş,Physical (Face to face),Ali Yıldız,FEB FEB,Monday Wednesday,10:30/12:29 13:30/15:29,D204 D102,75,44,-,FIZ_LS,Detail,-
157,23169,FIZ 214,Dalgalar Fiziği,Physical (Face to face),Ali Gelir,FEB YDY,Monday Wednesday,08:30/10:29 08:30/11:29,D205 --,90,34,-,"FIZ_LS, FIZ_YD",Detail,-
158,23176,FIZ 214EL,Wave Physics Laboratory,Physical (Face to face),Ali Gelir,FEB,Thursday,13:30/15:29,--,20,13,-,"FIZ_LS, FIZE_LS",-,-
159,23179,FIZ 215,Modern Fizik,Physical (Face to face),Seda Aksoy Esinoğlu,FEB FEB,Monday Wednesday,08:30/10:29 08:30/11:29,D204 D204,90,48,-,FIZ_LS,Detail,-
160,23182,FIZ 215EL,Modern Physics Laboratory,Physical (Face to face),Seda Aksoy Esinoğlu,FEB,Monday,15:30/17:29,--,22,22,-,"FIZ_LS, FIZE_LS",Detail,-
161,23185,FIZ 215EL,Modern Physics Laboratory,Physical (Face to face),Seda Aksoy Esinoğlu,FEB,Friday,09:30/11:29,--,22,11,-,"FIZ_LS, FIZE_LS",Detail,-
162,23187,FIZ 215EL,Modern Physics Laboratory,Physical (Face to face),Seda Aksoy Esinoğlu,FEB,Thursday,13:30/15:29,--,22,15,-,"FIZ_LS, FIZE_LS",Detail,-
163,23192,FIZ 272E,Computatnl Methods in Physics,Physical (Face to face),Tolga Birkandan,FEB FEB,Tuesday Thursday,08:30/10:29 08:30/10:29,OBL3 OBL3,40,9,-,"FIZ_LS, FIZ_YD, FIZE_LS",Detail,-
164,23194,FIZ 272E,Computatnl Methods in Physics,Physical (Face to face),Tolga Birkandan,FEB FEB,Tuesday Thursday,11:30/13:29 11:30/13:29,OBL3 OBL3,40,40,-,"FIZ_LS, FIZ_YD, FIZE_LS",Detail,-
165,23196,FIZ 274,Fizikçiler için Termodinamik,Physical (Face to face),Sevim İşçi Turutoğlu,FEB FEB,Tuesday Wednesday,13:30/15:29 11:30/13:29,D202 D104,90,78,-,FIZ_LS,Detail,-
166,23198,FIZ 274EL,Termodynamics Laboratory,Physical (Face to face),Sevim İşçi Turutoğlu,FEB,Wednesday,13:30/15:29,--,25,16,-,"FIZ_LS, FIZE_LS",-,-
167,23199,FIZ 274EL,Termodynamics Laboratory,Physical (Face to face),Sevim İşçi Turutoğlu,FEB,Thursday,11:30/13:29,--,25,18,-,"FIZ_LS, FIZE_LS",-,-
168,23202,FIZ 274EL,Termodynamics Laboratory,Physical (Face to face),Sevim İşçi Turutoğlu,FEB,Thursday,15:30/17:29,--,25,25,-,"FIZ_LS, FIZE_LS",-,-
169,23204,FIZ 284E,Classical Mechanics I,Physical (Face to face),Vakıf Kemal Önemli,FEB FEB,Monday Tuesday,12:30/14:29 15:30/17:29,D102 D102,90,53,-,"FIZ_LS, FIZ_YD",Detail,-
170,23207,FIZ 310,İstatistik Fizik,Physical (Face to face),Oğuzhan Gürlü,FEB FEB,Tuesday Thursday,10:30/13:29 11:30/13:29,D204 D204,90,67,-,"FIZ_LS, FIZ_YD",Detail,-
171,23212,FIZ 315,Kuantum Mekaniği I,Physical (Face to face),Neşe Özdemir,FEB FEB,Monday Wednesday,08:30/10:29 08:30/11:29,D105 D105,90,32,-,"FIZ_LS, FIZ_YD",Detail,-
172,23214,FIZ 316,Kuantum Mekaniği II,Physical (Face to face),Haluk Özbek,FEB FEB,Monday Wednesday,08:30/10:29 08:30/11:29,D202 D202,70,50,-,"FIZ_LS, FIZ_YD",Detail,-
173,23216,FIZ 323E,Mathematical Meth.in Physics I,Physical (Face to face),Cem Özgür Servantie,FEB FEB,Tuesday Thursday,08:30/10:29 08:30/11:29,D204 D204,75,57,-,"FIZ_LS, FIZ_YD",Detail,-
174,23219,FIZ 374,Fizikte Deneysel Yöntemler I,Physical (Face to face),Murat Erdem,YDY YDY,Thursday Friday,13:30/15:29 14:30/16:29,177 177,90,89,-,FIZ_LS,-,-
175,23224,FIZ 374EL,Methods of Exp. Physics Lab.,Physical (Face to face),Murat Erdem,FEB,Wednesday,11:30/13:29,--,20,19,-,"FIZ_LS, FIZE_LS",Detail,-
176,23225,FIZ 374EL,Methods of Exp. Physics Lab.,Physical (Face to face),Murat Erdem,FEB,Wednesday,13:30/15:29,--,20,15,-,"FIZ_LS, FIZE_LS",Detail,-
177,23228,FIZ 374EL,Methods of Exp. Physics Lab.,Physical (Face to face),Murat Erdem,FEB,Thursday,15:30/17:29,--,20,20,-,"FIZ_LS, FIZE_LS",Detail,-
178,23230,FIZ 381,Klasik Mekanik II,Physical (Face to face),Meltem Güngörmez,FEB FEB,Tuesday Wednesday,15:30/17:29 13:30/15:29,D101 D106,30,28,-,FIZ_LS,Detail,-
179,23234,FIZ 411,Elektromanyetik Teori I,Physical (Face to face),Ahmet Levent Subaşı,FEB FEB,Tuesday Thursday,08:30/10:29 08:30/11:29,D202 D202,70,57,-,FIZ_LS,Detail,-
180,23235,FIZ 412,Elektromanyetik Teori II,Physical (Face to face),Abdurrahman Savaş Arapoğlu,FEB FEB,Tuesday Thursday,08:30/10:29 08:30/10:29,D304 D103,60,31,-,FIZ_LS,Detail,-
181,23247,FIZ 443,Güneş Ener. Fizik ve Tek. I,Physical (Face to face),-,-,-,-/-,-,0,0,-,FIZ_LS,-,-
182,23252,FIZ 454,Sağlık Fiziği,Physical (Face to face),Nurcan Doğan Bingölbali,FEB FEB,Monday Tuesday,12:30/14:29 13:30/15:29,D201 D101,40,39,-,FIZ_LS,-,-
183,23258,FIZ 466E,Astrophysics II,Physical (Face to face),Kazım Yavuz Ekşi,FEB,Monday,14:30/17:29,D206,30,9,-,"FIZ_LS, FIZE_LS",Detail,-
184,23262,FIZ 4901,Fizik Mühendisliği Tasarımı I,Physical (Face to face),Ahmet Levent Subaşı,-,-,-/-,-,500,12,-,FIZ_LS,Detail,Detail
185,23265,FIZ 4901E,Physics Engeering Design I,Physical (Face to face),Ahmet Levent Subaşı,-,-,-/-,-,500,7,-,"FIZ_LS, FIZE_LS",Detail,Detail
186,23268,FIZ 4902,Fizik Mühendisliği Tasarımı II,Physical (Face to face),Ahmet Levent Subaşı,-,-,-/-,-,500,23,-,FIZ_LS,Detail,-
187,23270,FIZ 4902E,Physics Engeering Design II,Physical (Face to face),Ahmet Levent Subaşı,-,-,-/-,-,500,16,-,"FIZ_LS, FIZE_LS",Detail,-
