,CRN,Course Code,Course Title,Teaching Method,Instructor,Building,Day,Time,Room,Capacity,Enrolled,Reservation Maj./Cap./Enrl.,Major Restriction,Prerequisites,Credit/Class Resc.
0,20310,ING 100,EAP Through Global Goals,Physical (Face to face),Hacer Şivil,YDY,Monday,08:30/11:29,149,20,13,-,"BIOE_LS, BLG_LS, BLGE_LS, CEV_LS, CEVE_LS, CHZ_LS, DEN_LS, ECNE_LS, EHB_LS, EHBE_LS, ELK_LS, ELKE_LS, END_LS, ENDE_LS, ENTE_LS, FIZ_LS, GEM_LS, GEO_LS, GEOE_LS, GID_LS, HTA_LS, HTAE_LS, IBM_LS, ICM_LS, INS_LS, INSE_LS, ISL_LS, ISLE_LS, JEF_LS, JEO_LS, KIM_LS, KMM_LS, KOM_LS, KOME_LS, MAD_LS, MAK_LS, MAT_LS, MET_LS, METE_LS, MIM_LS, MIME_LS, MTO_LS, PEME_LS, PETE_LS, ROS_LS, ROSE_LS, SAO_OL, SBP_LS, SBPE_LS, SECE_LS, TEKE_LS, UCK_LS, UZBE_LS, VBAE_LS, YZVE_LS",-,-
1,20312,ING 100,EAP Through Global Goals,Physical (Face to face),Dilek Öztürk Yağcı,YDY,Monday,08:30/11:29,150,20,19,-,"BIOE_LS, BLG_LS, BLGE_LS, CEV_LS, CEVE_LS, CHZ_LS, DEN_LS, ECNE_LS, EHB_LS, EHBE_LS, ELK_LS, ELKE_LS, END_LS, ENDE_LS, ENTE_LS, FIZ_LS, GEM_LS, GEO_LS, GEOE_LS, GID_LS, HTA_LS, HTAE_LS, IBM_LS, ICM_LS, INS_LS, INSE_LS, ISL_LS, ISLE_LS, JEF_LS, JEO_LS, KIM_LS, KMM_LS, KOM_LS, KOME_LS, MAD_LS, MAK_LS, MAT_LS, MET_LS, METE_LS, MIM_LS, MIME_LS, MTO_LS, PEME_LS, PETE_LS, ROS_LS, ROSE_LS, SAO_OL, SBP_LS, SBPE_LS, SECE_LS, TEKE_LS, UCK_LS, UZBE_LS, VBAE_LS, YZVE_LS",-,-
2,20314,ING 100,EAP Through Global Goals,Physical (Face to face),Özlem Ayar Gemalmaz,YDY,Monday,08:30/11:29,151,20,20,-,"BIOE_LS, BLG_LS, BLGE_LS, CEV_LS, CEVE_LS, CHZ_LS, DEN_LS, ECNE_LS, EHB_LS, EHBE_LS, ELK_LS, ELKE_LS, END_LS, ENDE_LS, ENTE_LS, FIZ_LS, GEM_LS, GEO_LS, GEOE_LS, GID_LS, HTA_LS, HTAE_LS, IBM_LS, ICM_LS, INS_LS, INSE_LS, ISL_LS, ISLE_LS, JEF_LS, JEO_LS, KIM_LS, KMM_LS, KOM_LS, KOME_LS, MAD_LS, MAK_LS, MAT_LS, MET_LS, METE_LS, MIM_LS, MIME_LS, MTO_LS, PEME_LS, PETE_LS, ROS_LS, ROSE_LS, SAO_OL, SBP_LS, SBPE_LS, SECE_LS, TEKE_LS, UCK_LS, UZBE_LS, VBAE_LS, YZVE_LS",-,-
3,20316,ING 100,EAP Through Global Goals,Physical (Face to face),Aslıhan Zengin,YDY,Monday,13:30/16:29,149,20,18,-,"BIOE_LS, BLG_LS, BLGE_LS, CEV_LS, CEVE_LS, CHZ_LS, DEN_LS, ECNE_LS, EHB_LS, EHBE_LS, ELK_LS, ELKE_LS, END_LS, ENDE_LS, ENTE_LS, FIZ_LS, GEM_LS, GEO_LS, GEOE_LS, GID_LS, HTA_LS, HTAE_LS, IBM_LS, ICM_LS, INS_LS, INSE_LS, ISL_LS, ISLE_LS, JEF_LS, JEO_LS, KIM_LS, KMM_LS, KOM_LS, KOME_LS, MAD_LS, MAK_LS, MAT_LS, MET_LS, METE_LS, MIM_LS, MIME_LS, MTO_LS, PEME_LS, PETE_LS, ROS_LS, ROSE_LS, SAO_OL, SBP_LS, SBPE_LS, SECE_LS, TEKE_LS, UCK_LS, UZBE_LS, VBAE_LS, YZVE_LS",-,-
4,20317,ING 100,EAP Through Global Goals,Physical (Face to face),Meryem Simge Çengel Avcu,YDY,Monday,13:30/16:29,150,20,20,-,"BIOE_LS, BLG_LS, BLGE_LS, CEV_LS, CEVE_LS, CHZ_LS, DEN_LS, ECNE_LS, EHB_LS, EHBE_LS, ELK_LS, ELKE_LS, END_LS, ENDE_LS, ENTE_LS, FIZ_LS, GEM_LS, GEO_LS, GEOE_LS, GID_LS, HTA_LS, HTAE_LS, IBM_LS, ICM_LS, INS_LS, INSE_LS, ISL_LS, ISLE_LS, JEF_LS, JEO_LS, KIM_LS, KMM_LS, KOM_LS, KOME_LS, MAD_LS, MAK_LS, MAT_LS, MET_LS, METE_LS, MIM_LS, MIME_LS, MTO_LS, PEME_LS, PETE_LS, ROS_LS, ROSE_LS, SAO_OL, SBP_LS, SBPE_LS, SECE_LS, TEKE_LS, UCK_LS, UZBE_LS, VBAE_LS, YZVE_LS",-,-
5,20318,ING 100,EAP Through Global Goals,Physical (Face to face),Esra Sancak,YDY,Monday,13:30/16:29,151,20,15,-,"BIOE_LS, BLG_LS, BLGE_LS, CEV_LS, CEVE_LS, CHZ_LS, DEN_LS, ECNE_LS, EHB_LS, EHBE_LS, ELK_LS, ELKE_LS, END_LS, ENDE_LS, ENTE_LS, FIZ_LS, GEM_LS, GEO_LS, GEOE_LS, GID_LS, HTA_LS, HTAE_LS, IBM_LS, ICM_LS, INS_LS, INSE_LS, ISL_LS, ISLE_LS, JEF_LS, JEO_LS, KIM_LS, KMM_LS, KOM_LS, KOME_LS, MAD_LS, MAK_LS, MAT_LS, MET_LS, METE_LS, MIM_LS, MIME_LS, MTO_LS, PEME_LS, PETE_LS, ROS_LS, ROSE_LS, SAO_OL, SBP_LS, SBPE_LS, SECE_LS, TEKE_LS, UCK_LS, UZBE_LS, VBAE_LS, YZVE_LS",-,-
6,20319,ING 100,EAP Through Global Goals,Physical (Face to face),Yasemin Yılmaz Yüksek,YDY,Tuesday,08:30/11:29,149,20,18,-,"BIOE_LS, BLG_LS, BLGE_LS, CEV_LS, CEVE_LS, CHZ_LS, DEN_LS, ECNE_LS, EHB_LS, EHBE_LS, ELK_LS, ELKE_LS, END_LS, ENDE_LS, ENTE_LS, FIZ_LS, GEM_LS, GEO_LS, GEOE_LS, GID_LS, HTA_LS, HTAE_LS, IBM_LS, ICM_LS, INS_LS, INSE_LS, ISL_LS, ISLE_LS, JEF_LS, JEO_LS, KIM_LS, KMM_LS, KOM_LS, KOME_LS, MAD_LS, MAK_LS, MAT_LS, MET_LS, METE_LS, MIM_LS, MIME_LS, MTO_LS, PEME_LS, PETE_LS, ROS_LS, ROSE_LS, SAO_OL, SBP_LS, SBPE_LS, SECE_LS, TEKE_LS, UCK_LS, UZBE_LS, VBAE_LS, YZVE_LS",-,-
7,20321,ING 100,EAP Through Global Goals,Physical (Face to face),Zeynep Kurular,YDY,Tuesday,08:30/11:29,150,20,19,-,"BIOE_LS, BLG_LS, BLGE_LS, CEV_LS, CEVE_LS, CHZ_LS, DEN_LS, ECNE_LS, EHB_LS, EHBE_LS, ELK_LS, ELKE_LS, END_LS, ENDE_LS, ENTE_LS, FIZ_LS, GEM_LS, GEO_LS, GEOE_LS, GID_LS, HTA_LS, HTAE_LS, IBM_LS, ICM_LS, INS_LS, INSE_LS, ISL_LS, ISLE_LS, JEF_LS, JEO_LS, KIM_LS, KMM_LS, KOM_LS, KOME_LS, MAD_LS, MAK_LS, MAT_LS, MET_LS, METE_LS, MIM_LS, MIME_LS, MTO_LS, PEME_LS, PETE_LS, ROS_LS, ROSE_LS, SAO_OL, SBP_LS, SBPE_LS, SECE_LS, TEKE_LS, UCK_LS, UZBE_LS, VBAE_LS, YZVE_LS",-,-
8,20324,ING 100,EAP Through Global Goals,Physical (Face to face),Merve Sevtap Süren,YDY,Tuesday,13:30/16:29,149,20,18,-,"BIOE_LS, BLG_LS, BLGE_LS, CEV_LS, CEVE_LS, CHZ_LS, DEN_LS, ECNE_LS, EHB_LS, EHBE_LS, ELK_LS, ELKE_LS, END_LS, ENDE_LS, ENTE_LS, FIZ_LS, GEM_LS, GEO_LS, GEOE_LS, GID_LS, HTA_LS, HTAE_LS, IBM_LS, ICM_LS, INS_LS, INSE_LS, ISL_LS, ISLE_LS, JEF_LS, JEO_LS, KIM_LS, KMM_LS, KOM_LS, KOME_LS, MAD_LS, MAK_LS, MAT_LS, MET_LS, METE_LS, MIM_LS, MIME_LS, MTO_LS, PEME_LS, PETE_LS, ROS_LS, ROSE_LS, SAO_OL, SBP_LS, SBPE_LS, SECE_LS, TEKE_LS, UCK_LS, UZBE_LS, VBAE_LS, YZVE_LS",-,-
9,20326,ING 100,EAP Through Global Goals,Physical (Face to face),Aslıhan Zengin,YDY,Tuesday,13:30/16:29,150,20,20,-,"BIOE_LS, BLG_LS, BLGE_LS, CEV_LS, CEVE_LS, CHZ_LS, DEN_LS, ECNE_LS, EHB_LS, EHBE_LS, ELK_LS, ELKE_LS, END_LS, ENDE_LS, ENTE_LS, FIZ_LS, GEM_LS, GEO_LS, GEOE_LS, GID_LS, HTA_LS, HTAE_LS, IBM_LS, ICM_LS, INS_LS, INSE_LS, ISL_LS, ISLE_LS, JEF_LS, JEO_LS, KIM_LS, KMM_LS, KOM_LS, KOME_LS, MAD_LS, MAK_LS, MAT_LS, MET_LS, METE_LS, MIM_LS, MIME_LS, MTO_LS, PEME_LS, PETE_LS, ROS_LS, ROSE_LS, SAO_OL, SBP_LS, SBPE_LS, SECE_LS, TEKE_LS, UCK_LS, UZBE_LS, VBAE_LS, YZVE_LS",-,-
10,20328,ING 100,EAP Through Global Goals,Physical (Face to face),Aslı Özkara,YDY,Tuesday,13:30/16:29,151,20,20,-,"BIOE_LS, BLG_LS, BLGE_LS, CEV_LS, CEVE_LS, CHZ_LS, DEN_LS, ECNE_LS, EHB_LS, EHBE_LS, ELK_LS, ELKE_LS, END_LS, ENDE_LS, ENTE_LS, FIZ_LS, GEM_LS, GEO_LS, GEOE_LS, GID_LS, HTA_LS, HTAE_LS, IBM_LS, ICM_LS, INS_LS, INSE_LS, ISL_LS, ISLE_LS, JEF_LS, JEO_LS, KIM_LS, KMM_LS, KOM_LS, KOME_LS, MAD_LS, MAK_LS, MAT_LS, MET_LS, METE_LS, MIM_LS, MIME_LS, MTO_LS, PEME_LS, PETE_LS, ROS_LS, ROSE_LS, SAO_OL, SBP_LS, SBPE_LS, SECE_LS, TEKE_LS, UCK_LS, UZBE_LS, VBAE_LS, YZVE_LS",-,-
11,20330,ING 100,EAP Through Global Goals,Physical (Face to face),Sabiha Bahar Arıcı,YDY,Tuesday,13:30/16:29,373,20,20,-,"BIOE_LS, BLG_LS, BLGE_LS, CEV_LS, CEVE_LS, CHZ_LS, DEN_LS, ECNE_LS, EHB_LS, EHBE_LS, ELK_LS, ELKE_LS, END_LS, ENDE_LS, ENTE_LS, FIZ_LS, GEM_LS, GEO_LS, GEOE_LS, GID_LS, HTA_LS, HTAE_LS, IBM_LS, ICM_LS, INS_LS, INSE_LS, ISL_LS, ISLE_LS, JEF_LS, JEO_LS, KIM_LS, KMM_LS, KOM_LS, KOME_LS, MAD_LS, MAK_LS, MAT_LS, MET_LS, METE_LS, MIM_LS, MIME_LS, MTO_LS, PEME_LS, PETE_LS, ROS_LS, ROSE_LS, SAO_OL, SBP_LS, SBPE_LS, SECE_LS, TEKE_LS, UCK_LS, UZBE_LS, VBAE_LS, YZVE_LS",-,-
12,20335,ING 100,EAP Through Global Goals,Physical (Face to face),Özlem Ayar Gemalmaz,YDY,Wednesday,08:30/11:29,149,20,19,-,"BIOE_LS, BLG_LS, BLGE_LS, CEV_LS, CEVE_LS, CHZ_LS, DEN_LS, ECNE_LS, EHB_LS, EHBE_LS, ELK_LS, ELKE_LS, END_LS, ENDE_LS, ENTE_LS, FIZ_LS, GEM_LS, GEO_LS, GEOE_LS, GID_LS, HTA_LS, HTAE_LS, IBM_LS, ICM_LS, INS_LS, INSE_LS, ISL_LS, ISLE_LS, JEF_LS, JEO_LS, KIM_LS, KMM_LS, KOM_LS, KOME_LS, MAD_LS, MAK_LS, MAT_LS, MET_LS, METE_LS, MIM_LS, MIME_LS, MTO_LS, PEME_LS, PETE_LS, ROS_LS, ROSE_LS, SAO_OL, SBP_LS, SBPE_LS, SECE_LS, TEKE_LS, UCK_LS, UZBE_LS, VBAE_LS, YZVE_LS",-,-
13,20342,ING 100,EAP Through Global Goals,Physical (Face to face),Nurçin Ramadanoğlu,YDY,Wednesday,08:30/11:29,151,20,17,-,"BIOE_LS, BLG_LS, BLGE_LS, CEV_LS, CEVE_LS, CHZ_LS, DEN_LS, ECNE_LS, EHB_LS, EHBE_LS, ELK_LS, ELKE_LS, END_LS, ENDE_LS, ENTE_LS, FIZ_LS, GEM_LS, GEO_LS, GEOE_LS, GID_LS, HTA_LS, HTAE_LS, IBM_LS, ICM_LS, INS_LS, INSE_LS, ISL_LS, ISLE_LS, JEF_LS, JEO_LS, KIM_LS, KMM_LS, KOM_LS, KOME_LS, MAD_LS, MAK_LS, MAT_LS, MET_LS, METE_LS, MIM_LS, MIME_LS, MTO_LS, PEME_LS, PETE_LS, ROS_LS, ROSE_LS, SAO_OL, SBP_LS, SBPE_LS, SECE_LS, TEKE_LS, UCK_LS, UZBE_LS, VBAE_LS, YZVE_LS",-,-
14,20344,ING 100,EAP Through Global Goals,Physical (Face to face),Mehtap İpek Kurt,YDY,Thursday,08:30/11:29,149,20,20,-,"BIOE_LS, BLG_LS, BLGE_LS, CEV_LS, CEVE_LS, CHZ_LS, DEN_LS, ECNE_LS, EHB_LS, EHBE_LS, ELK_LS, ELKE_LS, END_LS, ENDE_LS, ENTE_LS, FIZ_LS, GEM_LS, GEO_LS, GEOE_LS, GID_LS, HTA_LS, HTAE_LS, IBM_LS, ICM_LS, INS_LS, INSE_LS, ISL_LS, ISLE_LS, JEF_LS, JEO_LS, KIM_LS, KMM_LS, KOM_LS, KOME_LS, MAD_LS, MAK_LS, MAT_LS, MET_LS, METE_LS, MIM_LS, MIME_LS, MTO_LS, PEME_LS, PETE_LS, ROS_LS, ROSE_LS, SAO_OL, SBP_LS, SBPE_LS, SECE_LS, TEKE_LS, UCK_LS, UZBE_LS, VBAE_LS, YZVE_LS",-,-
15,20346,ING 100,EAP Through Global Goals,Physical (Face to face),Nurçin Ramadanoğlu,YDY,Thursday,08:30/11:29,151,20,19,-,"BIOE_LS, BLG_LS, BLGE_LS, CEV_LS, CEVE_LS, CHZ_LS, DEN_LS, ECNE_LS, EHB_LS, EHBE_LS, ELK_LS, ELKE_LS, END_LS, ENDE_LS, ENTE_LS, FIZ_LS, GEM_LS, GEO_LS, GEOE_LS, GID_LS, HTA_LS, HTAE_LS, IBM_LS, ICM_LS, INS_LS, INSE_LS, ISL_LS, ISLE_LS, JEF_LS, JEO_LS, KIM_LS, KMM_LS, KOM_LS, KOME_LS, MAD_LS, MAK_LS, MAT_LS, MET_LS, METE_LS, MIM_LS, MIME_LS, MTO_LS, PEME_LS, PETE_LS, ROS_LS, ROSE_LS, SAO_OL, SBP_LS, SBPE_LS, SECE_LS, TEKE_LS, UCK_LS, UZBE_LS, VBAE_LS, YZVE_LS",-,-
16,20348,ING 100,EAP Through Global Goals,Physical (Face to face),Mehtap İpek Kurt,YDY,Thursday,13:30/16:29,149,20,20,-,"BIOE_LS, BLG_LS, BLGE_LS, CEV_LS, CEVE_LS, CHZ_LS, DEN_LS, ECNE_LS, EHB_LS, EHBE_LS, ELK_LS, ELKE_LS, END_LS, ENDE_LS, ENTE_LS, FIZ_LS, GEM_LS, GEO_LS, GEOE_LS, GID_LS, HTA_LS, HTAE_LS, IBM_LS, ICM_LS, INS_LS, INSE_LS, ISL_LS, ISLE_LS, JEF_LS, JEO_LS, KIM_LS, KMM_LS, KOM_LS, KOME_LS, MAD_LS, MAK_LS, MAT_LS, MET_LS, METE_LS, MIM_LS, MIME_LS, MTO_LS, PEME_LS, PETE_LS, ROS_LS, ROSE_LS, SAO_OL, SBP_LS, SBPE_LS, SECE_LS, TEKE_LS, UCK_LS, UZBE_LS, VBAE_LS, YZVE_LS",-,-
17,20350,ING 100,EAP Through Global Goals,Physical (Face to face),Zeynep Kurular,YDY,Thursday,13:30/16:29,150,20,18,-,"BIOE_LS, BLG_LS, BLGE_LS, CEV_LS, CEVE_LS, CHZ_LS, DEN_LS, ECNE_LS, EHB_LS, EHBE_LS, ELK_LS, ELKE_LS, END_LS, ENDE_LS, ENTE_LS, FIZ_LS, GEM_LS, GEO_LS, GEOE_LS, GID_LS, HTA_LS, HTAE_LS, IBM_LS, ICM_LS, INS_LS, INSE_LS, ISL_LS, ISLE_LS, JEF_LS, JEO_LS, KIM_LS, KMM_LS, KOM_LS, KOME_LS, MAD_LS, MAK_LS, MAT_LS, MET_LS, METE_LS, MIM_LS, MIME_LS, MTO_LS, PEME_LS, PETE_LS, ROS_LS, ROSE_LS, SAO_OL, SBP_LS, SBPE_LS, SECE_LS, TEKE_LS, UCK_LS, UZBE_LS, VBAE_LS, YZVE_LS",-,-
18,20352,ING 100,EAP Through Global Goals,Physical (Face to face),Sabiha Bahar Arıcı,YDY,Thursday,13:30/16:29,151,20,20,-,"BIOE_LS, BLG_LS, BLGE_LS, CEV_LS, CEVE_LS, CHZ_LS, DEN_LS, ECNE_LS, EHB_LS, EHBE_LS, ELK_LS, ELKE_LS, END_LS, ENDE_LS, ENTE_LS, FIZ_LS, GEM_LS, GEO_LS, GEOE_LS, GID_LS, HTA_LS, HTAE_LS, IBM_LS, ICM_LS, INS_LS, INSE_LS, ISL_LS, ISLE_LS, JEF_LS, JEO_LS, KIM_LS, KMM_LS, KOM_LS, KOME_LS, MAD_LS, MAK_LS, MAT_LS, MET_LS, METE_LS, MIM_LS, MIME_LS, MTO_LS, PEME_LS, PETE_LS, ROS_LS, ROSE_LS, SAO_OL, SBP_LS, SBPE_LS, SECE_LS, TEKE_LS, UCK_LS, UZBE_LS, VBAE_LS, YZVE_LS",-,-
19,20354,ING 100,EAP Through Global Goals,Physical (Face to face),Sibel Dursun,YDY,Friday,08:30/11:29,149,20,15,-,"BIOE_LS, BLG_LS, BLGE_LS, CEV_LS, CEVE_LS, CHZ_LS, DEN_LS, ECNE_LS, EHB_LS, EHBE_LS, ELK_LS, ELKE_LS, END_LS, ENDE_LS, ENTE_LS, FIZ_LS, GEM_LS, GEO_LS, GEOE_LS, GID_LS, HTA_LS, HTAE_LS, IBM_LS, ICM_LS, INS_LS, INSE_LS, ISL_LS, ISLE_LS, JEF_LS, JEO_LS, KIM_LS, KMM_LS, KOM_LS, KOME_LS, MAD_LS, MAK_LS, MAT_LS, MET_LS, METE_LS, MIM_LS, MIME_LS, MTO_LS, PEME_LS, PETE_LS, ROS_LS, ROSE_LS, SAO_OL, SBP_LS, SBPE_LS, SECE_LS, TEKE_LS, UCK_LS, UZBE_LS, VBAE_LS, YZVE_LS",-,-
20,20357,ING 100,EAP Through Global Goals,Physical (Face to face),Emine Sari Altındağ,YDY,Friday,08:30/11:29,151,20,17,-,"BIOE_LS, BLG_LS, BLGE_LS, CEV_LS, CEVE_LS, CHZ_LS, DEN_LS, ECNE_LS, EHB_LS, EHBE_LS, ELK_LS, ELKE_LS, END_LS, ENDE_LS, ENTE_LS, FIZ_LS, GEM_LS, GEO_LS, GEOE_LS, GID_LS, HTA_LS, HTAE_LS, IBM_LS, ICM_LS, INS_LS, INSE_LS, ISL_LS, ISLE_LS, JEF_LS, JEO_LS, KIM_LS, KMM_LS, KOM_LS, KOME_LS, MAD_LS, MAK_LS, MAT_LS, MET_LS, METE_LS, MIM_LS, MIME_LS, MTO_LS, PEME_LS, PETE_LS, ROS_LS, ROSE_LS, SAO_OL, SBP_LS, SBPE_LS, SECE_LS, TEKE_LS, UCK_LS, UZBE_LS, VBAE_LS, YZVE_LS",-,-
21,20358,ING 100,EAP Through Global Goals,Physical (Face to face),Sibel Dursun,YDY,Friday,14:00/16:59,149,20,20,-,"BIOE_LS, BLG_LS, BLGE_LS, CEV_LS, CEVE_LS, CHZ_LS, DEN_LS, ECNE_LS, EHB_LS, EHBE_LS, ELK_LS, ELKE_LS, END_LS, ENDE_LS, ENTE_LS, FIZ_LS, GEM_LS, GEO_LS, GEOE_LS, GID_LS, HTA_LS, HTAE_LS, IBM_LS, ICM_LS, INS_LS, INSE_LS, ISL_LS, ISLE_LS, JEF_LS, JEO_LS, KIM_LS, KMM_LS, KOM_LS, KOME_LS, MAD_LS, MAK_LS, MAT_LS, MET_LS, METE_LS, MIM_LS, MIME_LS, MTO_LS, PEME_LS, PETE_LS, ROS_LS, ROSE_LS, SAO_OL, SBP_LS, SBPE_LS, SECE_LS, TEKE_LS, UCK_LS, UZBE_LS, VBAE_LS, YZVE_LS",-,-
22,20360,ING 100,EAP Through Global Goals,Physical (Face to face),Emine Sari Altındağ,YDY,Friday,14:00/16:59,150,20,11,-,"BIOE_LS, BLG_LS, BLGE_LS, CEV_LS, CEVE_LS, CHZ_LS, DEN_LS, ECNE_LS, EHB_LS, EHBE_LS, ELK_LS, ELKE_LS, END_LS, ENDE_LS, ENTE_LS, FIZ_LS, GEM_LS, GEO_LS, GEOE_LS, GID_LS, HTA_LS, HTAE_LS, IBM_LS, ICM_LS, INS_LS, INSE_LS, ISL_LS, ISLE_LS, JEF_LS, JEO_LS, KIM_LS, KMM_LS, KOM_LS, KOME_LS, MAD_LS, MAK_LS, MAT_LS, MET_LS, METE_LS, MIM_LS, MIME_LS, MTO_LS, PEME_LS, PETE_LS, ROS_LS, ROSE_LS, SAO_OL, SBP_LS, SBPE_LS, SECE_LS, TEKE_LS, UCK_LS, UZBE_LS, VBAE_LS, YZVE_LS",-,-
23,20902,ING 100,EAP Through Global Goals,Physical (Face to face),İmge Şahin Girtten,MED,Friday,18:30/21:29,--,3500,667,-,"ARC_LS, BIOE_LS, BLG_LS, BLGE_LS, CEN_LS, CEV_LS, CEVE_LS, CHZ_LS, DEN_LS, ECNE_LS, EEE_LS, EFN_LS, EHB_LS, EHBE_LS, ELK_LS, ELKE_LS, END_LS, ENDE_LS, ENTE_LS, FIZ_LS, GEM_LS, GEO_LS, GEOE_LS, GID_LS, HTA_LS, HTAE_LS, IAD_LS, IBM_LS, ICM_LS, IND_LS, INS_LS, INSE_LS, ISL_LS, ISLE_LS, JEF_LS, JEO_LS, KIM_LS, KMM_LS, KOM_LS, KOME_LS, MAD_LS, MAK_LS, MAT_LS, MET_LS, METE_LS, MIM_LS, MIME_LS, MMD_LS, MTO_LS, NAE_LS, PEME_LS, PETE_LS, ROS_LS, ROSE_LS, SAO_OL, SBP_LS, SBPE_LS, SECE_LS, TEKE_LS, UCK_LS, UZBE_LS, VBAE_LS, YZVE_LS",-,-
24,25152,ING 100,EAP Through Global Goals,Virtual (Online),Çağrı Lord,MED,Thursday,12:30/15:29,--,25,6,-,"ARC_LS, CEN_LS, EEE_LS, EFN_LS, IAD_LS, IND_LS, MMD_LS, NAE_LS",-,-
25,25153,ING 100,EAP Through Global Goals,Virtual (Online),Çağla Tokyay,MED,Tuesday,08:30/11:29,--,25,23,-,"ARC_LS, CEN_LS, EEE_LS, EFN_LS, IAD_LS, IND_LS, MMD_LS, NAE_LS",-,-
26,25199,ING 100,EAP Through Global Goals,Physical (Face to face),Ayşem Şebnem Ötkür,BPB,Tuesday,08:00/10:59,--,30,4,-,IEBE_LS,-,-
27,25659,ING 102,English II,Ek Sınav,Özlem Ayar Gemalmaz,-,-,-/-,-,0,1,-,-,Detail,-
28,20518,ING 103CO,Profess.Communic.for Engineers,Virtual (Online),Fatma Betül Akpınar,YDY,Wednesday,08:30/11:29,--,25,25,-,"ARC_LS, BIOE_LS, BLG_LS, BLGE_LS, CEV_LS, CEVE_LS, CHZ_LS, DEN_LS, ECNE_LS, EEE_LS, EHB_LS, EHBE_LS, ELK_LS, ELKE_LS, END_LS, ENDE_LS, ENTE_LS, FIZ_LS, GEM_LS, GEO_LS, GEOE_LS, GID_LS, HTA_LS, HTAE_LS, IAD_LS, IBM_LS, ICM_LS, IND_LS, INS_LS, INSE_LS, ISL_LS, ISLE_LS, JEF_LS, JEO_LS, KIM_LS, KMM_LS, KOM_LS, KOME_LS, MAD_LS, MAK_LS, MAT_LS, MET_LS, METE_LS, MIM_LS, MIME_LS, MTO_LS, PEME_LS, PETE_LS, ROS_LS, ROSE_LS, SAO_OL, SBP_LS, SBPE_LS, SECE_LS, TEKE_LS, UCK_LS, UZBE_LS, VBAE_LS, YZVE_LS",-,-
29,20519,ING 103CO,Profess.Communic.for Engineers,Virtual (Online),Fatma Betül Akpınar,YDY,Thursday,08:30/11:29,--,25,24,-,"ARC_LS, BIOE_LS, BLG_LS, BLGE_LS, CEV_LS, CEVE_LS, CHZ_LS, DEN_LS, ECNE_LS, EEE_LS, EHB_LS, EHBE_LS, ELK_LS, ELKE_LS, END_LS, ENDE_LS, ENTE_LS, FIZ_LS, GEM_LS, GEO_LS, GEOE_LS, GID_LS, HTA_LS, HTAE_LS, IAD_LS, IBM_LS, ICM_LS, IND_LS, INS_LS, INSE_LS, ISL_LS, ISLE_LS, JEF_LS, JEO_LS, KIM_LS, KMM_LS, KOM_LS, KOME_LS, MAD_LS, MAK_LS, MAT_LS, MET_LS, METE_LS, MIM_LS, MIME_LS, MTO_LS, PEME_LS, PETE_LS, ROS_LS, ROSE_LS, SAO_OL, SBP_LS, SBPE_LS, SECE_LS, TEKE_LS, UCK_LS, UZBE_LS, VBAE_LS, YZVE_LS",-,-
30,20524,ING 103H,Public Presentations,Physical (Face to face),Pelin Gökalp Yılmazer,YDY,Tuesday,08:30/11:29,373,20,20,-,"ARC_LS, BIOE_LS, BLG_LS, BLGE_LS, CEV_LS, CEVE_LS, CHZ_LS, DEN_LS, ECNE_LS, EEE_LS, EHB_LS, EHBE_LS, ELK_LS, ELKE_LS, END_LS, ENDE_LS, ENTE_LS, FIZ_LS, GEM_LS, GEO_LS, GEOE_LS, GID_LS, HTA_LS, HTAE_LS, IAD_LS, IBM_LS, ICM_LS, IND_LS, INS_LS, INSE_LS, ISL_LS, ISLE_LS, JEF_LS, JEO_LS, KIM_LS, KMM_LS, KOM_LS, KOME_LS, MAD_LS, MAK_LS, MAT_LS, MET_LS, METE_LS, MIM_LS, MIME_LS, MTO_LS, PEME_LS, PETE_LS, ROS_LS, ROSE_LS, SAO_OL, SBP_LS, SBPE_LS, SECE_LS, TEKE_LS, UCK_LS, UZBE_LS, VBAE_LS, YZVE_LS",-,-
31,20525,ING 103H,Public Presentations,Physical (Face to face),Pelin Gökalp Yılmazer,YDY,Tuesday,13:30/16:29,167,20,21,-,"ARC_LS, BIOE_LS, BLG_LS, BLGE_LS, CEV_LS, CEVE_LS, CHZ_LS, DEN_LS, ECNE_LS, EEE_LS, EHB_LS, EHBE_LS, ELK_LS, ELKE_LS, END_LS, ENDE_LS, ENTE_LS, FIZ_LS, GEM_LS, GEO_LS, GEOE_LS, GID_LS, HTA_LS, HTAE_LS, IAD_LS, IBM_LS, ICM_LS, IND_LS, INS_LS, INSE_LS, ISL_LS, ISLE_LS, JEF_LS, JEO_LS, KIM_LS, KMM_LS, KOM_LS, KOME_LS, MAD_LS, MAK_LS, MAT_LS, MET_LS, METE_LS, MIM_LS, MIME_LS, MTO_LS, PEME_LS, PETE_LS, ROS_LS, ROSE_LS, SAO_OL, SBP_LS, SBPE_LS, SECE_LS, TEKE_LS, UCK_LS, UZBE_LS, VBAE_LS, YZVE_LS",-,-
32,20526,ING 103I,Short Stories,Physical (Face to face),Yasemin Yılmaz Yüksek,YDY,Friday,08:30/11:29,373,24,16,-,"ARC_LS, BIOE_LS, BLG_LS, BLGE_LS, CEV_LS, CEVE_LS, CHZ_LS, DEN_LS, ECNE_LS, EEE_LS, EHB_LS, EHBE_LS, ELK_LS, ELKE_LS, END_LS, ENDE_LS, ENTE_LS, FIZ_LS, GEM_LS, GEO_LS, GEOE_LS, GID_LS, HTA_LS, HTAE_LS, IAD_LS, IBM_LS, ICM_LS, IND_LS, INS_LS, INSE_LS, ISL_LS, ISLE_LS, JEF_LS, JEO_LS, KIM_LS, KMM_LS, KOM_LS, KOME_LS, MAD_LS, MAK_LS, MAT_LS, MET_LS, METE_LS, MIM_LS, MIME_LS, MTO_LS, PEME_LS, PETE_LS, ROS_LS, ROSE_LS, SAO_OL, SBP_LS, SBPE_LS, SECE_LS, TEKE_LS, UCK_LS, UZBE_LS, VBAE_LS, YZVE_LS",-,-
33,20527,ING 103I,Short Stories,Physical (Face to face),Dilek Öztürk Yağcı,YDY,Monday,13:30/16:29,373,24,19,-,"ARC_LS, BIOE_LS, BLG_LS, BLGE_LS, CEV_LS, CEVE_LS, CHZ_LS, DEN_LS, ECNE_LS, EEE_LS, EHB_LS, EHBE_LS, ELK_LS, ELKE_LS, END_LS, ENDE_LS, ENTE_LS, FIZ_LS, GEM_LS, GEO_LS, GEOE_LS, GID_LS, HTA_LS, HTAE_LS, IAD_LS, IBM_LS, ICM_LS, IND_LS, INS_LS, INSE_LS, ISL_LS, ISLE_LS, JEF_LS, JEO_LS, KIM_LS, KMM_LS, KOM_LS, KOME_LS, MAD_LS, MAK_LS, MAT_LS, MET_LS, METE_LS, MIM_LS, MIME_LS, MTO_LS, PEME_LS, PETE_LS, ROS_LS, ROSE_LS, SAO_OL, SBP_LS, SBPE_LS, SECE_LS, TEKE_LS, UCK_LS, UZBE_LS, VBAE_LS, YZVE_LS",-,-
34,20520,ING 103N,Film Studies,Virtual (Online),Duygu Özkan,YDY,Tuesday,13:30/16:29,--,25,26,-,"ARC_LS, BIOE_LS, BLG_LS, BLGE_LS, CEV_LS, CEVE_LS, CHZ_LS, DEN_LS, ECNE_LS, EEE_LS, EHB_LS, EHBE_LS, ELK_LS, ELKE_LS, END_LS, ENDE_LS, ENTE_LS, EUTE_LS, FIZ_LS, GEM_LS, GEO_LS, GEOE_LS, GID_LS, HTA_LS, HTAE_LS, IAD_LS, IBM_LS, ICM_LS, IND_LS, INS_LS, INSE_LS, ISL_LS, ISLE_LS, JEF_LS, JEO_LS, KIM_LS, KMM_LS, KOM_LS, KOME_LS, MAD_LS, MAK_LS, MAT_LS, MET_LS, METE_LS, MIM_LS, MIME_LS, MTO_LS, PEME_LS, PETE_LS, ROS_LS, ROSE_LS, SAO_OL, SBP_LS, SBPE_LS, SECE_LS, TEKE_LS, UCK_LS, UZBE_LS, VBAE_LS, YZVE_LS",-,-
35,20521,ING 103N,Film Studies,Virtual (Online),Duygu Özkan,YDY,Thursday,08:30/11:29,--,25,24,-,"ARC_LS, BIOE_LS, BLG_LS, BLGE_LS, CEV_LS, CEVE_LS, CHZ_LS, DEN_LS, ECNE_LS, EEE_LS, EHB_LS, EHBE_LS, ELK_LS, ELKE_LS, END_LS, ENDE_LS, ENTE_LS, EUTE_LS, FIZ_LS, GEM_LS, GEO_LS, GEOE_LS, GID_LS, HTA_LS, HTAE_LS, IAD_LS, IBM_LS, ICM_LS, IND_LS, INS_LS, INSE_LS, ISL_LS, ISLE_LS, JEF_LS, JEO_LS, KIM_LS, KMM_LS, KOM_LS, KOME_LS, MAD_LS, MAK_LS, MAT_LS, MET_LS, METE_LS, MIM_LS, MIME_LS, MTO_LS, PEME_LS, PETE_LS, ROS_LS, ROSE_LS, SAO_OL, SBP_LS, SBPE_LS, SECE_LS, TEKE_LS, UCK_LS, UZBE_LS, VBAE_LS, YZVE_LS",-,-
36,20522,ING 103N,Film Studies,Virtual (Online),Hacer Şivil,YDY,Wednesday,08:30/11:29,--,24,21,-,"ARC_LS, BIOE_LS, BLG_LS, BLGE_LS, CEV_LS, CEVE_LS, CHZ_LS, DEN_LS, ECNE_LS, EEE_LS, EHB_LS, EHBE_LS, ELK_LS, ELKE_LS, END_LS, ENDE_LS, ENTE_LS, EUTE_LS, FIZ_LS, GEM_LS, GEO_LS, GEOE_LS, GID_LS, HTA_LS, HTAE_LS, IAD_LS, IBM_LS, ICM_LS, IND_LS, INS_LS, INSE_LS, ISL_LS, ISLE_LS, JEF_LS, JEO_LS, KIM_LS, KMM_LS, KOM_LS, KOME_LS, MAD_LS, MAK_LS, MAT_LS, MET_LS, METE_LS, MIM_LS, MIME_LS, MTO_LS, PEME_LS, PETE_LS, ROS_LS, ROSE_LS, SAO_OL, SBP_LS, SBPE_LS, SECE_LS, TEKE_LS, UCK_LS, UZBE_LS, VBAE_LS, YZVE_LS",-,-
37,20523,ING 103N,Film Studies,Virtual (Online),Hacer Şivil,YDY,Thursday,13:30/16:29,--,24,17,-,"ARC_LS, BIOE_LS, BLG_LS, BLGE_LS, CEV_LS, CEVE_LS, CHZ_LS, DEN_LS, ECNE_LS, EEE_LS, EHB_LS, EHBE_LS, ELK_LS, ELKE_LS, END_LS, ENDE_LS, ENTE_LS, EUTE_LS, FIZ_LS, GEM_LS, GEO_LS, GEOE_LS, GID_LS, HTA_LS, HTAE_LS, IAD_LS, IBM_LS, ICM_LS, IND_LS, INS_LS, INSE_LS, ISL_LS, ISLE_LS, JEF_LS, JEO_LS, KIM_LS, KMM_LS, KOM_LS, KOME_LS, MAD_LS, MAK_LS, MAT_LS, MET_LS, METE_LS, MIM_LS, MIME_LS, MTO_LS, PEME_LS, PETE_LS, ROS_LS, ROSE_LS, SAO_OL, SBP_LS, SBPE_LS, SECE_LS, TEKE_LS, UCK_LS, UZBE_LS, VBAE_LS, YZVE_LS",-,-
38,20528,ING 106,English II,Physical (Face to face),Mevlüt Kahraman,MSB,Monday,13:30/16:29,B01,35,12,-,"BST_LS, CAB_3T_LS, CAB_4T_LS, CAB_BG_LS, CAB_DL_LS, CAB_DS_LS, CAB_KA_LS, CAB_KE_LS, CAB_KL_LS, CAB_KM_LS, CAB_KO_LS, CAB_LS, CAB_ME_LS, CAB_NE_LS, CAB_TA_LS, CAB_TN_LS, CAB_UD_LS, CAB_VC_LS, CAB_VI_LS, CAB_VS_LS, CEB_LS, KMP_LS, MTR_LS, MUT_LS, MUZ_LS, MUZE_LS, MZT_LS, SES_LS, SES_TH_LS, SES_TS_LS, THO_LS",-,-
39,20529,ING 106,English II,Physical (Face to face),Mevlüt Kahraman,MSB,Tuesday,08:30/11:29,B01,36,34,-,"BST_LS, CAB_3T_LS, CAB_4T_LS, CAB_BG_LS, CAB_DL_LS, CAB_DS_LS, CAB_KA_LS, CAB_KE_LS, CAB_KL_LS, CAB_KM_LS, CAB_KO_LS, CAB_LS, CAB_ME_LS, CAB_NE_LS, CAB_TA_LS, CAB_TN_LS, CAB_UD_LS, CAB_VC_LS, CAB_VI_LS, CAB_VS_LS, CEB_LS, KMP_LS, MTR_LS, MUT_LS, MUZ_LS, MUZE_LS, MZT_LS, SES_LS, SES_TH_LS, SES_TS_LS, THO_LS",-,-
40,20530,ING 106,English II,Physical (Face to face),İsmail Akyıldız,MSB,Thursday,13:30/16:29,B01,36,37,-,"BST_LS, CAB_3T_LS, CAB_4T_LS, CAB_BG_LS, CAB_DL_LS, CAB_DS_LS, CAB_KA_LS, CAB_KE_LS, CAB_KL_LS, CAB_KM_LS, CAB_KO_LS, CAB_LS, CAB_ME_LS, CAB_NE_LS, CAB_TA_LS, CAB_TN_LS, CAB_UD_LS, CAB_VC_LS, CAB_VI_LS, CAB_VS_LS, CEB_LS, KMP_LS, MTR_LS, MUT_LS, MUZ_LS, MUZE_LS, MZT_LS, SES_LS, SES_TH_LS, SES_TS_LS, THO_LS",-,-
41,20531,ING 106,English II,Physical (Face to face),İsmail Akyıldız,MSB,Friday,08:30/11:29,B01,35,28,-,"BST_LS, CAB_3T_LS, CAB_4T_LS, CAB_BG_LS, CAB_DL_LS, CAB_DS_LS, CAB_KA_LS, CAB_KE_LS, CAB_KL_LS, CAB_KM_LS, CAB_KO_LS, CAB_LS, CAB_ME_LS, CAB_NE_LS, CAB_TA_LS, CAB_TN_LS, CAB_UD_LS, CAB_VC_LS, CAB_VI_LS, CAB_VS_LS, CEB_LS, KMP_LS, MTR_LS, MUT_LS, MUZ_LS, MUZE_LS, MZT_LS, SES_LS, SES_TH_LS, SES_TS_LS, THO_LS",-,-
42,20307,ING 112A,Basics of Academic Writing,Virtual (Online),Aslı Özkara,YDY,Friday,08:30/10:29,--,24,27,-,"BIOE_LS, BLG_LS, BLGE_LS, CEV_LS, CEVE_LS, CHZ_LS, DEN_LS, ECNE_LS, EHB_LS, EHBE_LS, ELK_LS, ELKE_LS, END_LS, ENDE_LS, ENTE_LS, FIZ_LS, GEM_LS, GEO_LS, GEOE_LS, GID_LS, HTA_LS, HTAE_LS, IBM_LS, ICM_LS, INS_LS, INSE_LS, ISL_LS, ISLE_LS, JEF_LS, JEO_LS, KIM_LS, KMM_LS, KOM_LS, KOME_LS, MAD_LS, MAK_LS, MAT_LS, MET_LS, METE_LS, MIM_LS, MIME_LS, MTO_LS, PEME_LS, PETE_LS, ROS_LS, ROSE_LS, SAO_OL, SBP_LS, SBPE_LS, SECE_LS, TEKE_LS, UCK_LS, UZBE_LS, VBAE_LS, YZVE_LS",-,-
43,20308,ING 112A,Basics of Academic Writing,Virtual (Online),Müjgan Özenir,YDY,Friday,08:30/10:29,--,24,25,-,"BIOE_LS, BLG_LS, BLGE_LS, CEV_LS, CEVE_LS, CHZ_LS, DEN_LS, ECNE_LS, EHB_LS, EHBE_LS, ELK_LS, ELKE_LS, END_LS, ENDE_LS, ENTE_LS, FIZ_LS, GEM_LS, GEO_LS, GEOE_LS, GID_LS, HTA_LS, HTAE_LS, IBM_LS, ICM_LS, INS_LS, INSE_LS, ISL_LS, ISLE_LS, JEF_LS, JEO_LS, KIM_LS, KMM_LS, KOM_LS, KOME_LS, MAD_LS, MAK_LS, MAT_LS, MET_LS, METE_LS, MIM_LS, MIME_LS, MTO_LS, PEME_LS, PETE_LS, ROS_LS, ROSE_LS, SAO_OL, SBP_LS, SBPE_LS, SECE_LS, TEKE_LS, UCK_LS, UZBE_LS, VBAE_LS, YZVE_LS",-,-
44,20309,ING 112A,Basics of Academic Writing,Virtual (Online),Şule Elif Gökçe Enginarlar,YDY,Friday,10:30/12:29,--,24,24,-,"BIOE_LS, BLG_LS, BLGE_LS, CEV_LS, CEVE_LS, CHZ_LS, DEN_LS, ECNE_LS, EHB_LS, EHBE_LS, ELK_LS, ELKE_LS, END_LS, ENDE_LS, ENTE_LS, FIZ_LS, GEM_LS, GEO_LS, GEOE_LS, GID_LS, HTA_LS, HTAE_LS, IBM_LS, ICM_LS, INS_LS, INSE_LS, ISL_LS, ISLE_LS, JEF_LS, JEO_LS, KIM_LS, KMM_LS, KOM_LS, KOME_LS, MAD_LS, MAK_LS, MAT_LS, MET_LS, METE_LS, MIM_LS, MIME_LS, MTO_LS, PEME_LS, PETE_LS, ROS_LS, ROSE_LS, SAO_OL, SBP_LS, SBPE_LS, SECE_LS, TEKE_LS, UCK_LS, UZBE_LS, VBAE_LS, YZVE_LS",-,-
45,20311,ING 112A,Basics of Academic Writing,Virtual (Online),Özlem Ayar Gemalmaz,YDY,Friday,10:30/12:29,--,24,26,-,"BIOE_LS, BLG_LS, BLGE_LS, CEV_LS, CEVE_LS, CHZ_LS, DEN_LS, ECNE_LS, EHB_LS, EHBE_LS, ELK_LS, ELKE_LS, END_LS, ENDE_LS, ENTE_LS, FIZ_LS, GEM_LS, GEO_LS, GEOE_LS, GID_LS, HTA_LS, HTAE_LS, IBM_LS, ICM_LS, INS_LS, INSE_LS, ISL_LS, ISLE_LS, JEF_LS, JEO_LS, KIM_LS, KMM_LS, KOM_LS, KOME_LS, MAD_LS, MAK_LS, MAT_LS, MET_LS, METE_LS, MIM_LS, MIME_LS, MTO_LS, PEME_LS, PETE_LS, ROS_LS, ROSE_LS, SAO_OL, SBP_LS, SBPE_LS, SECE_LS, TEKE_LS, UCK_LS, UZBE_LS, VBAE_LS, YZVE_LS",-,-
46,20313,ING 112A,Basics of Academic Writing,Virtual (Online),Halime Ceren Göktaş,YDY,Friday,10:30/12:29,--,24,24,-,"BIOE_LS, BLG_LS, BLGE_LS, CEV_LS, CEVE_LS, CHZ_LS, DEN_LS, ECNE_LS, EHB_LS, EHBE_LS, ELK_LS, ELKE_LS, END_LS, ENDE_LS, ENTE_LS, FIZ_LS, GEM_LS, GEO_LS, GEOE_LS, GID_LS, HTA_LS, HTAE_LS, IBM_LS, ICM_LS, INS_LS, INSE_LS, ISL_LS, ISLE_LS, JEF_LS, JEO_LS, KIM_LS, KMM_LS, KOM_LS, KOME_LS, MAD_LS, MAK_LS, MAT_LS, MET_LS, METE_LS, MIM_LS, MIME_LS, MTO_LS, PEME_LS, PETE_LS, ROS_LS, ROSE_LS, SAO_OL, SBP_LS, SBPE_LS, SECE_LS, TEKE_LS, UCK_LS, UZBE_LS, VBAE_LS, YZVE_LS",-,-
47,20315,ING 112A,Basics of Academic Writing,Virtual (Online),Pelin Gökalp Yılmazer,YDY,Friday,10:30/12:29,--,24,24,-,"BIOE_LS, BLG_LS, BLGE_LS, CEV_LS, CEVE_LS, CHZ_LS, DEN_LS, ECNE_LS, EHB_LS, EHBE_LS, ELK_LS, ELKE_LS, END_LS, ENDE_LS, ENTE_LS, FIZ_LS, GEM_LS, GEO_LS, GEOE_LS, GID_LS, HTA_LS, HTAE_LS, IBM_LS, ICM_LS, INS_LS, INSE_LS, ISL_LS, ISLE_LS, JEF_LS, JEO_LS, KIM_LS, KMM_LS, KOM_LS, KOME_LS, MAD_LS, MAK_LS, MAT_LS, MET_LS, METE_LS, MIM_LS, MIME_LS, MTO_LS, PEME_LS, PETE_LS, ROS_LS, ROSE_LS, SAO_OL, SBP_LS, SBPE_LS, SECE_LS, TEKE_LS, UCK_LS, UZBE_LS, VBAE_LS, YZVE_LS",-,-
48,20320,ING 112A,Basics of Academic Writing,Virtual (Online),Sabiha Bahar Arıcı,YDY,Friday,10:30/12:29,--,24,24,-,"BIOE_LS, BLG_LS, BLGE_LS, CEV_LS, CEVE_LS, CHZ_LS, DEN_LS, ECNE_LS, EHB_LS, EHBE_LS, ELK_LS, ELKE_LS, END_LS, ENDE_LS, ENTE_LS, FIZ_LS, GEM_LS, GEO_LS, GEOE_LS, GID_LS, HTA_LS, HTAE_LS, IBM_LS, ICM_LS, INS_LS, INSE_LS, ISL_LS, ISLE_LS, JEF_LS, JEO_LS, KIM_LS, KMM_LS, KOM_LS, KOME_LS, MAD_LS, MAK_LS, MAT_LS, MET_LS, METE_LS, MIM_LS, MIME_LS, MTO_LS, PEME_LS, PETE_LS, ROS_LS, ROSE_LS, SAO_OL, SBP_LS, SBPE_LS, SECE_LS, TEKE_LS, UCK_LS, UZBE_LS, VBAE_LS, YZVE_LS",-,-
49,20323,ING 112A,Basics of Academic Writing,Virtual (Online),Müjgan Özenir,YDY,Friday,10:30/12:29,--,24,24,-,"BIOE_LS, BLG_LS, BLGE_LS, CEV_LS, CEVE_LS, CHZ_LS, DEN_LS, ECNE_LS, EHB_LS, EHBE_LS, ELK_LS, ELKE_LS, END_LS, ENDE_LS, ENTE_LS, FIZ_LS, GEM_LS, GEO_LS, GEOE_LS, GID_LS, HTA_LS, HTAE_LS, IBM_LS, ICM_LS, INS_LS, INSE_LS, ISL_LS, ISLE_LS, JEF_LS, JEO_LS, KIM_LS, KMM_LS, KOM_LS, KOME_LS, MAD_LS, MAK_LS, MAT_LS, MET_LS, METE_LS, MIM_LS, MIME_LS, MTO_LS, PEME_LS, PETE_LS, ROS_LS, ROSE_LS, SAO_OL, SBP_LS, SBPE_LS, SECE_LS, TEKE_LS, UCK_LS, UZBE_LS, VBAE_LS, YZVE_LS",-,-
50,20325,ING 112A,Basics of Academic Writing,Virtual (Online),Şule Elif Gökçe Enginarlar,YDY,Friday,14:00/15:59,--,24,24,-,"BIOE_LS, BLG_LS, BLGE_LS, CEV_LS, CEVE_LS, CHZ_LS, DEN_LS, ECNE_LS, EHB_LS, EHBE_LS, ELK_LS, ELKE_LS, END_LS, ENDE_LS, ENTE_LS, FIZ_LS, GEM_LS, GEO_LS, GEOE_LS, GID_LS, HTA_LS, HTAE_LS, IBM_LS, ICM_LS, INS_LS, INSE_LS, ISL_LS, ISLE_LS, JEF_LS, JEO_LS, KIM_LS, KMM_LS, KOM_LS, KOME_LS, MAD_LS, MAK_LS, MAT_LS, MET_LS, METE_LS, MIM_LS, MIME_LS, MTO_LS, PEME_LS, PETE_LS, ROS_LS, ROSE_LS, SAO_OL, SBP_LS, SBPE_LS, SECE_LS, TEKE_LS, UCK_LS, UZBE_LS, VBAE_LS, YZVE_LS",-,-
51,20327,ING 112A,Basics of Academic Writing,Virtual (Online),Nilgün Eker,YDY,Friday,14:00/15:59,--,24,24,-,"BIOE_LS, BLG_LS, BLGE_LS, CEV_LS, CEVE_LS, CHZ_LS, DEN_LS, ECNE_LS, EHB_LS, EHBE_LS, ELK_LS, ELKE_LS, END_LS, ENDE_LS, ENTE_LS, FIZ_LS, GEM_LS, GEO_LS, GEOE_LS, GID_LS, HTA_LS, HTAE_LS, IBM_LS, ICM_LS, INS_LS, INSE_LS, ISL_LS, ISLE_LS, JEF_LS, JEO_LS, KIM_LS, KMM_LS, KOM_LS, KOME_LS, MAD_LS, MAK_LS, MAT_LS, MET_LS, METE_LS, MIM_LS, MIME_LS, MTO_LS, PEME_LS, PETE_LS, ROS_LS, ROSE_LS, SAO_OL, SBP_LS, SBPE_LS, SECE_LS, TEKE_LS, UCK_LS, UZBE_LS, VBAE_LS, YZVE_LS",-,-
52,20329,ING 112A,Basics of Academic Writing,Virtual (Online),Halime Ceren Göktaş,YDY,Friday,14:00/15:59,--,24,22,-,"BIOE_LS, BLG_LS, BLGE_LS, CEV_LS, CEVE_LS, CHZ_LS, DEN_LS, ECNE_LS, EHB_LS, EHBE_LS, ELK_LS, ELKE_LS, END_LS, ENDE_LS, ENTE_LS, FIZ_LS, GEM_LS, GEO_LS, GEOE_LS, GID_LS, HTA_LS, HTAE_LS, IBM_LS, ICM_LS, INS_LS, INSE_LS, ISL_LS, ISLE_LS, JEF_LS, JEO_LS, KIM_LS, KMM_LS, KOM_LS, KOME_LS, MAD_LS, MAK_LS, MAT_LS, MET_LS, METE_LS, MIM_LS, MIME_LS, MTO_LS, PEME_LS, PETE_LS, ROS_LS, ROSE_LS, SAO_OL, SBP_LS, SBPE_LS, SECE_LS, TEKE_LS, UCK_LS, UZBE_LS, VBAE_LS, YZVE_LS",-,-
53,20331,ING 112A,Basics of Academic Writing,Virtual (Online),Damla Aslı Altan,YDY,Friday,14:00/15:59,--,24,24,-,"BIOE_LS, BLG_LS, BLGE_LS, CEV_LS, CEVE_LS, CHZ_LS, DEN_LS, ECNE_LS, EHB_LS, EHBE_LS, ELK_LS, ELKE_LS, END_LS, ENDE_LS, ENTE_LS, FIZ_LS, GEM_LS, GEO_LS, GEOE_LS, GID_LS, HTA_LS, HTAE_LS, IBM_LS, ICM_LS, INS_LS, INSE_LS, ISL_LS, ISLE_LS, JEF_LS, JEO_LS, KIM_LS, KMM_LS, KOM_LS, KOME_LS, MAD_LS, MAK_LS, MAT_LS, MET_LS, METE_LS, MIM_LS, MIME_LS, MTO_LS, PEME_LS, PETE_LS, ROS_LS, ROSE_LS, SAO_OL, SBP_LS, SBPE_LS, SECE_LS, TEKE_LS, UCK_LS, UZBE_LS, VBAE_LS, YZVE_LS",-,-
54,20332,ING 112A,Basics of Academic Writing,Virtual (Online),Zarife Zeliş Çoban,YDY,Friday,14:00/15:59,--,24,24,-,"BIOE_LS, BLG_LS, BLGE_LS, CEV_LS, CEVE_LS, CHZ_LS, DEN_LS, ECNE_LS, EHB_LS, EHBE_LS, ELK_LS, ELKE_LS, END_LS, ENDE_LS, ENTE_LS, FIZ_LS, GEM_LS, GEO_LS, GEOE_LS, GID_LS, HTA_LS, HTAE_LS, IBM_LS, ICM_LS, INS_LS, INSE_LS, ISL_LS, ISLE_LS, JEF_LS, JEO_LS, KIM_LS, KMM_LS, KOM_LS, KOME_LS, MAD_LS, MAK_LS, MAT_LS, MET_LS, METE_LS, MIM_LS, MIME_LS, MTO_LS, PEME_LS, PETE_LS, ROS_LS, ROSE_LS, SAO_OL, SBP_LS, SBPE_LS, SECE_LS, TEKE_LS, UCK_LS, UZBE_LS, VBAE_LS, YZVE_LS",-,-
55,20333,ING 112A,Basics of Academic Writing,Virtual (Online),Sabiha Bahar Arıcı,YDY,Friday,14:00/15:59,--,24,23,-,"BIOE_LS, BLG_LS, BLGE_LS, CEV_LS, CEVE_LS, CHZ_LS, DEN_LS, ECNE_LS, EHB_LS, EHBE_LS, ELK_LS, ELKE_LS, END_LS, ENDE_LS, ENTE_LS, FIZ_LS, GEM_LS, GEO_LS, GEOE_LS, GID_LS, HTA_LS, HTAE_LS, IBM_LS, ICM_LS, INS_LS, INSE_LS, ISL_LS, ISLE_LS, JEF_LS, JEO_LS, KIM_LS, KMM_LS, KOM_LS, KOME_LS, MAD_LS, MAK_LS, MAT_LS, MET_LS, METE_LS, MIM_LS, MIME_LS, MTO_LS, PEME_LS, PETE_LS, ROS_LS, ROSE_LS, SAO_OL, SBP_LS, SBPE_LS, SECE_LS, TEKE_LS, UCK_LS, UZBE_LS, VBAE_LS, YZVE_LS",-,-
56,20334,ING 112A,Basics of Academic Writing,Virtual (Online),Müjgan Özenir,YDY,Friday,14:00/15:59,--,24,24,-,"BIOE_LS, BLG_LS, BLGE_LS, CEV_LS, CEVE_LS, CHZ_LS, DEN_LS, ECNE_LS, EHB_LS, EHBE_LS, ELK_LS, ELKE_LS, END_LS, ENDE_LS, ENTE_LS, FIZ_LS, GEM_LS, GEO_LS, GEOE_LS, GID_LS, HTA_LS, HTAE_LS, IBM_LS, ICM_LS, INS_LS, INSE_LS, ISL_LS, ISLE_LS, JEF_LS, JEO_LS, KIM_LS, KMM_LS, KOM_LS, KOME_LS, MAD_LS, MAK_LS, MAT_LS, MET_LS, METE_LS, MIM_LS, MIME_LS, MTO_LS, PEME_LS, PETE_LS, ROS_LS, ROSE_LS, SAO_OL, SBP_LS, SBPE_LS, SECE_LS, TEKE_LS, UCK_LS, UZBE_LS, VBAE_LS, YZVE_LS",-,-
57,20363,ING 112A,Basics of Academic Writing,Virtual (Online),Merve Sevtap Süren,YDY,Monday,08:30/10:29,--,24,24,-,"BIOE_LS, BLG_LS, BLGE_LS, CEV_LS, CEVE_LS, CHZ_LS, DEN_LS, ECNE_LS, EHB_LS, EHBE_LS, ELK_LS, ELKE_LS, END_LS, ENDE_LS, ENTE_LS, FIZ_LS, GEM_LS, GEO_LS, GEOE_LS, GID_LS, HTA_LS, HTAE_LS, IBM_LS, ICM_LS, INS_LS, INSE_LS, ISL_LS, ISLE_LS, JEF_LS, JEO_LS, KIM_LS, KMM_LS, KOM_LS, KOME_LS, MAD_LS, MAK_LS, MAT_LS, MET_LS, METE_LS, MIM_LS, MIME_LS, MTO_LS, PEME_LS, PETE_LS, ROS_LS, ROSE_LS, SAO_OL, SBP_LS, SBPE_LS, SECE_LS, TEKE_LS, UCK_LS, UZBE_LS, VBAE_LS, YZVE_LS",-,-
58,20364,ING 112A,Basics of Academic Writing,Virtual (Online),Hatice Gökçin Köksal Çekin,YDY,Monday,08:30/10:29,--,24,24,-,"BIOE_LS, BLG_LS, BLGE_LS, CEV_LS, CEVE_LS, CHZ_LS, DEN_LS, ECNE_LS, EHB_LS, EHBE_LS, ELK_LS, ELKE_LS, END_LS, ENDE_LS, ENTE_LS, FIZ_LS, GEM_LS, GEO_LS, GEOE_LS, GID_LS, HTA_LS, HTAE_LS, IBM_LS, ICM_LS, INS_LS, INSE_LS, ISL_LS, ISLE_LS, JEF_LS, JEO_LS, KIM_LS, KMM_LS, KOM_LS, KOME_LS, MAD_LS, MAK_LS, MAT_LS, MET_LS, METE_LS, MIM_LS, MIME_LS, MTO_LS, PEME_LS, PETE_LS, ROS_LS, ROSE_LS, SAO_OL, SBP_LS, SBPE_LS, SECE_LS, TEKE_LS, UCK_LS, UZBE_LS, VBAE_LS, YZVE_LS",-,-
59,20365,ING 112A,Basics of Academic Writing,Virtual (Online),Fatma Betül Akpınar,YDY,Monday,08:30/10:29,--,24,24,-,"BIOE_LS, BLG_LS, BLGE_LS, CEV_LS, CEVE_LS, CHZ_LS, DEN_LS, ECNE_LS, EHB_LS, EHBE_LS, ELK_LS, ELKE_LS, END_LS, ENDE_LS, ENTE_LS, FIZ_LS, GEM_LS, GEO_LS, GEOE_LS, GID_LS, HTA_LS, HTAE_LS, IBM_LS, ICM_LS, INS_LS, INSE_LS, ISL_LS, ISLE_LS, JEF_LS, JEO_LS, KIM_LS, KMM_LS, KOM_LS, KOME_LS, MAD_LS, MAK_LS, MAT_LS, MET_LS, METE_LS, MIM_LS, MIME_LS, MTO_LS, PEME_LS, PETE_LS, ROS_LS, ROSE_LS, SAO_OL, SBP_LS, SBPE_LS, SECE_LS, TEKE_LS, UCK_LS, UZBE_LS, VBAE_LS, YZVE_LS",-,-
60,20366,ING 112A,Basics of Academic Writing,Virtual (Online),Halime Ceren Göktaş,YDY,Monday,08:30/10:29,--,24,22,-,"BIOE_LS, BLG_LS, BLGE_LS, CEV_LS, CEVE_LS, CHZ_LS, DEN_LS, ECNE_LS, EHB_LS, EHBE_LS, ELK_LS, ELKE_LS, END_LS, ENDE_LS, ENTE_LS, FIZ_LS, GEM_LS, GEO_LS, GEOE_LS, GID_LS, HTA_LS, HTAE_LS, IBM_LS, ICM_LS, INS_LS, INSE_LS, ISL_LS, ISLE_LS, JEF_LS, JEO_LS, KIM_LS, KMM_LS, KOM_LS, KOME_LS, MAD_LS, MAK_LS, MAT_LS, MET_LS, METE_LS, MIM_LS, MIME_LS, MTO_LS, PEME_LS, PETE_LS, ROS_LS, ROSE_LS, SAO_OL, SBP_LS, SBPE_LS, SECE_LS, TEKE_LS, UCK_LS, UZBE_LS, VBAE_LS, YZVE_LS",-,-
61,20368,ING 112A,Basics of Academic Writing,Virtual (Online),Zarife Zeliş Çoban,YDY,Monday,08:30/10:29,--,24,24,-,"BIOE_LS, BLG_LS, BLGE_LS, CEV_LS, CEVE_LS, CHZ_LS, DEN_LS, ECNE_LS, EHB_LS, EHBE_LS, ELK_LS, ELKE_LS, END_LS, ENDE_LS, ENTE_LS, FIZ_LS, GEM_LS, GEO_LS, GEOE_LS, GID_LS, HTA_LS, HTAE_LS, IBM_LS, ICM_LS, INS_LS, INSE_LS, ISL_LS, ISLE_LS, JEF_LS, JEO_LS, KIM_LS, KMM_LS, KOM_LS, KOME_LS, MAD_LS, MAK_LS, MAT_LS, MET_LS, METE_LS, MIM_LS, MIME_LS, MTO_LS, PEME_LS, PETE_LS, ROS_LS, ROSE_LS, SAO_OL, SBP_LS, SBPE_LS, SECE_LS, TEKE_LS, UCK_LS, UZBE_LS, VBAE_LS, YZVE_LS",-,-
62,20370,ING 112A,Basics of Academic Writing,Virtual (Online),Yurdanur Toktaş,YDY,Monday,10:30/12:29,--,24,24,-,"BIOE_LS, BLG_LS, BLGE_LS, CEV_LS, CEVE_LS, CHZ_LS, DEN_LS, ECNE_LS, EHB_LS, EHBE_LS, ELK_LS, ELKE_LS, END_LS, ENDE_LS, ENTE_LS, FIZ_LS, GEM_LS, GEO_LS, GEOE_LS, GID_LS, HTA_LS, HTAE_LS, IBM_LS, ICM_LS, INS_LS, INSE_LS, ISL_LS, ISLE_LS, JEF_LS, JEO_LS, KIM_LS, KMM_LS, KOM_LS, KOME_LS, MAD_LS, MAK_LS, MAT_LS, MET_LS, METE_LS, MIM_LS, MIME_LS, MTO_LS, PEME_LS, PETE_LS, ROS_LS, ROSE_LS, SAO_OL, SBP_LS, SBPE_LS, SECE_LS, TEKE_LS, UCK_LS, UZBE_LS, VBAE_LS, YZVE_LS",-,-
63,20372,ING 112A,Basics of Academic Writing,Virtual (Online),Fatma Şehkar Fayda Kınık,YDY,Monday,10:30/12:29,--,24,24,-,"BIOE_LS, BLG_LS, BLGE_LS, CEV_LS, CEVE_LS, CHZ_LS, DEN_LS, ECNE_LS, EHB_LS, EHBE_LS, ELK_LS, ELKE_LS, END_LS, ENDE_LS, ENTE_LS, FIZ_LS, GEM_LS, GEO_LS, GEOE_LS, GID_LS, HTA_LS, HTAE_LS, IBM_LS, ICM_LS, INS_LS, INSE_LS, ISL_LS, ISLE_LS, JEF_LS, JEO_LS, KIM_LS, KMM_LS, KOM_LS, KOME_LS, MAD_LS, MAK_LS, MAT_LS, MET_LS, METE_LS, MIM_LS, MIME_LS, MTO_LS, PEME_LS, PETE_LS, ROS_LS, ROSE_LS, SAO_OL, SBP_LS, SBPE_LS, SECE_LS, TEKE_LS, UCK_LS, UZBE_LS, VBAE_LS, YZVE_LS",-,-
64,20374,ING 112A,Basics of Academic Writing,Virtual (Online),Zeynep Kurular,YDY,Monday,10:30/12:29,--,24,23,-,"BIOE_LS, BLG_LS, BLGE_LS, CEV_LS, CEVE_LS, CHZ_LS, DEN_LS, ECNE_LS, EHB_LS, EHBE_LS, ELK_LS, ELKE_LS, END_LS, ENDE_LS, ENTE_LS, FIZ_LS, GEM_LS, GEO_LS, GEOE_LS, GID_LS, HTA_LS, HTAE_LS, IBM_LS, ICM_LS, INS_LS, INSE_LS, ISL_LS, ISLE_LS, JEF_LS, JEO_LS, KIM_LS, KMM_LS, KOM_LS, KOME_LS, MAD_LS, MAK_LS, MAT_LS, MET_LS, METE_LS, MIM_LS, MIME_LS, MTO_LS, PEME_LS, PETE_LS, ROS_LS, ROSE_LS, SAO_OL, SBP_LS, SBPE_LS, SECE_LS, TEKE_LS, UCK_LS, UZBE_LS, VBAE_LS, YZVE_LS",-,-
65,20377,ING 112A,Basics of Academic Writing,Virtual (Online),Sabiha Bahar Arıcı,YDY,Monday,10:30/12:29,--,24,23,-,"BIOE_LS, BLG_LS, BLGE_LS, CEV_LS, CEVE_LS, CHZ_LS, DEN_LS, ECNE_LS, EHB_LS, EHBE_LS, ELK_LS, ELKE_LS, END_LS, ENDE_LS, ENTE_LS, FIZ_LS, GEM_LS, GEO_LS, GEOE_LS, GID_LS, HTA_LS, HTAE_LS, IBM_LS, ICM_LS, INS_LS, INSE_LS, ISL_LS, ISLE_LS, JEF_LS, JEO_LS, KIM_LS, KMM_LS, KOM_LS, KOME_LS, MAD_LS, MAK_LS, MAT_LS, MET_LS, METE_LS, MIM_LS, MIME_LS, MTO_LS, PEME_LS, PETE_LS, ROS_LS, ROSE_LS, SAO_OL, SBP_LS, SBPE_LS, SECE_LS, TEKE_LS, UCK_LS, UZBE_LS, VBAE_LS, YZVE_LS",-,-
66,20379,ING 112A,Basics of Academic Writing,Virtual (Online),Damla Aslı Altan,YDY,Monday,10:30/12:29,--,24,13,-,"BIOE_LS, BLG_LS, BLGE_LS, CEV_LS, CEVE_LS, CHZ_LS, DEN_LS, ECNE_LS, EHB_LS, EHBE_LS, ELK_LS, ELKE_LS, END_LS, ENDE_LS, ENTE_LS, FIZ_LS, GEM_LS, GEO_LS, GEOE_LS, GID_LS, HTA_LS, HTAE_LS, IBM_LS, ICM_LS, INS_LS, INSE_LS, ISL_LS, ISLE_LS, JEF_LS, JEO_LS, KIM_LS, KMM_LS, KOM_LS, KOME_LS, MAD_LS, MAK_LS, MAT_LS, MET_LS, METE_LS, MIM_LS, MIME_LS, MTO_LS, PEME_LS, PETE_LS, ROS_LS, ROSE_LS, SAO_OL, SBP_LS, SBPE_LS, SECE_LS, TEKE_LS, UCK_LS, UZBE_LS, VBAE_LS, YZVE_LS",-,-
67,20382,ING 112A,Basics of Academic Writing,Virtual (Online),Nurçin Ramadanoğlu,YDY,Monday,10:30/12:29,--,24,24,-,"BIOE_LS, BLG_LS, BLGE_LS, CEV_LS, CEVE_LS, CHZ_LS, DEN_LS, ECNE_LS, EHB_LS, EHBE_LS, ELK_LS, ELKE_LS, END_LS, ENDE_LS, ENTE_LS, FIZ_LS, GEM_LS, GEO_LS, GEOE_LS, GID_LS, HTA_LS, HTAE_LS, IBM_LS, ICM_LS, INS_LS, INSE_LS, ISL_LS, ISLE_LS, JEF_LS, JEO_LS, KIM_LS, KMM_LS, KOM_LS, KOME_LS, MAD_LS, MAK_LS, MAT_LS, MET_LS, METE_LS, MIM_LS, MIME_LS, MTO_LS, PEME_LS, PETE_LS, ROS_LS, ROSE_LS, SAO_OL, SBP_LS, SBPE_LS, SECE_LS, TEKE_LS, UCK_LS, UZBE_LS, VBAE_LS, YZVE_LS",-,-
68,20384,ING 112A,Basics of Academic Writing,Virtual (Online),Halime Ceren Göktaş,YDY,Monday,10:30/12:29,--,24,24,-,"BIOE_LS, BLG_LS, BLGE_LS, CEV_LS, CEVE_LS, CHZ_LS, DEN_LS, ECNE_LS, EHB_LS, EHBE_LS, ELK_LS, ELKE_LS, END_LS, ENDE_LS, ENTE_LS, FIZ_LS, GEM_LS, GEO_LS, GEOE_LS, GID_LS, HTA_LS, HTAE_LS, IBM_LS, ICM_LS, INS_LS, INSE_LS, ISL_LS, ISLE_LS, JEF_LS, JEO_LS, KIM_LS, KMM_LS, KOM_LS, KOME_LS, MAD_LS, MAK_LS, MAT_LS, MET_LS, METE_LS, MIM_LS, MIME_LS, MTO_LS, PEME_LS, PETE_LS, ROS_LS, ROSE_LS, SAO_OL, SBP_LS, SBPE_LS, SECE_LS, TEKE_LS, UCK_LS, UZBE_LS, VBAE_LS, YZVE_LS",-,-
69,20386,ING 112A,Basics of Academic Writing,Virtual (Online),Emine Sari Altındağ,YDY,Monday,13:30/15:29,--,24,24,-,"BIOE_LS, BLG_LS, BLGE_LS, CEV_LS, CEVE_LS, CHZ_LS, DEN_LS, ECNE_LS, EHB_LS, EHBE_LS, ELK_LS, ELKE_LS, END_LS, ENDE_LS, ENTE_LS, FIZ_LS, GEM_LS, GEO_LS, GEOE_LS, GID_LS, HTA_LS, HTAE_LS, IBM_LS, ICM_LS, INS_LS, INSE_LS, ISL_LS, ISLE_LS, JEF_LS, JEO_LS, KIM_LS, KMM_LS, KOM_LS, KOME_LS, MAD_LS, MAK_LS, MAT_LS, MET_LS, METE_LS, MIM_LS, MIME_LS, MTO_LS, PEME_LS, PETE_LS, ROS_LS, ROSE_LS, SAO_OL, SBP_LS, SBPE_LS, SECE_LS, TEKE_LS, UCK_LS, UZBE_LS, VBAE_LS, YZVE_LS",-,-
70,20388,ING 112A,Basics of Academic Writing,Virtual (Online),Fatma Şehkar Fayda Kınık,YDY,Monday,13:30/15:29,--,24,24,-,"BIOE_LS, BLG_LS, BLGE_LS, CEV_LS, CEVE_LS, CHZ_LS, DEN_LS, ECNE_LS, EHB_LS, EHBE_LS, ELK_LS, ELKE_LS, END_LS, ENDE_LS, ENTE_LS, FIZ_LS, GEM_LS, GEO_LS, GEOE_LS, GID_LS, HTA_LS, HTAE_LS, IBM_LS, ICM_LS, INS_LS, INSE_LS, ISL_LS, ISLE_LS, JEF_LS, JEO_LS, KIM_LS, KMM_LS, KOM_LS, KOME_LS, MAD_LS, MAK_LS, MAT_LS, MET_LS, METE_LS, MIM_LS, MIME_LS, MTO_LS, PEME_LS, PETE_LS, ROS_LS, ROSE_LS, SAO_OL, SBP_LS, SBPE_LS, SECE_LS, TEKE_LS, UCK_LS, UZBE_LS, VBAE_LS, YZVE_LS",-,-
71,20390,ING 112A,Basics of Academic Writing,Virtual (Online),Zeynep Kurular,YDY,Monday,13:30/15:29,--,24,24,-,"BIOE_LS, BLG_LS, BLGE_LS, CEV_LS, CEVE_LS, CHZ_LS, DEN_LS, ECNE_LS, EHB_LS, EHBE_LS, ELK_LS, ELKE_LS, END_LS, ENDE_LS, ENTE_LS, FIZ_LS, GEM_LS, GEO_LS, GEOE_LS, GID_LS, HTA_LS, HTAE_LS, IBM_LS, ICM_LS, INS_LS, INSE_LS, ISL_LS, ISLE_LS, JEF_LS, JEO_LS, KIM_LS, KMM_LS, KOM_LS, KOME_LS, MAD_LS, MAK_LS, MAT_LS, MET_LS, METE_LS, MIM_LS, MIME_LS, MTO_LS, PEME_LS, PETE_LS, ROS_LS, ROSE_LS, SAO_OL, SBP_LS, SBPE_LS, SECE_LS, TEKE_LS, UCK_LS, UZBE_LS, VBAE_LS, YZVE_LS",-,-
72,20392,ING 112A,Basics of Academic Writing,Virtual (Online),Emel Çağlar,YDY,Monday,13:30/15:29,--,24,24,-,"BIOE_LS, BLG_LS, BLGE_LS, CEV_LS, CEVE_LS, CHZ_LS, DEN_LS, ECNE_LS, EHB_LS, EHBE_LS, ELK_LS, ELKE_LS, END_LS, ENDE_LS, ENTE_LS, FIZ_LS, GEM_LS, GEO_LS, GEOE_LS, GID_LS, HTA_LS, HTAE_LS, IBM_LS, ICM_LS, INS_LS, INSE_LS, ISL_LS, ISLE_LS, JEF_LS, JEO_LS, KIM_LS, KMM_LS, KOM_LS, KOME_LS, MAD_LS, MAK_LS, MAT_LS, MET_LS, METE_LS, MIM_LS, MIME_LS, MTO_LS, PEME_LS, PETE_LS, ROS_LS, ROSE_LS, SAO_OL, SBP_LS, SBPE_LS, SECE_LS, TEKE_LS, UCK_LS, UZBE_LS, VBAE_LS, YZVE_LS",-,-
73,20394,ING 112A,Basics of Academic Writing,Virtual (Online),Zarife Zeliş Çoban,YDY,Monday,13:30/15:29,--,24,24,-,"BIOE_LS, BLG_LS, BLGE_LS, CEV_LS, CEVE_LS, CHZ_LS, DEN_LS, ECNE_LS, EHB_LS, EHBE_LS, ELK_LS, ELKE_LS, END_LS, ENDE_LS, ENTE_LS, FIZ_LS, GEM_LS, GEO_LS, GEOE_LS, GID_LS, HTA_LS, HTAE_LS, IBM_LS, ICM_LS, INS_LS, INSE_LS, ISL_LS, ISLE_LS, JEF_LS, JEO_LS, KIM_LS, KMM_LS, KOM_LS, KOME_LS, MAD_LS, MAK_LS, MAT_LS, MET_LS, METE_LS, MIM_LS, MIME_LS, MTO_LS, PEME_LS, PETE_LS, ROS_LS, ROSE_LS, SAO_OL, SBP_LS, SBPE_LS, SECE_LS, TEKE_LS, UCK_LS, UZBE_LS, VBAE_LS, YZVE_LS",-,-
74,20396,ING 112A,Basics of Academic Writing,Virtual (Online),Nurçin Ramadanoğlu,YDY,Monday,13:30/15:29,--,24,24,-,"BIOE_LS, BLG_LS, BLGE_LS, CEV_LS, CEVE_LS, CHZ_LS, DEN_LS, ECNE_LS, EHB_LS, EHBE_LS, ELK_LS, ELKE_LS, END_LS, ENDE_LS, ENTE_LS, FIZ_LS, GEM_LS, GEO_LS, GEOE_LS, GID_LS, HTA_LS, HTAE_LS, IBM_LS, ICM_LS, INS_LS, INSE_LS, ISL_LS, ISLE_LS, JEF_LS, JEO_LS, KIM_LS, KMM_LS, KOM_LS, KOME_LS, MAD_LS, MAK_LS, MAT_LS, MET_LS, METE_LS, MIM_LS, MIME_LS, MTO_LS, PEME_LS, PETE_LS, ROS_LS, ROSE_LS, SAO_OL, SBP_LS, SBPE_LS, SECE_LS, TEKE_LS, UCK_LS, UZBE_LS, VBAE_LS, YZVE_LS",-,-
75,20398,ING 112A,Basics of Academic Writing,Virtual (Online),Pelin Gökalp Yılmazer,YDY,Monday,13:30/15:29,--,24,24,-,"BIOE_LS, BLG_LS, BLGE_LS, CEV_LS, CEVE_LS, CHZ_LS, DEN_LS, ECNE_LS, EHB_LS, EHBE_LS, ELK_LS, ELKE_LS, END_LS, ENDE_LS, ENTE_LS, FIZ_LS, GEM_LS, GEO_LS, GEOE_LS, GID_LS, HTA_LS, HTAE_LS, IBM_LS, ICM_LS, INS_LS, INSE_LS, ISL_LS, ISLE_LS, JEF_LS, JEO_LS, KIM_LS, KMM_LS, KOM_LS, KOME_LS, MAD_LS, MAK_LS, MAT_LS, MET_LS, METE_LS, MIM_LS, MIME_LS, MTO_LS, PEME_LS, PETE_LS, ROS_LS, ROSE_LS, SAO_OL, SBP_LS, SBPE_LS, SECE_LS, TEKE_LS, UCK_LS, UZBE_LS, VBAE_LS, YZVE_LS",-,-
76,20400,ING 112A,Basics of Academic Writing,Virtual (Online),Canan Şahşenas,YDY,Monday,13:30/15:29,--,24,24,-,"BIOE_LS, BLG_LS, BLGE_LS, CEV_LS, CEVE_LS, CHZ_LS, DEN_LS, ECNE_LS, EHB_LS, EHBE_LS, ELK_LS, ELKE_LS, END_LS, ENDE_LS, ENTE_LS, FIZ_LS, GEM_LS, GEO_LS, GEOE_LS, GID_LS, HTA_LS, HTAE_LS, IBM_LS, ICM_LS, INS_LS, INSE_LS, ISL_LS, ISLE_LS, JEF_LS, JEO_LS, KIM_LS, KMM_LS, KOM_LS, KOME_LS, MAD_LS, MAK_LS, MAT_LS, MET_LS, METE_LS, MIM_LS, MIME_LS, MTO_LS, PEME_LS, PETE_LS, ROS_LS, ROSE_LS, SAO_OL, SBP_LS, SBPE_LS, SECE_LS, TEKE_LS, UCK_LS, UZBE_LS, VBAE_LS, YZVE_LS",-,-
77,20401,ING 112A,Basics of Academic Writing,Virtual (Online),Nilgün Eker,YDY,Tuesday,08:30/10:29,--,24,24,-,"BIOE_LS, BLG_LS, BLGE_LS, CEV_LS, CEVE_LS, CHZ_LS, DEN_LS, ECNE_LS, EHB_LS, EHBE_LS, ELK_LS, ELKE_LS, END_LS, ENDE_LS, ENTE_LS, FIZ_LS, GEM_LS, GEO_LS, GEOE_LS, GID_LS, HTA_LS, HTAE_LS, IBM_LS, ICM_LS, INS_LS, INSE_LS, ISL_LS, ISLE_LS, JEF_LS, JEO_LS, KIM_LS, KMM_LS, KOM_LS, KOME_LS, MAD_LS, MAK_LS, MAT_LS, MET_LS, METE_LS, MIM_LS, MIME_LS, MTO_LS, PEME_LS, PETE_LS, ROS_LS, ROSE_LS, SAO_OL, SBP_LS, SBPE_LS, SECE_LS, TEKE_LS, UCK_LS, UZBE_LS, VBAE_LS, YZVE_LS",-,-
78,20403,ING 112A,Basics of Academic Writing,Virtual (Online),Özge Seçkin Polat,YDY,Tuesday,08:30/10:29,--,24,24,-,"BIOE_LS, BLG_LS, BLGE_LS, CEV_LS, CEVE_LS, CHZ_LS, DEN_LS, ECNE_LS, EHB_LS, EHBE_LS, ELK_LS, ELKE_LS, END_LS, ENDE_LS, ENTE_LS, FIZ_LS, GEM_LS, GEO_LS, GEOE_LS, GID_LS, HTA_LS, HTAE_LS, IBM_LS, ICM_LS, INS_LS, INSE_LS, ISL_LS, ISLE_LS, JEF_LS, JEO_LS, KIM_LS, KMM_LS, KOM_LS, KOME_LS, MAD_LS, MAK_LS, MAT_LS, MET_LS, METE_LS, MIM_LS, MIME_LS, MTO_LS, PEME_LS, PETE_LS, ROS_LS, ROSE_LS, SAO_OL, SBP_LS, SBPE_LS, SECE_LS, TEKE_LS, UCK_LS, UZBE_LS, VBAE_LS, YZVE_LS",-,-
79,20404,ING 112A,Basics of Academic Writing,Virtual (Online),Emine Sari Altındağ,YDY,Tuesday,08:30/10:29,--,24,24,-,"BIOE_LS, BLG_LS, BLGE_LS, CEV_LS, CEVE_LS, CHZ_LS, DEN_LS, ECNE_LS, EHB_LS, EHBE_LS, ELK_LS, ELKE_LS, END_LS, ENDE_LS, ENTE_LS, FIZ_LS, GEM_LS, GEO_LS, GEOE_LS, GID_LS, HTA_LS, HTAE_LS, IBM_LS, ICM_LS, INS_LS, INSE_LS, ISL_LS, ISLE_LS, JEF_LS, JEO_LS, KIM_LS, KMM_LS, KOM_LS, KOME_LS, MAD_LS, MAK_LS, MAT_LS, MET_LS, METE_LS, MIM_LS, MIME_LS, MTO_LS, PEME_LS, PETE_LS, ROS_LS, ROSE_LS, SAO_OL, SBP_LS, SBPE_LS, SECE_LS, TEKE_LS, UCK_LS, UZBE_LS, VBAE_LS, YZVE_LS",-,-
80,20406,ING 112A,Basics of Academic Writing,Virtual (Online),Bahar Torçuk,YDY,Tuesday,08:30/10:29,--,24,24,-,"BIOE_LS, BLG_LS, BLGE_LS, CEV_LS, CEVE_LS, CHZ_LS, DEN_LS, ECNE_LS, EHB_LS, EHBE_LS, ELK_LS, ELKE_LS, END_LS, ENDE_LS, ENTE_LS, FIZ_LS, GEM_LS, GEO_LS, GEOE_LS, GID_LS, HTA_LS, HTAE_LS, IBM_LS, ICM_LS, INS_LS, INSE_LS, ISL_LS, ISLE_LS, JEF_LS, JEO_LS, KIM_LS, KMM_LS, KOM_LS, KOME_LS, MAD_LS, MAK_LS, MAT_LS, MET_LS, METE_LS, MIM_LS, MIME_LS, MTO_LS, PEME_LS, PETE_LS, ROS_LS, ROSE_LS, SAO_OL, SBP_LS, SBPE_LS, SECE_LS, TEKE_LS, UCK_LS, UZBE_LS, VBAE_LS, YZVE_LS",-,-
81,20408,ING 112A,Basics of Academic Writing,Virtual (Online),Hatice Gökçin Köksal Çekin,YDY,Tuesday,08:30/10:29,--,24,24,-,"BIOE_LS, BLG_LS, BLGE_LS, CEV_LS, CEVE_LS, CHZ_LS, DEN_LS, ECNE_LS, EHB_LS, EHBE_LS, ELK_LS, ELKE_LS, END_LS, ENDE_LS, ENTE_LS, FIZ_LS, GEM_LS, GEO_LS, GEOE_LS, GID_LS, HTA_LS, HTAE_LS, IBM_LS, ICM_LS, INS_LS, INSE_LS, ISL_LS, ISLE_LS, JEF_LS, JEO_LS, KIM_LS, KMM_LS, KOM_LS, KOME_LS, MAD_LS, MAK_LS, MAT_LS, MET_LS, METE_LS, MIM_LS, MIME_LS, MTO_LS, PEME_LS, PETE_LS, ROS_LS, ROSE_LS, SAO_OL, SBP_LS, SBPE_LS, SECE_LS, TEKE_LS, UCK_LS, UZBE_LS, VBAE_LS, YZVE_LS",-,-
82,20410,ING 112A,Basics of Academic Writing,Virtual (Online),Emel Çağlar,YDY,Tuesday,08:30/10:29,--,24,24,-,"BIOE_LS, BLG_LS, BLGE_LS, CEV_LS, CEVE_LS, CHZ_LS, DEN_LS, ECNE_LS, EHB_LS, EHBE_LS, ELK_LS, ELKE_LS, END_LS, ENDE_LS, ENTE_LS, FIZ_LS, GEM_LS, GEO_LS, GEOE_LS, GID_LS, HTA_LS, HTAE_LS, IBM_LS, ICM_LS, INS_LS, INSE_LS, ISL_LS, ISLE_LS, JEF_LS, JEO_LS, KIM_LS, KMM_LS, KOM_LS, KOME_LS, MAD_LS, MAK_LS, MAT_LS, MET_LS, METE_LS, MIM_LS, MIME_LS, MTO_LS, PEME_LS, PETE_LS, ROS_LS, ROSE_LS, SAO_OL, SBP_LS, SBPE_LS, SECE_LS, TEKE_LS, UCK_LS, UZBE_LS, VBAE_LS, YZVE_LS",-,-
83,20411,ING 112A,Basics of Academic Writing,Virtual (Online),Hande Yalınateş Koşar,YDY,Tuesday,08:30/10:29,--,24,24,-,"BIOE_LS, BLG_LS, BLGE_LS, CEV_LS, CEVE_LS, CHZ_LS, DEN_LS, ECNE_LS, EHB_LS, EHBE_LS, ELK_LS, ELKE_LS, END_LS, ENDE_LS, ENTE_LS, FIZ_LS, GEM_LS, GEO_LS, GEOE_LS, GID_LS, HTA_LS, HTAE_LS, IBM_LS, ICM_LS, INS_LS, INSE_LS, ISL_LS, ISLE_LS, JEF_LS, JEO_LS, KIM_LS, KMM_LS, KOM_LS, KOME_LS, MAD_LS, MAK_LS, MAT_LS, MET_LS, METE_LS, MIM_LS, MIME_LS, MTO_LS, PEME_LS, PETE_LS, ROS_LS, ROSE_LS, SAO_OL, SBP_LS, SBPE_LS, SECE_LS, TEKE_LS, UCK_LS, UZBE_LS, VBAE_LS, YZVE_LS",-,-
84,20412,ING 112A,Basics of Academic Writing,Virtual (Online),Canan Şahşenas,YDY,Tuesday,08:30/10:29,--,24,24,-,"BIOE_LS, BLG_LS, BLGE_LS, CEV_LS, CEVE_LS, CHZ_LS, DEN_LS, ECNE_LS, EHB_LS, EHBE_LS, ELK_LS, ELKE_LS, END_LS, ENDE_LS, ENTE_LS, FIZ_LS, GEM_LS, GEO_LS, GEOE_LS, GID_LS, HTA_LS, HTAE_LS, IBM_LS, ICM_LS, INS_LS, INSE_LS, ISL_LS, ISLE_LS, JEF_LS, JEO_LS, KIM_LS, KMM_LS, KOM_LS, KOME_LS, MAD_LS, MAK_LS, MAT_LS, MET_LS, METE_LS, MIM_LS, MIME_LS, MTO_LS, PEME_LS, PETE_LS, ROS_LS, ROSE_LS, SAO_OL, SBP_LS, SBPE_LS, SECE_LS, TEKE_LS, UCK_LS, UZBE_LS, VBAE_LS, YZVE_LS",-,-
85,20413,ING 112A,Basics of Academic Writing,Virtual (Online),Yurdanur Toktaş,YDY,Tuesday,10:30/12:29,--,24,24,-,"BIOE_LS, BLG_LS, BLGE_LS, CEV_LS, CEVE_LS, CHZ_LS, DEN_LS, ECNE_LS, EHB_LS, EHBE_LS, ELK_LS, ELKE_LS, END_LS, ENDE_LS, ENTE_LS, FIZ_LS, GEM_LS, GEO_LS, GEOE_LS, GID_LS, HTA_LS, HTAE_LS, IBM_LS, ICM_LS, INS_LS, INSE_LS, ISL_LS, ISLE_LS, JEF_LS, JEO_LS, KIM_LS, KMM_LS, KOM_LS, KOME_LS, MAD_LS, MAK_LS, MAT_LS, MET_LS, METE_LS, MIM_LS, MIME_LS, MTO_LS, PEME_LS, PETE_LS, ROS_LS, ROSE_LS, SAO_OL, SBP_LS, SBPE_LS, SECE_LS, TEKE_LS, UCK_LS, UZBE_LS, VBAE_LS, YZVE_LS",-,-
86,20414,ING 112A,Basics of Academic Writing,Virtual (Online),Emel Çağlar,YDY,Tuesday,10:30/12:29,--,24,24,-,"BIOE_LS, BLG_LS, BLGE_LS, CEV_LS, CEVE_LS, CHZ_LS, DEN_LS, ECNE_LS, EHB_LS, EHBE_LS, ELK_LS, ELKE_LS, END_LS, ENDE_LS, ENTE_LS, FIZ_LS, GEM_LS, GEO_LS, GEOE_LS, GID_LS, HTA_LS, HTAE_LS, IBM_LS, ICM_LS, INS_LS, INSE_LS, ISL_LS, ISLE_LS, JEF_LS, JEO_LS, KIM_LS, KMM_LS, KOM_LS, KOME_LS, MAD_LS, MAK_LS, MAT_LS, MET_LS, METE_LS, MIM_LS, MIME_LS, MTO_LS, PEME_LS, PETE_LS, ROS_LS, ROSE_LS, SAO_OL, SBP_LS, SBPE_LS, SECE_LS, TEKE_LS, UCK_LS, UZBE_LS, VBAE_LS, YZVE_LS",-,-
87,20415,ING 112A,Basics of Academic Writing,Virtual (Online),Bahar Torçuk,YDY,Tuesday,10:30/12:29,--,24,24,-,"BIOE_LS, BLG_LS, BLGE_LS, CEV_LS, CEVE_LS, CHZ_LS, DEN_LS, ECNE_LS, EHB_LS, EHBE_LS, ELK_LS, ELKE_LS, END_LS, ENDE_LS, ENTE_LS, FIZ_LS, GEM_LS, GEO_LS, GEOE_LS, GID_LS, HTA_LS, HTAE_LS, IBM_LS, ICM_LS, INS_LS, INSE_LS, ISL_LS, ISLE_LS, JEF_LS, JEO_LS, KIM_LS, KMM_LS, KOM_LS, KOME_LS, MAD_LS, MAK_LS, MAT_LS, MET_LS, METE_LS, MIM_LS, MIME_LS, MTO_LS, PEME_LS, PETE_LS, ROS_LS, ROSE_LS, SAO_OL, SBP_LS, SBPE_LS, SECE_LS, TEKE_LS, UCK_LS, UZBE_LS, VBAE_LS, YZVE_LS",-,-
88,20416,ING 112A,Basics of Academic Writing,Virtual (Online),Damla Aslı Altan,YDY,Tuesday,10:30/12:29,--,24,17,-,"BIOE_LS, BLG_LS, BLGE_LS, CEV_LS, CEVE_LS, CHZ_LS, DEN_LS, ECNE_LS, EHB_LS, EHBE_LS, ELK_LS, ELKE_LS, END_LS, ENDE_LS, ENTE_LS, FIZ_LS, GEM_LS, GEO_LS, GEOE_LS, GID_LS, HTA_LS, HTAE_LS, IBM_LS, ICM_LS, INS_LS, INSE_LS, ISL_LS, ISLE_LS, JEF_LS, JEO_LS, KIM_LS, KMM_LS, KOM_LS, KOME_LS, MAD_LS, MAK_LS, MAT_LS, MET_LS, METE_LS, MIM_LS, MIME_LS, MTO_LS, PEME_LS, PETE_LS, ROS_LS, ROSE_LS, SAO_OL, SBP_LS, SBPE_LS, SECE_LS, TEKE_LS, UCK_LS, UZBE_LS, VBAE_LS, YZVE_LS",-,-
89,20417,ING 112A,Basics of Academic Writing,Virtual (Online),Fatma Betül Akpınar,YDY,Tuesday,10:30/12:29,--,24,24,-,"BIOE_LS, BLG_LS, BLGE_LS, CEV_LS, CEVE_LS, CHZ_LS, DEN_LS, ECNE_LS, EHB_LS, EHBE_LS, ELK_LS, ELKE_LS, END_LS, ENDE_LS, ENTE_LS, FIZ_LS, GEM_LS, GEO_LS, GEOE_LS, GID_LS, HTA_LS, HTAE_LS, IBM_LS, ICM_LS, INS_LS, INSE_LS, ISL_LS, ISLE_LS, JEF_LS, JEO_LS, KIM_LS, KMM_LS, KOM_LS, KOME_LS, MAD_LS, MAK_LS, MAT_LS, MET_LS, METE_LS, MIM_LS, MIME_LS, MTO_LS, PEME_LS, PETE_LS, ROS_LS, ROSE_LS, SAO_OL, SBP_LS, SBPE_LS, SECE_LS, TEKE_LS, UCK_LS, UZBE_LS, VBAE_LS, YZVE_LS",-,-
90,20418,ING 112A,Basics of Academic Writing,Virtual (Online),Zarife Zeliş Çoban,YDY,Tuesday,10:30/12:29,--,24,24,-,"BIOE_LS, BLG_LS, BLGE_LS, CEV_LS, CEVE_LS, CHZ_LS, DEN_LS, ECNE_LS, EHB_LS, EHBE_LS, ELK_LS, ELKE_LS, END_LS, ENDE_LS, ENTE_LS, FIZ_LS, GEM_LS, GEO_LS, GEOE_LS, GID_LS, HTA_LS, HTAE_LS, IBM_LS, ICM_LS, INS_LS, INSE_LS, ISL_LS, ISLE_LS, JEF_LS, JEO_LS, KIM_LS, KMM_LS, KOM_LS, KOME_LS, MAD_LS, MAK_LS, MAT_LS, MET_LS, METE_LS, MIM_LS, MIME_LS, MTO_LS, PEME_LS, PETE_LS, ROS_LS, ROSE_LS, SAO_OL, SBP_LS, SBPE_LS, SECE_LS, TEKE_LS, UCK_LS, UZBE_LS, VBAE_LS, YZVE_LS",-,-
91,20419,ING 112A,Basics of Academic Writing,Virtual (Online),Hande Yalınateş Koşar,YDY,Tuesday,10:30/12:29,--,24,24,-,"BIOE_LS, BLG_LS, BLGE_LS, CEV_LS, CEVE_LS, CHZ_LS, DEN_LS, ECNE_LS, EHB_LS, EHBE_LS, ELK_LS, ELKE_LS, END_LS, ENDE_LS, ENTE_LS, FIZ_LS, GEM_LS, GEO_LS, GEOE_LS, GID_LS, HTA_LS, HTAE_LS, IBM_LS, ICM_LS, INS_LS, INSE_LS, ISL_LS, ISLE_LS, JEF_LS, JEO_LS, KIM_LS, KMM_LS, KOM_LS, KOME_LS, MAD_LS, MAK_LS, MAT_LS, MET_LS, METE_LS, MIM_LS, MIME_LS, MTO_LS, PEME_LS, PETE_LS, ROS_LS, ROSE_LS, SAO_OL, SBP_LS, SBPE_LS, SECE_LS, TEKE_LS, UCK_LS, UZBE_LS, VBAE_LS, YZVE_LS",-,-
92,20420,ING 112A,Basics of Academic Writing,Virtual (Online),Canan Şahşenas,YDY,Tuesday,10:30/12:29,--,24,24,-,"BIOE_LS, BLG_LS, BLGE_LS, CEV_LS, CEVE_LS, CHZ_LS, DEN_LS, ECNE_LS, EHB_LS, EHBE_LS, ELK_LS, ELKE_LS, END_LS, ENDE_LS, ENTE_LS, FIZ_LS, GEM_LS, GEO_LS, GEOE_LS, GID_LS, HTA_LS, HTAE_LS, IBM_LS, ICM_LS, INS_LS, INSE_LS, ISL_LS, ISLE_LS, JEF_LS, JEO_LS, KIM_LS, KMM_LS, KOM_LS, KOME_LS, MAD_LS, MAK_LS, MAT_LS, MET_LS, METE_LS, MIM_LS, MIME_LS, MTO_LS, PEME_LS, PETE_LS, ROS_LS, ROSE_LS, SAO_OL, SBP_LS, SBPE_LS, SECE_LS, TEKE_LS, UCK_LS, UZBE_LS, VBAE_LS, YZVE_LS",-,-
93,20421,ING 112A,Basics of Academic Writing,Virtual (Online),Şule Elif Gökçe Enginarlar,YDY,Tuesday,13:30/15:29,--,24,24,-,"BIOE_LS, BLG_LS, BLGE_LS, CEV_LS, CEVE_LS, CHZ_LS, DEN_LS, ECNE_LS, EHB_LS, EHBE_LS, ELK_LS, ELKE_LS, END_LS, ENDE_LS, ENTE_LS, FIZ_LS, GEM_LS, GEO_LS, GEOE_LS, GID_LS, HTA_LS, HTAE_LS, IBM_LS, ICM_LS, INS_LS, INSE_LS, ISL_LS, ISLE_LS, JEF_LS, JEO_LS, KIM_LS, KMM_LS, KOM_LS, KOME_LS, MAD_LS, MAK_LS, MAT_LS, MET_LS, METE_LS, MIM_LS, MIME_LS, MTO_LS, PEME_LS, PETE_LS, ROS_LS, ROSE_LS, SAO_OL, SBP_LS, SBPE_LS, SECE_LS, TEKE_LS, UCK_LS, UZBE_LS, VBAE_LS, YZVE_LS",-,-
94,20422,ING 112A,Basics of Academic Writing,Virtual (Online),Yurdanur Toktaş,YDY,Tuesday,13:30/15:29,--,24,24,-,"BIOE_LS, BLG_LS, BLGE_LS, CEV_LS, CEVE_LS, CHZ_LS, DEN_LS, ECNE_LS, EHB_LS, EHBE_LS, ELK_LS, ELKE_LS, END_LS, ENDE_LS, ENTE_LS, FIZ_LS, GEM_LS, GEO_LS, GEOE_LS, GID_LS, HTA_LS, HTAE_LS, IBM_LS, ICM_LS, INS_LS, INSE_LS, ISL_LS, ISLE_LS, JEF_LS, JEO_LS, KIM_LS, KMM_LS, KOM_LS, KOME_LS, MAD_LS, MAK_LS, MAT_LS, MET_LS, METE_LS, MIM_LS, MIME_LS, MTO_LS, PEME_LS, PETE_LS, ROS_LS, ROSE_LS, SAO_OL, SBP_LS, SBPE_LS, SECE_LS, TEKE_LS, UCK_LS, UZBE_LS, VBAE_LS, YZVE_LS",-,-
95,20423,ING 112A,Basics of Academic Writing,Virtual (Online),Hatice Gökçin Köksal Çekin,YDY,Tuesday,13:30/15:29,--,24,24,-,"BIOE_LS, BLG_LS, BLGE_LS, CEV_LS, CEVE_LS, CHZ_LS, DEN_LS, ECNE_LS, EHB_LS, EHBE_LS, ELK_LS, ELKE_LS, END_LS, ENDE_LS, ENTE_LS, FIZ_LS, GEM_LS, GEO_LS, GEOE_LS, GID_LS, HTA_LS, HTAE_LS, IBM_LS, ICM_LS, INS_LS, INSE_LS, ISL_LS, ISLE_LS, JEF_LS, JEO_LS, KIM_LS, KMM_LS, KOM_LS, KOME_LS, MAD_LS, MAK_LS, MAT_LS, MET_LS, METE_LS, MIM_LS, MIME_LS, MTO_LS, PEME_LS, PETE_LS, ROS_LS, ROSE_LS, SAO_OL, SBP_LS, SBPE_LS, SECE_LS, TEKE_LS, UCK_LS, UZBE_LS, VBAE_LS, YZVE_LS",-,-
96,20424,ING 112A,Basics of Academic Writing,Virtual (Online),Zarife Zeliş Çoban,YDY,Tuesday,13:30/15:29,--,24,24,-,"BIOE_LS, BLG_LS, BLGE_LS, CEV_LS, CEVE_LS, CHZ_LS, DEN_LS, ECNE_LS, EHB_LS, EHBE_LS, ELK_LS, ELKE_LS, END_LS, ENDE_LS, ENTE_LS, FIZ_LS, GEM_LS, GEO_LS, GEOE_LS, GID_LS, HTA_LS, HTAE_LS, IBM_LS, ICM_LS, INS_LS, INSE_LS, ISL_LS, ISLE_LS, JEF_LS, JEO_LS, KIM_LS, KMM_LS, KOM_LS, KOME_LS, MAD_LS, MAK_LS, MAT_LS, MET_LS, METE_LS, MIM_LS, MIME_LS, MTO_LS, PEME_LS, PETE_LS, ROS_LS, ROSE_LS, SAO_OL, SBP_LS, SBPE_LS, SECE_LS, TEKE_LS, UCK_LS, UZBE_LS, VBAE_LS, YZVE_LS",-,-
97,20425,ING 112A,Basics of Academic Writing,Virtual (Online),Fatma Betül Akpınar,YDY,Tuesday,13:30/15:29,--,24,24,-,"BIOE_LS, BLG_LS, BLGE_LS, CEV_LS, CEVE_LS, CHZ_LS, DEN_LS, ECNE_LS, EHB_LS, EHBE_LS, ELK_LS, ELKE_LS, END_LS, ENDE_LS, ENTE_LS, FIZ_LS, GEM_LS, GEO_LS, GEOE_LS, GID_LS, HTA_LS, HTAE_LS, IBM_LS, ICM_LS, INS_LS, INSE_LS, ISL_LS, ISLE_LS, JEF_LS, JEO_LS, KIM_LS, KMM_LS, KOM_LS, KOME_LS, MAD_LS, MAK_LS, MAT_LS, MET_LS, METE_LS, MIM_LS, MIME_LS, MTO_LS, PEME_LS, PETE_LS, ROS_LS, ROSE_LS, SAO_OL, SBP_LS, SBPE_LS, SECE_LS, TEKE_LS, UCK_LS, UZBE_LS, VBAE_LS, YZVE_LS",-,-
98,20426,ING 112A,Basics of Academic Writing,Virtual (Online),Damla Aslı Altan,YDY,Tuesday,13:30/15:29,--,24,22,-,"BIOE_LS, BLG_LS, BLGE_LS, CEV_LS, CEVE_LS, CHZ_LS, DEN_LS, ECNE_LS, EHB_LS, EHBE_LS, ELK_LS, ELKE_LS, END_LS, ENDE_LS, ENTE_LS, FIZ_LS, GEM_LS, GEO_LS, GEOE_LS, GID_LS, HTA_LS, HTAE_LS, IBM_LS, ICM_LS, INS_LS, INSE_LS, ISL_LS, ISLE_LS, JEF_LS, JEO_LS, KIM_LS, KMM_LS, KOM_LS, KOME_LS, MAD_LS, MAK_LS, MAT_LS, MET_LS, METE_LS, MIM_LS, MIME_LS, MTO_LS, PEME_LS, PETE_LS, ROS_LS, ROSE_LS, SAO_OL, SBP_LS, SBPE_LS, SECE_LS, TEKE_LS, UCK_LS, UZBE_LS, VBAE_LS, YZVE_LS",-,-
99,20427,ING 112A,Basics of Academic Writing,Virtual (Online),Halime Ceren Göktaş,YDY,Tuesday,13:30/15:29,--,24,24,-,"BIOE_LS, BLG_LS, BLGE_LS, CEV_LS, CEVE_LS, CHZ_LS, DEN_LS, ECNE_LS, EHB_LS, EHBE_LS, ELK_LS, ELKE_LS, END_LS, ENDE_LS, ENTE_LS, FIZ_LS, GEM_LS, GEO_LS, GEOE_LS, GID_LS, HTA_LS, HTAE_LS, IBM_LS, ICM_LS, INS_LS, INSE_LS, ISL_LS, ISLE_LS, JEF_LS, JEO_LS, KIM_LS, KMM_LS, KOM_LS, KOME_LS, MAD_LS, MAK_LS, MAT_LS, MET_LS, METE_LS, MIM_LS, MIME_LS, MTO_LS, PEME_LS, PETE_LS, ROS_LS, ROSE_LS, SAO_OL, SBP_LS, SBPE_LS, SECE_LS, TEKE_LS, UCK_LS, UZBE_LS, VBAE_LS, YZVE_LS",-,-
100,20429,ING 112A,Basics of Academic Writing,Virtual (Online),Yasemin Yılmaz Yüksek,YDY,Wednesday,08:30/10:29,--,24,24,-,"BIOE_LS, BLG_LS, BLGE_LS, CEV_LS, CEVE_LS, CHZ_LS, DEN_LS, ECNE_LS, EHB_LS, EHBE_LS, ELK_LS, ELKE_LS, END_LS, ENDE_LS, ENTE_LS, FIZ_LS, GEM_LS, GEO_LS, GEOE_LS, GID_LS, HTA_LS, HTAE_LS, IBM_LS, ICM_LS, INS_LS, INSE_LS, ISL_LS, ISLE_LS, JEF_LS, JEO_LS, KIM_LS, KMM_LS, KOM_LS, KOME_LS, MAD_LS, MAK_LS, MAT_LS, MET_LS, METE_LS, MIM_LS, MIME_LS, MTO_LS, PEME_LS, PETE_LS, ROS_LS, ROSE_LS, SAO_OL, SBP_LS, SBPE_LS, SECE_LS, TEKE_LS, UCK_LS, UZBE_LS, VBAE_LS, YZVE_LS",-,-
101,20431,ING 112A,Basics of Academic Writing,Virtual (Online),Özge Seçkin Polat,YDY,Wednesday,08:30/10:29,--,24,24,-,"BIOE_LS, BLG_LS, BLGE_LS, CEV_LS, CEVE_LS, CHZ_LS, DEN_LS, ECNE_LS, EHB_LS, EHBE_LS, ELK_LS, ELKE_LS, END_LS, ENDE_LS, ENTE_LS, FIZ_LS, GEM_LS, GEO_LS, GEOE_LS, GID_LS, HTA_LS, HTAE_LS, IBM_LS, ICM_LS, INS_LS, INSE_LS, ISL_LS, ISLE_LS, JEF_LS, JEO_LS, KIM_LS, KMM_LS, KOM_LS, KOME_LS, MAD_LS, MAK_LS, MAT_LS, MET_LS, METE_LS, MIM_LS, MIME_LS, MTO_LS, PEME_LS, PETE_LS, ROS_LS, ROSE_LS, SAO_OL, SBP_LS, SBPE_LS, SECE_LS, TEKE_LS, UCK_LS, UZBE_LS, VBAE_LS, YZVE_LS",-,-
102,20433,ING 112A,Basics of Academic Writing,Virtual (Online),Nilgün Eker,YDY,Wednesday,08:30/10:29,--,24,24,-,"BIOE_LS, BLG_LS, BLGE_LS, CEV_LS, CEVE_LS, CHZ_LS, DEN_LS, ECNE_LS, EHB_LS, EHBE_LS, ELK_LS, ELKE_LS, END_LS, ENDE_LS, ENTE_LS, FIZ_LS, GEM_LS, GEO_LS, GEOE_LS, GID_LS, HTA_LS, HTAE_LS, IBM_LS, ICM_LS, INS_LS, INSE_LS, ISL_LS, ISLE_LS, JEF_LS, JEO_LS, KIM_LS, KMM_LS, KOM_LS, KOME_LS, MAD_LS, MAK_LS, MAT_LS, MET_LS, METE_LS, MIM_LS, MIME_LS, MTO_LS, PEME_LS, PETE_LS, ROS_LS, ROSE_LS, SAO_OL, SBP_LS, SBPE_LS, SECE_LS, TEKE_LS, UCK_LS, UZBE_LS, VBAE_LS, YZVE_LS",-,-
103,20434,ING 112A,Basics of Academic Writing,Virtual (Online),Bahar Torçuk,YDY,Wednesday,08:30/10:29,--,24,24,-,"BIOE_LS, BLG_LS, BLGE_LS, CEV_LS, CEVE_LS, CHZ_LS, DEN_LS, ECNE_LS, EHB_LS, EHBE_LS, ELK_LS, ELKE_LS, END_LS, ENDE_LS, ENTE_LS, FIZ_LS, GEM_LS, GEO_LS, GEOE_LS, GID_LS, HTA_LS, HTAE_LS, IBM_LS, ICM_LS, INS_LS, INSE_LS, ISL_LS, ISLE_LS, JEF_LS, JEO_LS, KIM_LS, KMM_LS, KOM_LS, KOME_LS, MAD_LS, MAK_LS, MAT_LS, MET_LS, METE_LS, MIM_LS, MIME_LS, MTO_LS, PEME_LS, PETE_LS, ROS_LS, ROSE_LS, SAO_OL, SBP_LS, SBPE_LS, SECE_LS, TEKE_LS, UCK_LS, UZBE_LS, VBAE_LS, YZVE_LS",-,-
104,20435,ING 112A,Basics of Academic Writing,Virtual (Online),Şule Elif Gökçe Enginarlar,YDY,Wednesday,08:30/10:29,--,24,23,-,"BIOE_LS, BLG_LS, BLGE_LS, CEV_LS, CEVE_LS, CHZ_LS, DEN_LS, ECNE_LS, EHB_LS, EHBE_LS, ELK_LS, ELKE_LS, END_LS, ENDE_LS, ENTE_LS, FIZ_LS, GEM_LS, GEO_LS, GEOE_LS, GID_LS, HTA_LS, HTAE_LS, IBM_LS, ICM_LS, INS_LS, INSE_LS, ISL_LS, ISLE_LS, JEF_LS, JEO_LS, KIM_LS, KMM_LS, KOM_LS, KOME_LS, MAD_LS, MAK_LS, MAT_LS, MET_LS, METE_LS, MIM_LS, MIME_LS, MTO_LS, PEME_LS, PETE_LS, ROS_LS, ROSE_LS, SAO_OL, SBP_LS, SBPE_LS, SECE_LS, TEKE_LS, UCK_LS, UZBE_LS, VBAE_LS, YZVE_LS",-,-
105,20436,ING 112A,Basics of Academic Writing,Virtual (Online),Emel Çağlar,YDY,Wednesday,08:30/10:29,--,24,24,-,"BIOE_LS, BLG_LS, BLGE_LS, CEV_LS, CEVE_LS, CHZ_LS, DEN_LS, ECNE_LS, EHB_LS, EHBE_LS, ELK_LS, ELKE_LS, END_LS, ENDE_LS, ENTE_LS, FIZ_LS, GEM_LS, GEO_LS, GEOE_LS, GID_LS, HTA_LS, HTAE_LS, IBM_LS, ICM_LS, INS_LS, INSE_LS, ISL_LS, ISLE_LS, JEF_LS, JEO_LS, KIM_LS, KMM_LS, KOM_LS, KOME_LS, MAD_LS, MAK_LS, MAT_LS, MET_LS, METE_LS, MIM_LS, MIME_LS, MTO_LS, PEME_LS, PETE_LS, ROS_LS, ROSE_LS, SAO_OL, SBP_LS, SBPE_LS, SECE_LS, TEKE_LS, UCK_LS, UZBE_LS, VBAE_LS, YZVE_LS",-,-
106,20437,ING 112A,Basics of Academic Writing,Virtual (Online),Halime Ceren Göktaş,YDY,Wednesday,08:30/10:29,--,24,23,-,"BIOE_LS, BLG_LS, BLGE_LS, CEV_LS, CEVE_LS, CHZ_LS, DEN_LS, ECNE_LS, EHB_LS, EHBE_LS, ELK_LS, ELKE_LS, END_LS, ENDE_LS, ENTE_LS, FIZ_LS, GEM_LS, GEO_LS, GEOE_LS, GID_LS, HTA_LS, HTAE_LS, IBM_LS, ICM_LS, INS_LS, INSE_LS, ISL_LS, ISLE_LS, JEF_LS, JEO_LS, KIM_LS, KMM_LS, KOM_LS, KOME_LS, MAD_LS, MAK_LS, MAT_LS, MET_LS, METE_LS, MIM_LS, MIME_LS, MTO_LS, PEME_LS, PETE_LS, ROS_LS, ROSE_LS, SAO_OL, SBP_LS, SBPE_LS, SECE_LS, TEKE_LS, UCK_LS, UZBE_LS, VBAE_LS, YZVE_LS",-,-
107,20438,ING 112A,Basics of Academic Writing,Virtual (Online),Şule Elif Gökçe Enginarlar,YDY,Wednesday,10:30/12:29,--,24,24,-,"BIOE_LS, BLG_LS, BLGE_LS, CEV_LS, CEVE_LS, CHZ_LS, DEN_LS, ECNE_LS, EHB_LS, EHBE_LS, ELK_LS, ELKE_LS, END_LS, ENDE_LS, ENTE_LS, FIZ_LS, GEM_LS, GEO_LS, GEOE_LS, GID_LS, HTA_LS, HTAE_LS, IBM_LS, ICM_LS, INS_LS, INSE_LS, ISL_LS, ISLE_LS, JEF_LS, JEO_LS, KIM_LS, KMM_LS, KOM_LS, KOME_LS, MAD_LS, MAK_LS, MAT_LS, MET_LS, METE_LS, MIM_LS, MIME_LS, MTO_LS, PEME_LS, PETE_LS, ROS_LS, ROSE_LS, SAO_OL, SBP_LS, SBPE_LS, SECE_LS, TEKE_LS, UCK_LS, UZBE_LS, VBAE_LS, YZVE_LS",-,-
108,20439,ING 112A,Basics of Academic Writing,Virtual (Online),Bahar Torçuk,YDY,Wednesday,10:30/12:29,--,24,24,-,"BIOE_LS, BLG_LS, BLGE_LS, CEV_LS, CEVE_LS, CHZ_LS, DEN_LS, ECNE_LS, EHB_LS, EHBE_LS, ELK_LS, ELKE_LS, END_LS, ENDE_LS, ENTE_LS, FIZ_LS, GEM_LS, GEO_LS, GEOE_LS, GID_LS, HTA_LS, HTAE_LS, IBM_LS, ICM_LS, INS_LS, INSE_LS, ISL_LS, ISLE_LS, JEF_LS, JEO_LS, KIM_LS, KMM_LS, KOM_LS, KOME_LS, MAD_LS, MAK_LS, MAT_LS, MET_LS, METE_LS, MIM_LS, MIME_LS, MTO_LS, PEME_LS, PETE_LS, ROS_LS, ROSE_LS, SAO_OL, SBP_LS, SBPE_LS, SECE_LS, TEKE_LS, UCK_LS, UZBE_LS, VBAE_LS, YZVE_LS",-,-
109,20440,ING 112A,Basics of Academic Writing,Virtual (Online),Emel Çağlar,YDY,Wednesday,10:30/12:29,--,24,24,-,"BIOE_LS, BLG_LS, BLGE_LS, CEV_LS, CEVE_LS, CHZ_LS, DEN_LS, ECNE_LS, EHB_LS, EHBE_LS, ELK_LS, ELKE_LS, END_LS, ENDE_LS, ENTE_LS, FIZ_LS, GEM_LS, GEO_LS, GEOE_LS, GID_LS, HTA_LS, HTAE_LS, IBM_LS, ICM_LS, INS_LS, INSE_LS, ISL_LS, ISLE_LS, JEF_LS, JEO_LS, KIM_LS, KMM_LS, KOM_LS, KOME_LS, MAD_LS, MAK_LS, MAT_LS, MET_LS, METE_LS, MIM_LS, MIME_LS, MTO_LS, PEME_LS, PETE_LS, ROS_LS, ROSE_LS, SAO_OL, SBP_LS, SBPE_LS, SECE_LS, TEKE_LS, UCK_LS, UZBE_LS, VBAE_LS, YZVE_LS",-,-
110,20441,ING 112A,Basics of Academic Writing,Virtual (Online),Hatice Gökçin Köksal Çekin,YDY,Wednesday,10:30/12:29,--,24,24,-,"BIOE_LS, BLG_LS, BLGE_LS, CEV_LS, CEVE_LS, CHZ_LS, DEN_LS, ECNE_LS, EHB_LS, EHBE_LS, ELK_LS, ELKE_LS, END_LS, ENDE_LS, ENTE_LS, FIZ_LS, GEM_LS, GEO_LS, GEOE_LS, GID_LS, HTA_LS, HTAE_LS, IBM_LS, ICM_LS, INS_LS, INSE_LS, ISL_LS, ISLE_LS, JEF_LS, JEO_LS, KIM_LS, KMM_LS, KOM_LS, KOME_LS, MAD_LS, MAK_LS, MAT_LS, MET_LS, METE_LS, MIM_LS, MIME_LS, MTO_LS, PEME_LS, PETE_LS, ROS_LS, ROSE_LS, SAO_OL, SBP_LS, SBPE_LS, SECE_LS, TEKE_LS, UCK_LS, UZBE_LS, VBAE_LS, YZVE_LS",-,-
111,20442,ING 112A,Basics of Academic Writing,Virtual (Online),Aslıhan Zengin,YDY,Wednesday,10:30/12:29,--,20,17,-,"BIOE_LS, BLG_LS, BLGE_LS, CEV_LS, CEVE_LS, CHZ_LS, DEN_LS, ECNE_LS, EHB_LS, EHBE_LS, ELK_LS, ELKE_LS, END_LS, ENDE_LS, ENTE_LS, FIZ_LS, GEM_LS, GEO_LS, GEOE_LS, GID_LS, HTA_LS, HTAE_LS, IBM_LS, ICM_LS, INS_LS, INSE_LS, ISL_LS, ISLE_LS, JEF_LS, JEO_LS, KIM_LS, KMM_LS, KOM_LS, KOME_LS, MAD_LS, MAK_LS, MAT_LS, MET_LS, METE_LS, MIM_LS, MIME_LS, MTO_LS, PEME_LS, PETE_LS, ROS_LS, ROSE_LS, SAO_OL, SBP_LS, SBPE_LS, SECE_LS, TEKE_LS, UCK_LS, UZBE_LS, VBAE_LS, YZVE_LS",-,-
112,20443,ING 112A,Basics of Academic Writing,Virtual (Online),Hande Yalınateş Koşar,YDY,Wednesday,10:30/12:29,--,20,20,-,"BIOE_LS, BLG_LS, BLGE_LS, CEV_LS, CEVE_LS, CHZ_LS, DEN_LS, ECNE_LS, EHB_LS, EHBE_LS, ELK_LS, ELKE_LS, END_LS, ENDE_LS, ENTE_LS, FIZ_LS, GEM_LS, GEO_LS, GEOE_LS, GID_LS, HTA_LS, HTAE_LS, IBM_LS, ICM_LS, INS_LS, INSE_LS, ISL_LS, ISLE_LS, JEF_LS, JEO_LS, KIM_LS, KMM_LS, KOM_LS, KOME_LS, MAD_LS, MAK_LS, MAT_LS, MET_LS, METE_LS, MIM_LS, MIME_LS, MTO_LS, PEME_LS, PETE_LS, ROS_LS, ROSE_LS, SAO_OL, SBP_LS, SBPE_LS, SECE_LS, TEKE_LS, UCK_LS, UZBE_LS, VBAE_LS, YZVE_LS",-,-
113,20444,ING 112A,Basics of Academic Writing,Virtual (Online),Zeynep Kurular,YDY,Wednesday,10:30/12:29,--,20,20,-,"BIOE_LS, BLG_LS, BLGE_LS, CEV_LS, CEVE_LS, CHZ_LS, DEN_LS, ECNE_LS, EHB_LS, EHBE_LS, ELK_LS, ELKE_LS, END_LS, ENDE_LS, ENTE_LS, FIZ_LS, GEM_LS, GEO_LS, GEOE_LS, GID_LS, HTA_LS, HTAE_LS, IBM_LS, ICM_LS, INS_LS, INSE_LS, ISL_LS, ISLE_LS, JEF_LS, JEO_LS, KIM_LS, KMM_LS, KOM_LS, KOME_LS, MAD_LS, MAK_LS, MAT_LS, MET_LS, METE_LS, MIM_LS, MIME_LS, MTO_LS, PEME_LS, PETE_LS, ROS_LS, ROSE_LS, SAO_OL, SBP_LS, SBPE_LS, SECE_LS, TEKE_LS, UCK_LS, UZBE_LS, VBAE_LS, YZVE_LS",-,-
114,20445,ING 112A,Basics of Academic Writing,Virtual (Online),Aslı Özkara,YDY,Wednesday,10:30/12:29,--,20,20,-,"BIOE_LS, BLG_LS, BLGE_LS, CEV_LS, CEVE_LS, CHZ_LS, DEN_LS, ECNE_LS, EHB_LS, EHBE_LS, ELK_LS, ELKE_LS, END_LS, ENDE_LS, ENTE_LS, FIZ_LS, GEM_LS, GEO_LS, GEOE_LS, GID_LS, HTA_LS, HTAE_LS, IBM_LS, ICM_LS, INS_LS, INSE_LS, ISL_LS, ISLE_LS, JEF_LS, JEO_LS, KIM_LS, KMM_LS, KOM_LS, KOME_LS, MAD_LS, MAK_LS, MAT_LS, MET_LS, METE_LS, MIM_LS, MIME_LS, MTO_LS, PEME_LS, PETE_LS, ROS_LS, ROSE_LS, SAO_OL, SBP_LS, SBPE_LS, SECE_LS, TEKE_LS, UCK_LS, UZBE_LS, VBAE_LS, YZVE_LS",-,-
115,20446,ING 112A,Basics of Academic Writing,Virtual (Online),İmge Şahin Girtten,YDY,Thursday,08:30/10:29,--,24,24,-,"BIOE_LS, BLG_LS, BLGE_LS, CEV_LS, CEVE_LS, CHZ_LS, DEN_LS, ECNE_LS, EHB_LS, EHBE_LS, ELK_LS, ELKE_LS, END_LS, ENDE_LS, ENTE_LS, FIZ_LS, GEM_LS, GEO_LS, GEOE_LS, GID_LS, HTA_LS, HTAE_LS, IBM_LS, ICM_LS, INS_LS, INSE_LS, ISL_LS, ISLE_LS, JEF_LS, JEO_LS, KIM_LS, KMM_LS, KOM_LS, KOME_LS, MAD_LS, MAK_LS, MAT_LS, MET_LS, METE_LS, MIM_LS, MIME_LS, MTO_LS, PEME_LS, PETE_LS, ROS_LS, ROSE_LS, SAO_OL, SBP_LS, SBPE_LS, SECE_LS, TEKE_LS, UCK_LS, UZBE_LS, VBAE_LS, YZVE_LS",-,-
116,20447,ING 112A,Basics of Academic Writing,Virtual (Online),Fatma Şehkar Fayda Kınık,YDY,Thursday,08:30/10:29,--,24,24,-,"BIOE_LS, BLG_LS, BLGE_LS, CEV_LS, CEVE_LS, CHZ_LS, DEN_LS, ECNE_LS, EHB_LS, EHBE_LS, ELK_LS, ELKE_LS, END_LS, ENDE_LS, ENTE_LS, FIZ_LS, GEM_LS, GEO_LS, GEOE_LS, GID_LS, HTA_LS, HTAE_LS, IBM_LS, ICM_LS, INS_LS, INSE_LS, ISL_LS, ISLE_LS, JEF_LS, JEO_LS, KIM_LS, KMM_LS, KOM_LS, KOME_LS, MAD_LS, MAK_LS, MAT_LS, MET_LS, METE_LS, MIM_LS, MIME_LS, MTO_LS, PEME_LS, PETE_LS, ROS_LS, ROSE_LS, SAO_OL, SBP_LS, SBPE_LS, SECE_LS, TEKE_LS, UCK_LS, UZBE_LS, VBAE_LS, YZVE_LS",-,-
117,20448,ING 112A,Basics of Academic Writing,Virtual (Online),Nilgün Eker,YDY,Thursday,08:30/10:29,--,24,24,-,"BIOE_LS, BLG_LS, BLGE_LS, CEV_LS, CEVE_LS, CHZ_LS, DEN_LS, ECNE_LS, EHB_LS, EHBE_LS, ELK_LS, ELKE_LS, END_LS, ENDE_LS, ENTE_LS, FIZ_LS, GEM_LS, GEO_LS, GEOE_LS, GID_LS, HTA_LS, HTAE_LS, IBM_LS, ICM_LS, INS_LS, INSE_LS, ISL_LS, ISLE_LS, JEF_LS, JEO_LS, KIM_LS, KMM_LS, KOM_LS, KOME_LS, MAD_LS, MAK_LS, MAT_LS, MET_LS, METE_LS, MIM_LS, MIME_LS, MTO_LS, PEME_LS, PETE_LS, ROS_LS, ROSE_LS, SAO_OL, SBP_LS, SBPE_LS, SECE_LS, TEKE_LS, UCK_LS, UZBE_LS, VBAE_LS, YZVE_LS",-,-
118,20449,ING 112A,Basics of Academic Writing,Virtual (Online),Emel Çağlar,YDY,Thursday,08:30/10:29,--,24,24,-,"BIOE_LS, BLG_LS, BLGE_LS, CEV_LS, CEVE_LS, CHZ_LS, DEN_LS, ECNE_LS, EHB_LS, EHBE_LS, ELK_LS, ELKE_LS, END_LS, ENDE_LS, ENTE_LS, FIZ_LS, GEM_LS, GEO_LS, GEOE_LS, GID_LS, HTA_LS, HTAE_LS, IBM_LS, ICM_LS, INS_LS, INSE_LS, ISL_LS, ISLE_LS, JEF_LS, JEO_LS, KIM_LS, KMM_LS, KOM_LS, KOME_LS, MAD_LS, MAK_LS, MAT_LS, MET_LS, METE_LS, MIM_LS, MIME_LS, MTO_LS, PEME_LS, PETE_LS, ROS_LS, ROSE_LS, SAO_OL, SBP_LS, SBPE_LS, SECE_LS, TEKE_LS, UCK_LS, UZBE_LS, VBAE_LS, YZVE_LS",-,-
119,20450,ING 112A,Basics of Academic Writing,Virtual (Online),Hatice Gökçin Köksal Çekin,YDY,Thursday,08:30/10:29,--,24,24,-,"BIOE_LS, BLG_LS, BLGE_LS, CEV_LS, CEVE_LS, CHZ_LS, DEN_LS, ECNE_LS, EHB_LS, EHBE_LS, ELK_LS, ELKE_LS, END_LS, ENDE_LS, ENTE_LS, FIZ_LS, GEM_LS, GEO_LS, GEOE_LS, GID_LS, HTA_LS, HTAE_LS, IBM_LS, ICM_LS, INS_LS, INSE_LS, ISL_LS, ISLE_LS, JEF_LS, JEO_LS, KIM_LS, KMM_LS, KOM_LS, KOME_LS, MAD_LS, MAK_LS, MAT_LS, MET_LS, METE_LS, MIM_LS, MIME_LS, MTO_LS, PEME_LS, PETE_LS, ROS_LS, ROSE_LS, SAO_OL, SBP_LS, SBPE_LS, SECE_LS, TEKE_LS, UCK_LS, UZBE_LS, VBAE_LS, YZVE_LS",-,-
120,20451,ING 112A,Basics of Academic Writing,Virtual (Online),Aslıhan Zengin,YDY,Thursday,08:30/10:29,--,24,24,-,"BIOE_LS, BLG_LS, BLGE_LS, CEV_LS, CEVE_LS, CHZ_LS, DEN_LS, ECNE_LS, EHB_LS, EHBE_LS, ELK_LS, ELKE_LS, END_LS, ENDE_LS, ENTE_LS, FIZ_LS, GEM_LS, GEO_LS, GEOE_LS, GID_LS, HTA_LS, HTAE_LS, IBM_LS, ICM_LS, INS_LS, INSE_LS, ISL_LS, ISLE_LS, JEF_LS, JEO_LS, KIM_LS, KMM_LS, KOM_LS, KOME_LS, MAD_LS, MAK_LS, MAT_LS, MET_LS, METE_LS, MIM_LS, MIME_LS, MTO_LS, PEME_LS, PETE_LS, ROS_LS, ROSE_LS, SAO_OL, SBP_LS, SBPE_LS, SECE_LS, TEKE_LS, UCK_LS, UZBE_LS, VBAE_LS, YZVE_LS",-,-
121,20452,ING 112A,Basics of Academic Writing,Virtual (Online),Hande Yalınateş Koşar,YDY,Thursday,08:30/10:29,--,24,24,-,"BIOE_LS, BLG_LS, BLGE_LS, CEV_LS, CEVE_LS, CHZ_LS, DEN_LS, ECNE_LS, EHB_LS, EHBE_LS, ELK_LS, ELKE_LS, END_LS, ENDE_LS, ENTE_LS, FIZ_LS, GEM_LS, GEO_LS, GEOE_LS, GID_LS, HTA_LS, HTAE_LS, IBM_LS, ICM_LS, INS_LS, INSE_LS, ISL_LS, ISLE_LS, JEF_LS, JEO_LS, KIM_LS, KMM_LS, KOM_LS, KOME_LS, MAD_LS, MAK_LS, MAT_LS, MET_LS, METE_LS, MIM_LS, MIME_LS, MTO_LS, PEME_LS, PETE_LS, ROS_LS, ROSE_LS, SAO_OL, SBP_LS, SBPE_LS, SECE_LS, TEKE_LS, UCK_LS, UZBE_LS, VBAE_LS, YZVE_LS",-,-
122,20453,ING 112A,Basics of Academic Writing,Virtual (Online),İmge Şahin Girtten,YDY,Thursday,10:30/12:29,--,24,24,-,"BIOE_LS, BLG_LS, BLGE_LS, CEV_LS, CEVE_LS, CHZ_LS, DEN_LS, ECNE_LS, EHB_LS, EHBE_LS, ELK_LS, ELKE_LS, END_LS, ENDE_LS, ENTE_LS, FIZ_LS, GEM_LS, GEO_LS, GEOE_LS, GID_LS, HTA_LS, HTAE_LS, IBM_LS, ICM_LS, INS_LS, INSE_LS, ISL_LS, ISLE_LS, JEF_LS, JEO_LS, KIM_LS, KMM_LS, KOM_LS, KOME_LS, MAD_LS, MAK_LS, MAT_LS, MET_LS, METE_LS, MIM_LS, MIME_LS, MTO_LS, PEME_LS, PETE_LS, ROS_LS, ROSE_LS, SAO_OL, SBP_LS, SBPE_LS, SECE_LS, TEKE_LS, UCK_LS, UZBE_LS, VBAE_LS, YZVE_LS",-,-
123,20454,ING 112A,Basics of Academic Writing,Virtual (Online),Yurdanur Toktaş,YDY,Thursday,10:30/12:29,--,24,24,-,"BIOE_LS, BLG_LS, BLGE_LS, CEV_LS, CEVE_LS, CHZ_LS, DEN_LS, ECNE_LS, EHB_LS, EHBE_LS, ELK_LS, ELKE_LS, END_LS, ENDE_LS, ENTE_LS, FIZ_LS, GEM_LS, GEO_LS, GEOE_LS, GID_LS, HTA_LS, HTAE_LS, IBM_LS, ICM_LS, INS_LS, INSE_LS, ISL_LS, ISLE_LS, JEF_LS, JEO_LS, KIM_LS, KMM_LS, KOM_LS, KOME_LS, MAD_LS, MAK_LS, MAT_LS, MET_LS, METE_LS, MIM_LS, MIME_LS, MTO_LS, PEME_LS, PETE_LS, ROS_LS, ROSE_LS, SAO_OL, SBP_LS, SBPE_LS, SECE_LS, TEKE_LS, UCK_LS, UZBE_LS, VBAE_LS, YZVE_LS",-,-
124,20455,ING 112A,Basics of Academic Writing,Virtual (Online),Özge Seçkin Polat,YDY,Thursday,10:30/12:29,--,24,23,-,"BIOE_LS, BLG_LS, BLGE_LS, CEV_LS, CEVE_LS, CHZ_LS, DEN_LS, ECNE_LS, EHB_LS, EHBE_LS, ELK_LS, ELKE_LS, END_LS, ENDE_LS, ENTE_LS, FIZ_LS, GEM_LS, GEO_LS, GEOE_LS, GID_LS, HTA_LS, HTAE_LS, IBM_LS, ICM_LS, INS_LS, INSE_LS, ISL_LS, ISLE_LS, JEF_LS, JEO_LS, KIM_LS, KMM_LS, KOM_LS, KOME_LS, MAD_LS, MAK_LS, MAT_LS, MET_LS, METE_LS, MIM_LS, MIME_LS, MTO_LS, PEME_LS, PETE_LS, ROS_LS, ROSE_LS, SAO_OL, SBP_LS, SBPE_LS, SECE_LS, TEKE_LS, UCK_LS, UZBE_LS, VBAE_LS, YZVE_LS",-,-
125,20456,ING 112A,Basics of Academic Writing,Virtual (Online),Nilgün Eker,YDY,Thursday,10:30/12:29,--,24,24,-,"BIOE_LS, BLG_LS, BLGE_LS, CEV_LS, CEVE_LS, CHZ_LS, DEN_LS, ECNE_LS, EHB_LS, EHBE_LS, ELK_LS, ELKE_LS, END_LS, ENDE_LS, ENTE_LS, FIZ_LS, GEM_LS, GEO_LS, GEOE_LS, GID_LS, HTA_LS, HTAE_LS, IBM_LS, ICM_LS, INS_LS, INSE_LS, ISL_LS, ISLE_LS, JEF_LS, JEO_LS, KIM_LS, KMM_LS, KOM_LS, KOME_LS, MAD_LS, MAK_LS, MAT_LS, MET_LS, METE_LS, MIM_LS, MIME_LS, MTO_LS, PEME_LS, PETE_LS, ROS_LS, ROSE_LS, SAO_OL, SBP_LS, SBPE_LS, SECE_LS, TEKE_LS, UCK_LS, UZBE_LS, VBAE_LS, YZVE_LS",-,-
126,20457,ING 112A,Basics of Academic Writing,Virtual (Online),Zarife Zeliş Çoban,YDY,Thursday,10:30/12:29,--,24,24,-,"BIOE_LS, BLG_LS, BLGE_LS, CEV_LS, CEVE_LS, CHZ_LS, DEN_LS, ECNE_LS, EHB_LS, EHBE_LS, ELK_LS, ELKE_LS, END_LS, ENDE_LS, ENTE_LS, FIZ_LS, GEM_LS, GEO_LS, GEOE_LS, GID_LS, HTA_LS, HTAE_LS, IBM_LS, ICM_LS, INS_LS, INSE_LS, ISL_LS, ISLE_LS, JEF_LS, JEO_LS, KIM_LS, KMM_LS, KOM_LS, KOME_LS, MAD_LS, MAK_LS, MAT_LS, MET_LS, METE_LS, MIM_LS, MIME_LS, MTO_LS, PEME_LS, PETE_LS, ROS_LS, ROSE_LS, SAO_OL, SBP_LS, SBPE_LS, SECE_LS, TEKE_LS, UCK_LS, UZBE_LS, VBAE_LS, YZVE_LS",-,-
127,20459,ING 112A,Basics of Academic Writing,Virtual (Online),Aslı Özkara,YDY,Thursday,10:30/12:29,--,24,24,-,"BIOE_LS, BLG_LS, BLGE_LS, CEV_LS, CEVE_LS, CHZ_LS, DEN_LS, ECNE_LS, EHB_LS, EHBE_LS, ELK_LS, ELKE_LS, END_LS, ENDE_LS, ENTE_LS, FIZ_LS, GEM_LS, GEO_LS, GEOE_LS, GID_LS, HTA_LS, HTAE_LS, IBM_LS, ICM_LS, INS_LS, INSE_LS, ISL_LS, ISLE_LS, JEF_LS, JEO_LS, KIM_LS, KMM_LS, KOM_LS, KOME_LS, MAD_LS, MAK_LS, MAT_LS, MET_LS, METE_LS, MIM_LS, MIME_LS, MTO_LS, PEME_LS, PETE_LS, ROS_LS, ROSE_LS, SAO_OL, SBP_LS, SBPE_LS, SECE_LS, TEKE_LS, UCK_LS, UZBE_LS, VBAE_LS, YZVE_LS",-,-
128,20461,ING 112A,Basics of Academic Writing,Virtual (Online),Damla Aslı Altan,YDY,Thursday,10:30/12:29,--,24,16,-,"BIOE_LS, BLG_LS, BLGE_LS, CEV_LS, CEVE_LS, CHZ_LS, DEN_LS, ECNE_LS, EHB_LS, EHBE_LS, ELK_LS, ELKE_LS, END_LS, ENDE_LS, ENTE_LS, FIZ_LS, GEM_LS, GEO_LS, GEOE_LS, GID_LS, HTA_LS, HTAE_LS, IBM_LS, ICM_LS, INS_LS, INSE_LS, ISL_LS, ISLE_LS, JEF_LS, JEO_LS, KIM_LS, KMM_LS, KOM_LS, KOME_LS, MAD_LS, MAK_LS, MAT_LS, MET_LS, METE_LS, MIM_LS, MIME_LS, MTO_LS, PEME_LS, PETE_LS, ROS_LS, ROSE_LS, SAO_OL, SBP_LS, SBPE_LS, SECE_LS, TEKE_LS, UCK_LS, UZBE_LS, VBAE_LS, YZVE_LS",-,-
129,20462,ING 112A,Basics of Academic Writing,Virtual (Online),Pelin Gökalp Yılmazer,YDY,Thursday,10:30/12:29,--,24,24,-,"BIOE_LS, BLG_LS, BLGE_LS, CEV_LS, CEVE_LS, CHZ_LS, DEN_LS, ECNE_LS, EHB_LS, EHBE_LS, ELK_LS, ELKE_LS, END_LS, ENDE_LS, ENTE_LS, FIZ_LS, GEM_LS, GEO_LS, GEOE_LS, GID_LS, HTA_LS, HTAE_LS, IBM_LS, ICM_LS, INS_LS, INSE_LS, ISL_LS, ISLE_LS, JEF_LS, JEO_LS, KIM_LS, KMM_LS, KOM_LS, KOME_LS, MAD_LS, MAK_LS, MAT_LS, MET_LS, METE_LS, MIM_LS, MIME_LS, MTO_LS, PEME_LS, PETE_LS, ROS_LS, ROSE_LS, SAO_OL, SBP_LS, SBPE_LS, SECE_LS, TEKE_LS, UCK_LS, UZBE_LS, VBAE_LS, YZVE_LS",-,-
130,20464,ING 112A,Basics of Academic Writing,Virtual (Online),Canan Şahşenas,YDY,Thursday,10:30/12:29,--,24,24,-,"BIOE_LS, BLG_LS, BLGE_LS, CEV_LS, CEVE_LS, CHZ_LS, DEN_LS, ECNE_LS, EHB_LS, EHBE_LS, ELK_LS, ELKE_LS, END_LS, ENDE_LS, ENTE_LS, FIZ_LS, GEM_LS, GEO_LS, GEOE_LS, GID_LS, HTA_LS, HTAE_LS, IBM_LS, ICM_LS, INS_LS, INSE_LS, ISL_LS, ISLE_LS, JEF_LS, JEO_LS, KIM_LS, KMM_LS, KOM_LS, KOME_LS, MAD_LS, MAK_LS, MAT_LS, MET_LS, METE_LS, MIM_LS, MIME_LS, MTO_LS, PEME_LS, PETE_LS, ROS_LS, ROSE_LS, SAO_OL, SBP_LS, SBPE_LS, SECE_LS, TEKE_LS, UCK_LS, UZBE_LS, VBAE_LS, YZVE_LS",-,-
131,20466,ING 112A,Basics of Academic Writing,Virtual (Online),Şule Elif Gökçe Enginarlar,YDY,Thursday,13:30/15:29,--,24,24,-,"BIOE_LS, BLG_LS, BLGE_LS, CEV_LS, CEVE_LS, CHZ_LS, DEN_LS, ECNE_LS, EHB_LS, EHBE_LS, ELK_LS, ELKE_LS, END_LS, ENDE_LS, ENTE_LS, FIZ_LS, GEM_LS, GEO_LS, GEOE_LS, GID_LS, HTA_LS, HTAE_LS, IBM_LS, ICM_LS, INS_LS, INSE_LS, ISL_LS, ISLE_LS, JEF_LS, JEO_LS, KIM_LS, KMM_LS, KOM_LS, KOME_LS, MAD_LS, MAK_LS, MAT_LS, MET_LS, METE_LS, MIM_LS, MIME_LS, MTO_LS, PEME_LS, PETE_LS, ROS_LS, ROSE_LS, SAO_OL, SBP_LS, SBPE_LS, SECE_LS, TEKE_LS, UCK_LS, UZBE_LS, VBAE_LS, YZVE_LS",-,-
132,20467,ING 112A,Basics of Academic Writing,Virtual (Online),Yurdanur Toktaş,YDY,Thursday,13:30/15:29,--,24,24,-,"BIOE_LS, BLG_LS, BLGE_LS, CEV_LS, CEVE_LS, CHZ_LS, DEN_LS, ECNE_LS, EHB_LS, EHBE_LS, ELK_LS, ELKE_LS, END_LS, ENDE_LS, ENTE_LS, FIZ_LS, GEM_LS, GEO_LS, GEOE_LS, GID_LS, HTA_LS, HTAE_LS, IBM_LS, ICM_LS, INS_LS, INSE_LS, ISL_LS, ISLE_LS, JEF_LS, JEO_LS, KIM_LS, KMM_LS, KOM_LS, KOME_LS, MAD_LS, MAK_LS, MAT_LS, MET_LS, METE_LS, MIM_LS, MIME_LS, MTO_LS, PEME_LS, PETE_LS, ROS_LS, ROSE_LS, SAO_OL, SBP_LS, SBPE_LS, SECE_LS, TEKE_LS, UCK_LS, UZBE_LS, VBAE_LS, YZVE_LS",-,-
133,20469,ING 112A,Basics of Academic Writing,Virtual (Online),Emine Sari Altındağ,YDY,Thursday,13:30/15:29,--,24,24,-,"BIOE_LS, BLG_LS, BLGE_LS, CEV_LS, CEVE_LS, CHZ_LS, DEN_LS, ECNE_LS, EHB_LS, EHBE_LS, ELK_LS, ELKE_LS, END_LS, ENDE_LS, ENTE_LS, FIZ_LS, GEM_LS, GEO_LS, GEOE_LS, GID_LS, HTA_LS, HTAE_LS, IBM_LS, ICM_LS, INS_LS, INSE_LS, ISL_LS, ISLE_LS, JEF_LS, JEO_LS, KIM_LS, KMM_LS, KOM_LS, KOME_LS, MAD_LS, MAK_LS, MAT_LS, MET_LS, METE_LS, MIM_LS, MIME_LS, MTO_LS, PEME_LS, PETE_LS, ROS_LS, ROSE_LS, SAO_OL, SBP_LS, SBPE_LS, SECE_LS, TEKE_LS, UCK_LS, UZBE_LS, VBAE_LS, YZVE_LS",-,-
134,20470,ING 112A,Basics of Academic Writing,Virtual (Online),Bahar Torçuk,YDY,Thursday,13:30/15:29,--,24,24,-,"BIOE_LS, BLG_LS, BLGE_LS, CEV_LS, CEVE_LS, CHZ_LS, DEN_LS, ECNE_LS, EHB_LS, EHBE_LS, ELK_LS, ELKE_LS, END_LS, ENDE_LS, ENTE_LS, FIZ_LS, GEM_LS, GEO_LS, GEOE_LS, GID_LS, HTA_LS, HTAE_LS, IBM_LS, ICM_LS, INS_LS, INSE_LS, ISL_LS, ISLE_LS, JEF_LS, JEO_LS, KIM_LS, KMM_LS, KOM_LS, KOME_LS, MAD_LS, MAK_LS, MAT_LS, MET_LS, METE_LS, MIM_LS, MIME_LS, MTO_LS, PEME_LS, PETE_LS, ROS_LS, ROSE_LS, SAO_OL, SBP_LS, SBPE_LS, SECE_LS, TEKE_LS, UCK_LS, UZBE_LS, VBAE_LS, YZVE_LS",-,-
135,20471,ING 112A,Basics of Academic Writing,Virtual (Online),Hande Yalınateş Koşar,YDY,Thursday,13:30/15:29,--,24,24,-,"BIOE_LS, BLG_LS, BLGE_LS, CEV_LS, CEVE_LS, CHZ_LS, DEN_LS, ECNE_LS, EHB_LS, EHBE_LS, ELK_LS, ELKE_LS, END_LS, ENDE_LS, ENTE_LS, FIZ_LS, GEM_LS, GEO_LS, GEOE_LS, GID_LS, HTA_LS, HTAE_LS, IBM_LS, ICM_LS, INS_LS, INSE_LS, ISL_LS, ISLE_LS, JEF_LS, JEO_LS, KIM_LS, KMM_LS, KOM_LS, KOME_LS, MAD_LS, MAK_LS, MAT_LS, MET_LS, METE_LS, MIM_LS, MIME_LS, MTO_LS, PEME_LS, PETE_LS, ROS_LS, ROSE_LS, SAO_OL, SBP_LS, SBPE_LS, SECE_LS, TEKE_LS, UCK_LS, UZBE_LS, VBAE_LS, YZVE_LS",-,-
136,20474,ING 112A,Basics of Academic Writing,Virtual (Online),Damla Aslı Altan,YDY,Thursday,13:30/15:29,--,24,14,-,"BIOE_LS, BLG_LS, BLGE_LS, CEV_LS, CEVE_LS, CHZ_LS, DEN_LS, ECNE_LS, EHB_LS, EHBE_LS, ELK_LS, ELKE_LS, END_LS, ENDE_LS, ENTE_LS, FIZ_LS, GEM_LS, GEO_LS, GEOE_LS, GID_LS, HTA_LS, HTAE_LS, IBM_LS, ICM_LS, INS_LS, INSE_LS, ISL_LS, ISLE_LS, JEF_LS, JEO_LS, KIM_LS, KMM_LS, KOM_LS, KOME_LS, MAD_LS, MAK_LS, MAT_LS, MET_LS, METE_LS, MIM_LS, MIME_LS, MTO_LS, PEME_LS, PETE_LS, ROS_LS, ROSE_LS, SAO_OL, SBP_LS, SBPE_LS, SECE_LS, TEKE_LS, UCK_LS, UZBE_LS, VBAE_LS, YZVE_LS",-,-
137,20475,ING 112A,Basics of Academic Writing,Virtual (Online),Özlem Ayar Gemalmaz,YDY,Thursday,13:30/15:29,--,24,24,-,"BIOE_LS, BLG_LS, BLGE_LS, CEV_LS, CEVE_LS, CHZ_LS, DEN_LS, ECNE_LS, EHB_LS, EHBE_LS, ELK_LS, ELKE_LS, END_LS, ENDE_LS, ENTE_LS, FIZ_LS, GEM_LS, GEO_LS, GEOE_LS, GID_LS, HTA_LS, HTAE_LS, IBM_LS, ICM_LS, INS_LS, INSE_LS, ISL_LS, ISLE_LS, JEF_LS, JEO_LS, KIM_LS, KMM_LS, KOM_LS, KOME_LS, MAD_LS, MAK_LS, MAT_LS, MET_LS, METE_LS, MIM_LS, MIME_LS, MTO_LS, PEME_LS, PETE_LS, ROS_LS, ROSE_LS, SAO_OL, SBP_LS, SBPE_LS, SECE_LS, TEKE_LS, UCK_LS, UZBE_LS, VBAE_LS, YZVE_LS",-,-
138,20476,ING 112A,Basics of Academic Writing,Virtual (Online),Yurdanur Toktaş,YDY,Friday,08:30/10:29,--,24,24,-,"BIOE_LS, BLG_LS, BLGE_LS, CEV_LS, CEVE_LS, CHZ_LS, DEN_LS, ECNE_LS, EHB_LS, EHBE_LS, ELK_LS, ELKE_LS, END_LS, ENDE_LS, ENTE_LS, FIZ_LS, GEM_LS, GEO_LS, GEOE_LS, GID_LS, HTA_LS, HTAE_LS, IBM_LS, ICM_LS, INS_LS, INSE_LS, ISL_LS, ISLE_LS, JEF_LS, JEO_LS, KIM_LS, KMM_LS, KOM_LS, KOME_LS, MAD_LS, MAK_LS, MAT_LS, MET_LS, METE_LS, MIM_LS, MIME_LS, MTO_LS, PEME_LS, PETE_LS, ROS_LS, ROSE_LS, SAO_OL, SBP_LS, SBPE_LS, SECE_LS, TEKE_LS, UCK_LS, UZBE_LS, VBAE_LS, YZVE_LS",-,-
139,20478,ING 112A,Basics of Academic Writing,Virtual (Online),Özge Seçkin Polat,YDY,Friday,08:30/10:29,--,24,24,-,"BIOE_LS, BLG_LS, BLGE_LS, CEV_LS, CEVE_LS, CHZ_LS, DEN_LS, ECNE_LS, EHB_LS, EHBE_LS, ELK_LS, ELKE_LS, END_LS, ENDE_LS, ENTE_LS, FIZ_LS, GEM_LS, GEO_LS, GEOE_LS, GID_LS, HTA_LS, HTAE_LS, IBM_LS, ICM_LS, INS_LS, INSE_LS, ISL_LS, ISLE_LS, JEF_LS, JEO_LS, KIM_LS, KMM_LS, KOM_LS, KOME_LS, MAD_LS, MAK_LS, MAT_LS, MET_LS, METE_LS, MIM_LS, MIME_LS, MTO_LS, PEME_LS, PETE_LS, ROS_LS, ROSE_LS, SAO_OL, SBP_LS, SBPE_LS, SECE_LS, TEKE_LS, UCK_LS, UZBE_LS, VBAE_LS, YZVE_LS",-,-
140,20480,ING 112A,Basics of Academic Writing,Virtual (Online),Bahar Torçuk,YDY,Friday,08:30/10:29,--,24,24,-,"BIOE_LS, BLG_LS, BLGE_LS, CEV_LS, CEVE_LS, CHZ_LS, DEN_LS, ECNE_LS, EHB_LS, EHBE_LS, ELK_LS, ELKE_LS, END_LS, ENDE_LS, ENTE_LS, FIZ_LS, GEM_LS, GEO_LS, GEOE_LS, GID_LS, HTA_LS, HTAE_LS, IBM_LS, ICM_LS, INS_LS, INSE_LS, ISL_LS, ISLE_LS, JEF_LS, JEO_LS, KIM_LS, KMM_LS, KOM_LS, KOME_LS, MAD_LS, MAK_LS, MAT_LS, MET_LS, METE_LS, MIM_LS, MIME_LS, MTO_LS, PEME_LS, PETE_LS, ROS_LS, ROSE_LS, SAO_OL, SBP_LS, SBPE_LS, SECE_LS, TEKE_LS, UCK_LS, UZBE_LS, VBAE_LS, YZVE_LS",-,-
141,20482,ING 112A,Basics of Academic Writing,Virtual (Online),Nilgün Eker,YDY,Friday,08:30/10:29,--,24,24,-,"BIOE_LS, BLG_LS, BLGE_LS, CEV_LS, CEVE_LS, CHZ_LS, DEN_LS, ECNE_LS, EHB_LS, EHBE_LS, ELK_LS, ELKE_LS, END_LS, ENDE_LS, ENTE_LS, FIZ_LS, GEM_LS, GEO_LS, GEOE_LS, GID_LS, HTA_LS, HTAE_LS, IBM_LS, ICM_LS, INS_LS, INSE_LS, ISL_LS, ISLE_LS, JEF_LS, JEO_LS, KIM_LS, KMM_LS, KOM_LS, KOME_LS, MAD_LS, MAK_LS, MAT_LS, MET_LS, METE_LS, MIM_LS, MIME_LS, MTO_LS, PEME_LS, PETE_LS, ROS_LS, ROSE_LS, SAO_OL, SBP_LS, SBPE_LS, SECE_LS, TEKE_LS, UCK_LS, UZBE_LS, VBAE_LS, YZVE_LS",-,-
142,20483,ING 112A,Basics of Academic Writing,Virtual (Online),Hande Yalınateş Koşar,YDY,Friday,08:30/10:29,--,24,24,-,"BIOE_LS, BLG_LS, BLGE_LS, CEV_LS, CEVE_LS, CHZ_LS, DEN_LS, ECNE_LS, EHB_LS, EHBE_LS, ELK_LS, ELKE_LS, END_LS, ENDE_LS, ENTE_LS, FIZ_LS, GEM_LS, GEO_LS, GEOE_LS, GID_LS, HTA_LS, HTAE_LS, IBM_LS, ICM_LS, INS_LS, INSE_LS, ISL_LS, ISLE_LS, JEF_LS, JEO_LS, KIM_LS, KMM_LS, KOM_LS, KOME_LS, MAD_LS, MAK_LS, MAT_LS, MET_LS, METE_LS, MIM_LS, MIME_LS, MTO_LS, PEME_LS, PETE_LS, ROS_LS, ROSE_LS, SAO_OL, SBP_LS, SBPE_LS, SECE_LS, TEKE_LS, UCK_LS, UZBE_LS, VBAE_LS, YZVE_LS",-,-
143,20484,ING 112A,Basics of Academic Writing,Virtual (Online),Nurçin Ramadanoğlu,YDY,Friday,08:30/10:29,--,24,24,-,"BIOE_LS, BLG_LS, BLGE_LS, CEV_LS, CEVE_LS, CHZ_LS, DEN_LS, ECNE_LS, EHB_LS, EHBE_LS, ELK_LS, ELKE_LS, END_LS, ENDE_LS, ENTE_LS, FIZ_LS, GEM_LS, GEO_LS, GEOE_LS, GID_LS, HTA_LS, HTAE_LS, IBM_LS, ICM_LS, INS_LS, INSE_LS, ISL_LS, ISLE_LS, JEF_LS, JEO_LS, KIM_LS, KMM_LS, KOM_LS, KOME_LS, MAD_LS, MAK_LS, MAT_LS, MET_LS, METE_LS, MIM_LS, MIME_LS, MTO_LS, PEME_LS, PETE_LS, ROS_LS, ROSE_LS, SAO_OL, SBP_LS, SBPE_LS, SECE_LS, TEKE_LS, UCK_LS, UZBE_LS, VBAE_LS, YZVE_LS",-,-
144,25154,ING 112A,Basics of Academic Writing,Virtual (Online),Çağrı Lord,MED,Monday,13:30/15:29,--,30,35,-,"ARC_LS, CEN_LS, EEE_LS, EFN_LS, IAD_LS, IND_LS, MMD_LS, NAE_LS",-,-
145,25155,ING 112A,Basics of Academic Writing,Virtual (Online),Çağla Tokyay,MED,Wednesday,08:30/10:29,--,30,36,-,"ARC_LS, CEN_LS, EEE_LS, EFN_LS, IAD_LS, IND_LS, MMD_LS, NAE_LS",-,-
146,25156,ING 112A,Basics of Academic Writing,Virtual (Online),Çağrı Lord,MED,Wednesday,13:30/15:29,--,30,37,-,"ARC_LS, CEN_LS, EEE_LS, EFN_LS, IAD_LS, IND_LS, MMD_LS, NAE_LS",-,-
147,25157,ING 112A,Basics of Academic Writing,Virtual (Online),Çağla Tokyay,MED,Thursday,12:30/14:29,--,30,29,-,"ARC_LS, CEN_LS, EEE_LS, EFN_LS, IAD_LS, IND_LS, MMD_LS, NAE_LS",-,-
148,25200,ING 112A,Basics of Academic Writing,Physical (Face to face),Ayşem Şebnem Ötkür,BPB,Tuesday,11:00/12:59,--,30,22,-,IEBE_LS,-,-
149,25306,ING 112A,Basics of Academic Writing,Virtual (Online),Meryem Simge Çengel Avcu,YDY,Tuesday,13:30/15:29,--,24,24,-,"BIOE_LS, BLG_LS, BLGE_LS, CEV_LS, CEVE_LS, CHZ_LS, DEN_LS, ECNE_LS, EHB_LS, EHBE_LS, ELK_LS, ELKE_LS, END_LS, ENDE_LS, ENTE_LS, FIZ_LS, GEM_LS, GEO_LS, GEOE_LS, GID_LS, HTA_LS, HTAE_LS, IBM_LS, ICM_LS, INS_LS, INSE_LS, ISL_LS, ISLE_LS, JEF_LS, JEO_LS, KIM_LS, KMM_LS, KOM_LS, KOME_LS, MAD_LS, MAK_LS, MAT_LS, MET_LS, METE_LS, MIM_LS, MIME_LS, MTO_LS, PEME_LS, PETE_LS, ROS_LS, ROSE_LS, SAO_OL, SBP_LS, SBPE_LS, SECE_LS, TEKE_LS, UCK_LS, UZBE_LS, VBAE_LS, YZVE_LS",-,-
150,25307,ING 112A,Basics of Academic Writing,Virtual (Online),Dilek Öztürk Yağcı,YDY,Friday,14:00/15:59,--,24,24,-,"BIOE_LS, BLG_LS, BLGE_LS, CEV_LS, CEVE_LS, CHZ_LS, DEN_LS, ECNE_LS, EHB_LS, EHBE_LS, ELK_LS, ELKE_LS, END_LS, ENDE_LS, ENTE_LS, FIZ_LS, GEM_LS, GEO_LS, GEOE_LS, GID_LS, HTA_LS, HTAE_LS, IBM_LS, ICM_LS, INS_LS, INSE_LS, ISL_LS, ISLE_LS, JEF_LS, JEO_LS, KIM_LS, KMM_LS, KOM_LS, KOME_LS, MAD_LS, MAK_LS, MAT_LS, MET_LS, METE_LS, MIM_LS, MIME_LS, MTO_LS, PEME_LS, PETE_LS, ROS_LS, ROSE_LS, SAO_OL, SBP_LS, SBPE_LS, SECE_LS, TEKE_LS, UCK_LS, UZBE_LS, VBAE_LS, YZVE_LS",-,-
151,25308,ING 112A,Basics of Academic Writing,Virtual (Online),Dilek Öztürk Yağcı,YDY,Thursday,08:30/10:29,--,24,21,-,"BIOE_LS, BLG_LS, BLGE_LS, CEV_LS, CEVE_LS, CHZ_LS, DEN_LS, ECNE_LS, EHB_LS, EHBE_LS, ELK_LS, ELKE_LS, END_LS, ENDE_LS, ENTE_LS, FIZ_LS, GEM_LS, GEO_LS, GEOE_LS, GID_LS, HTA_LS, HTAE_LS, IBM_LS, ICM_LS, INS_LS, INSE_LS, ISL_LS, ISLE_LS, JEF_LS, JEO_LS, KIM_LS, KMM_LS, KOM_LS, KOME_LS, MAD_LS, MAK_LS, MAT_LS, MET_LS, METE_LS, MIM_LS, MIME_LS, MTO_LS, PEME_LS, PETE_LS, ROS_LS, ROSE_LS, SAO_OL, SBP_LS, SBPE_LS, SECE_LS, TEKE_LS, UCK_LS, UZBE_LS, VBAE_LS, YZVE_LS",-,-
152,25309,ING 112A,Basics of Academic Writing,Virtual (Online),Özlem Ayar Gemalmaz,INB,Monday,13:30/15:29,--,24,24,-,"BIOE_LS, BLG_LS, BLGE_LS, CEV_LS, CEVE_LS, CHZ_LS, DEN_LS, ECNE_LS, EHB_LS, EHBE_LS, ELK_LS, ELKE_LS, END_LS, ENDE_LS, ENTE_LS, FIZ_LS, GEM_LS, GEO_LS, GEOE_LS, GID_LS, HTA_LS, HTAE_LS, IBM_LS, ICM_LS, INS_LS, INSE_LS, ISL_LS, ISLE_LS, JEF_LS, JEO_LS, KIM_LS, KMM_LS, KOM_LS, KOME_LS, MAD_LS, MAK_LS, MAT_LS, MET_LS, METE_LS, MIM_LS, MIME_LS, MTO_LS, PEME_LS, PETE_LS, ROS_LS, ROSE_LS, SAO_OL, SBP_LS, SBPE_LS, SECE_LS, TEKE_LS, UCK_LS, UZBE_LS, VBAE_LS, YZVE_LS",-,-
153,25310,ING 112A,Basics of Academic Writing,Virtual (Online),Aslı Özkara,YDY,Friday,10:30/12:29,--,24,24,-,"BIOE_LS, BLG_LS, BLGE_LS, CEV_LS, CEVE_LS, CHZ_LS, DEN_LS, ECNE_LS, EHB_LS, EHBE_LS, ELK_LS, ELKE_LS, END_LS, ENDE_LS, ENTE_LS, FIZ_LS, GEM_LS, GEO_LS, GEOE_LS, GID_LS, HTA_LS, HTAE_LS, IBM_LS, ICM_LS, INS_LS, INSE_LS, ISL_LS, ISLE_LS, JEF_LS, JEO_LS, KIM_LS, KMM_LS, KOM_LS, KOME_LS, MAD_LS, MAK_LS, MAT_LS, MET_LS, METE_LS, MIM_LS, MIME_LS, MTO_LS, PEME_LS, PETE_LS, ROS_LS, ROSE_LS, SAO_OL, SBP_LS, SBPE_LS, SECE_LS, TEKE_LS, UCK_LS, UZBE_LS, VBAE_LS, YZVE_LS",-,-
154,25320,ING 112A,Basics of Academic Writing,Virtual (Online),Çağla Tokyay,MED,Wednesday,13:30/15:29,--,30,33,-,"ARC_LS, CEN_LS, EEE_LS, EFN_LS, IAD_LS, IND_LS, MMD_LS, NAE_LS",-,-
155,25323,ING 112A,Basics of Academic Writing,Virtual (Online),Esra Sancak,YDY,Friday,14:00/15:59,--,24,24,-,"BLG_LS, BLGE_LS, CEV_LS, CEVE_LS, CHZ_LS, DEN_LS, ECNE_LS, EHB_LS, EHBE_LS, ELK_LS, ELKE_LS, END_LS, ENDE_LS, ENTE_LS, FIZ_LS, GEM_LS, GEO_LS, GEOE_LS, GID_LS, HTA_LS, HTAE_LS, IBM_LS, ICM_LS, INS_LS, INSE_LS, ISL_LS, ISLE_LS, JEF_LS, JEO_LS, KIM_LS, KMM_LS, KOM_LS, KOME_LS, MAD_LS, MAK_LS, MAT_LS, MET_LS, METE_LS, MIM_LS, MIME_LS, MTO_LS, PEME_LS, PETE_LS, ROS_LS, ROSE_LS, SAO_OL, SBP_LS, SBPE_LS, SECE_LS, TEKE_LS, UCK_LS, UZBE_LS, VBAE_LS",-,-
156,23601,ING 201,English III,Physical (Face to face),Aslıhan Zengin,EEB,Monday,08:30/11:29,1301,30,25,-,"EHN_LS, SGI_LS",Detail,-
157,25004,ING 201,English III,Physical (Face to face),Yasemin Yılmaz Yüksek,MEDC,Monday,08:30/11:29,1D9,30,31,-,"EHN_LS, SGI_LS",Detail,-
158,20336,ING 201A,Essentials of Res.Paper Writ.,Virtual (Online),Ekaterına Bal,YDY,Monday,08:30/10:29,--,20,21,-,"BIOE_LS, BLG_LS, BLGE_LS, CEV_LS, CEVE_LS, CHZ_LS, DEN_LS, ECNE_LS, EHB_LS, EHBE_LS, ELK_LS, ELKE_LS, END_LS, ENDE_LS, ENTE_LS, FIZ_LS, GEM_LS, GEO_LS, GEOE_LS, GID_LS, HTA_LS, HTAE_LS, IBM_LS, ICM_LS, INS_LS, INSE_LS, ISL_LS, ISLE_LS, JEF_LS, JEO_LS, KIM_LS, KMM_LS, KOM_LS, KOME_LS, MAD_LS, MAK_LS, MAT_LS, MET_LS, METE_LS, MIM_LS, MIME_LS, MTO_LS, PEME_LS, PETE_LS, ROS_LS, ROSE_LS, SAO_OL, SBP_LS, SBPE_LS, SECE_LS, TEKE_LS, UCK_LS, UZBE_LS, VBAE_LS, YZVE_LS",Detail,-
159,20338,ING 201A,Essentials of Res.Paper Writ.,Virtual (Online),Sibel Dursun,YDY,Monday,08:30/10:29,--,20,20,-,"BIOE_LS, BLG_LS, BLGE_LS, CEV_LS, CEVE_LS, CHZ_LS, DEN_LS, ECNE_LS, EHB_LS, EHBE_LS, ELK_LS, ELKE_LS, END_LS, ENDE_LS, ENTE_LS, FIZ_LS, GEM_LS, GEO_LS, GEOE_LS, GID_LS, HTA_LS, HTAE_LS, IBM_LS, ICM_LS, INS_LS, INSE_LS, ISL_LS, ISLE_LS, JEF_LS, JEO_LS, KIM_LS, KMM_LS, KOM_LS, KOME_LS, MAD_LS, MAK_LS, MAT_LS, MET_LS, METE_LS, MIM_LS, MIME_LS, MTO_LS, PEME_LS, PETE_LS, ROS_LS, ROSE_LS, SAO_OL, SBP_LS, SBPE_LS, SECE_LS, TEKE_LS, UCK_LS, UZBE_LS, VBAE_LS, YZVE_LS",Detail,-
160,20339,ING 201A,Essentials of Res.Paper Writ.,Virtual (Online),Gürcan Öztürk,YDY,Monday,08:30/10:29,--,20,20,-,"BIOE_LS, BLG_LS, BLGE_LS, CEV_LS, CEVE_LS, CHZ_LS, DEN_LS, ECNE_LS, EHB_LS, EHBE_LS, ELK_LS, ELKE_LS, END_LS, ENDE_LS, ENTE_LS, FIZ_LS, GEM_LS, GEO_LS, GEOE_LS, GID_LS, HTA_LS, HTAE_LS, IBM_LS, ICM_LS, INS_LS, INSE_LS, ISL_LS, ISLE_LS, JEF_LS, JEO_LS, KIM_LS, KMM_LS, KOM_LS, KOME_LS, MAD_LS, MAK_LS, MAT_LS, MET_LS, METE_LS, MIM_LS, MIME_LS, MTO_LS, PEME_LS, PETE_LS, ROS_LS, ROSE_LS, SAO_OL, SBP_LS, SBPE_LS, SECE_LS, TEKE_LS, UCK_LS, UZBE_LS, VBAE_LS, YZVE_LS",Detail,-
161,20340,ING 201A,Essentials of Res.Paper Writ.,Virtual (Online),Mehtap İpek Kurt,YDY,Monday,08:30/10:29,--,20,23,-,"BIOE_LS, BLG_LS, BLGE_LS, CEV_LS, CEVE_LS, CHZ_LS, DEN_LS, ECNE_LS, EHB_LS, EHBE_LS, ELK_LS, ELKE_LS, END_LS, ENDE_LS, ENTE_LS, FIZ_LS, GEM_LS, GEO_LS, GEOE_LS, GID_LS, HTA_LS, HTAE_LS, IBM_LS, ICM_LS, INS_LS, INSE_LS, ISL_LS, ISLE_LS, JEF_LS, JEO_LS, KIM_LS, KMM_LS, KOM_LS, KOME_LS, MAD_LS, MAK_LS, MAT_LS, MET_LS, METE_LS, MIM_LS, MIME_LS, MTO_LS, PEME_LS, PETE_LS, ROS_LS, ROSE_LS, SAO_OL, SBP_LS, SBPE_LS, SECE_LS, TEKE_LS, UCK_LS, UZBE_LS, VBAE_LS, YZVE_LS",Detail,-
162,20341,ING 201A,Essentials of Res.Paper Writ.,Virtual (Online),Canan Sağbilge,YDY,Monday,08:30/10:29,--,20,19,-,"BIOE_LS, BLG_LS, BLGE_LS, CEV_LS, CEVE_LS, CHZ_LS, DEN_LS, ECNE_LS, EHB_LS, EHBE_LS, ELK_LS, ELKE_LS, END_LS, ENDE_LS, ENTE_LS, FIZ_LS, GEM_LS, GEO_LS, GEOE_LS, GID_LS, HTA_LS, HTAE_LS, IBM_LS, ICM_LS, INS_LS, INSE_LS, ISL_LS, ISLE_LS, JEF_LS, JEO_LS, KIM_LS, KMM_LS, KOM_LS, KOME_LS, MAD_LS, MAK_LS, MAT_LS, MET_LS, METE_LS, MIM_LS, MIME_LS, MTO_LS, PEME_LS, PETE_LS, ROS_LS, ROSE_LS, SAO_OL, SBP_LS, SBPE_LS, SECE_LS, TEKE_LS, UCK_LS, UZBE_LS, VBAE_LS, YZVE_LS",Detail,-
163,20345,ING 201A,Essentials of Res.Paper Writ.,Virtual (Online),Ekaterına Bal,YDY,Monday,10:30/12:29,--,21,21,-,"BIOE_LS, BLG_LS, BLGE_LS, CEV_LS, CEVE_LS, CHZ_LS, DEN_LS, ECNE_LS, EHB_LS, EHBE_LS, ELK_LS, ELKE_LS, END_LS, ENDE_LS, ENTE_LS, FIZ_LS, GEM_LS, GEO_LS, GEOE_LS, GID_LS, HTA_LS, HTAE_LS, IBM_LS, ICM_LS, INS_LS, INSE_LS, ISL_LS, ISLE_LS, JEF_LS, JEO_LS, KIM_LS, KMM_LS, KOM_LS, KOME_LS, MAD_LS, MAK_LS, MAT_LS, MET_LS, METE_LS, MIM_LS, MIME_LS, MTO_LS, PEME_LS, PETE_LS, ROS_LS, ROSE_LS, SAO_OL, SBP_LS, SBPE_LS, SECE_LS, TEKE_LS, UCK_LS, UZBE_LS, VBAE_LS, YZVE_LS",Detail,-
164,20347,ING 201A,Essentials of Res.Paper Writ.,Virtual (Online),Hatice Gülru Arslan,YDY,Monday,10:30/12:29,--,21,21,-,"BIOE_LS, BLG_LS, BLGE_LS, CEV_LS, CEVE_LS, CHZ_LS, DEN_LS, ECNE_LS, EHB_LS, EHBE_LS, ELK_LS, ELKE_LS, END_LS, ENDE_LS, ENTE_LS, FIZ_LS, GEM_LS, GEO_LS, GEOE_LS, GID_LS, HTA_LS, HTAE_LS, IBM_LS, ICM_LS, INS_LS, INSE_LS, ISL_LS, ISLE_LS, JEF_LS, JEO_LS, KIM_LS, KMM_LS, KOM_LS, KOME_LS, MAD_LS, MAK_LS, MAT_LS, MET_LS, METE_LS, MIM_LS, MIME_LS, MTO_LS, PEME_LS, PETE_LS, ROS_LS, ROSE_LS, SAO_OL, SBP_LS, SBPE_LS, SECE_LS, TEKE_LS, UCK_LS, UZBE_LS, VBAE_LS, YZVE_LS",Detail,-
165,20349,ING 201A,Essentials of Res.Paper Writ.,Virtual (Online),Suzan Arıman,YDY,Monday,10:30/12:29,--,21,21,-,"BIOE_LS, BLG_LS, BLGE_LS, CEV_LS, CEVE_LS, CHZ_LS, DEN_LS, ECNE_LS, EHB_LS, EHBE_LS, ELK_LS, ELKE_LS, END_LS, ENDE_LS, ENTE_LS, FIZ_LS, GEM_LS, GEO_LS, GEOE_LS, GID_LS, HTA_LS, HTAE_LS, IBM_LS, ICM_LS, INS_LS, INSE_LS, ISL_LS, ISLE_LS, JEF_LS, JEO_LS, KIM_LS, KMM_LS, KOM_LS, KOME_LS, MAD_LS, MAK_LS, MAT_LS, MET_LS, METE_LS, MIM_LS, MIME_LS, MTO_LS, PEME_LS, PETE_LS, ROS_LS, ROSE_LS, SAO_OL, SBP_LS, SBPE_LS, SECE_LS, TEKE_LS, UCK_LS, UZBE_LS, VBAE_LS, YZVE_LS",Detail,-
166,20351,ING 201A,Essentials of Res.Paper Writ.,Virtual (Online),Gürcan Öztürk,YDY,Monday,10:30/12:29,--,21,21,-,"BIOE_LS, BLG_LS, BLGE_LS, CEV_LS, CEVE_LS, CHZ_LS, DEN_LS, ECNE_LS, EHB_LS, EHBE_LS, ELK_LS, ELKE_LS, END_LS, ENDE_LS, ENTE_LS, FIZ_LS, GEM_LS, GEO_LS, GEOE_LS, GID_LS, HTA_LS, HTAE_LS, IBM_LS, ICM_LS, INS_LS, INSE_LS, ISL_LS, ISLE_LS, JEF_LS, JEO_LS, KIM_LS, KMM_LS, KOM_LS, KOME_LS, MAD_LS, MAK_LS, MAT_LS, MET_LS, METE_LS, MIM_LS, MIME_LS, MTO_LS, PEME_LS, PETE_LS, ROS_LS, ROSE_LS, SAO_OL, SBP_LS, SBPE_LS, SECE_LS, TEKE_LS, UCK_LS, UZBE_LS, VBAE_LS, YZVE_LS",Detail,-
167,20353,ING 201A,Essentials of Res.Paper Writ.,Virtual (Online),Ayşe Zeynep Yılmaz,YDY,Monday,10:30/12:29,--,20,20,-,"BIOE_LS, BLG_LS, BLGE_LS, CEV_LS, CEVE_LS, CHZ_LS, DEN_LS, ECNE_LS, EHB_LS, EHBE_LS, ELK_LS, ELKE_LS, END_LS, ENDE_LS, ENTE_LS, FIZ_LS, GEM_LS, GEO_LS, GEOE_LS, GID_LS, HTA_LS, HTAE_LS, IBM_LS, ICM_LS, INS_LS, INSE_LS, ISL_LS, ISLE_LS, JEF_LS, JEO_LS, KIM_LS, KMM_LS, KOM_LS, KOME_LS, MAD_LS, MAK_LS, MAT_LS, MET_LS, METE_LS, MIM_LS, MIME_LS, MTO_LS, PEME_LS, PETE_LS, ROS_LS, ROSE_LS, SAO_OL, SBP_LS, SBPE_LS, SECE_LS, TEKE_LS, UCK_LS, UZBE_LS, VBAE_LS, YZVE_LS",Detail,-
168,20356,ING 201A,Essentials of Res.Paper Writ.,Virtual (Online),Canan Sağbilge,YDY,Monday,10:30/12:29,--,20,20,-,"BIOE_LS, BLG_LS, BLGE_LS, CEV_LS, CEVE_LS, CHZ_LS, DEN_LS, ECNE_LS, EHB_LS, EHBE_LS, ELK_LS, ELKE_LS, END_LS, ENDE_LS, ENTE_LS, FIZ_LS, GEM_LS, GEO_LS, GEOE_LS, GID_LS, HTA_LS, HTAE_LS, IBM_LS, ICM_LS, INS_LS, INSE_LS, ISL_LS, ISLE_LS, JEF_LS, JEO_LS, KIM_LS, KMM_LS, KOM_LS, KOME_LS, MAD_LS, MAK_LS, MAT_LS, MET_LS, METE_LS, MIM_LS, MIME_LS, MTO_LS, PEME_LS, PETE_LS, ROS_LS, ROSE_LS, SAO_OL, SBP_LS, SBPE_LS, SECE_LS, TEKE_LS, UCK_LS, UZBE_LS, VBAE_LS, YZVE_LS",Detail,-
169,20359,ING 201A,Essentials of Res.Paper Writ.,Virtual (Online),Özlem Kurnaz,YDY,Monday,13:30/15:29,--,22,22,-,"BIOE_LS, BLG_LS, BLGE_LS, CEV_LS, CEVE_LS, CHZ_LS, DEN_LS, ECNE_LS, EHB_LS, EHBE_LS, ELK_LS, ELKE_LS, END_LS, ENDE_LS, ENTE_LS, FIZ_LS, GEM_LS, GEO_LS, GEOE_LS, GID_LS, HTA_LS, HTAE_LS, IBM_LS, ICM_LS, INS_LS, INSE_LS, ISL_LS, ISLE_LS, JEF_LS, JEO_LS, KIM_LS, KMM_LS, KOM_LS, KOME_LS, MAD_LS, MAK_LS, MAT_LS, MET_LS, METE_LS, MIM_LS, MIME_LS, MTO_LS, PEME_LS, PETE_LS, ROS_LS, ROSE_LS, SAO_OL, SBP_LS, SBPE_LS, SECE_LS, TEKE_LS, UCK_LS, UZBE_LS, VBAE_LS, YZVE_LS",Detail,-
170,20367,ING 201A,Essentials of Res.Paper Writ.,Virtual (Online),Hatice Gülru Arslan,YDY,Monday,13:30/15:29,--,22,20,-,"BIOE_LS, BLG_LS, BLGE_LS, CEV_LS, CEVE_LS, CHZ_LS, DEN_LS, ECNE_LS, EHB_LS, EHBE_LS, ELK_LS, ELKE_LS, END_LS, ENDE_LS, ENTE_LS, FIZ_LS, GEM_LS, GEO_LS, GEOE_LS, GID_LS, HTA_LS, HTAE_LS, IBM_LS, ICM_LS, INS_LS, INSE_LS, ISL_LS, ISLE_LS, JEF_LS, JEO_LS, KIM_LS, KMM_LS, KOM_LS, KOME_LS, MAD_LS, MAK_LS, MAT_LS, MET_LS, METE_LS, MIM_LS, MIME_LS, MTO_LS, PEME_LS, PETE_LS, ROS_LS, ROSE_LS, SAO_OL, SBP_LS, SBPE_LS, SECE_LS, TEKE_LS, UCK_LS, UZBE_LS, VBAE_LS, YZVE_LS",Detail,-
171,20369,ING 201A,Essentials of Res.Paper Writ.,Virtual (Online),Suzan Arıman,YDY,Monday,13:30/15:29,--,22,20,-,"BIOE_LS, BLG_LS, BLGE_LS, CEV_LS, CEVE_LS, CHZ_LS, DEN_LS, ECNE_LS, EHB_LS, EHBE_LS, ELK_LS, ELKE_LS, END_LS, ENDE_LS, ENTE_LS, FIZ_LS, GEM_LS, GEO_LS, GEOE_LS, GID_LS, HTA_LS, HTAE_LS, IBM_LS, ICM_LS, INS_LS, INSE_LS, ISL_LS, ISLE_LS, JEF_LS, JEO_LS, KIM_LS, KMM_LS, KOM_LS, KOME_LS, MAD_LS, MAK_LS, MAT_LS, MET_LS, METE_LS, MIM_LS, MIME_LS, MTO_LS, PEME_LS, PETE_LS, ROS_LS, ROSE_LS, SAO_OL, SBP_LS, SBPE_LS, SECE_LS, TEKE_LS, UCK_LS, UZBE_LS, VBAE_LS, YZVE_LS",Detail,-
172,20371,ING 201A,Essentials of Res.Paper Writ.,Virtual (Online),Ayşe Zeynep Yılmaz,YDY,Monday,13:30/15:29,--,20,20,-,"BIOE_LS, BLG_LS, BLGE_LS, CEV_LS, CEVE_LS, CHZ_LS, DEN_LS, ECNE_LS, EHB_LS, EHBE_LS, ELK_LS, ELKE_LS, END_LS, ENDE_LS, ENTE_LS, FIZ_LS, GEM_LS, GEO_LS, GEOE_LS, GID_LS, HTA_LS, HTAE_LS, IBM_LS, ICM_LS, INS_LS, INSE_LS, ISL_LS, ISLE_LS, JEF_LS, JEO_LS, KIM_LS, KMM_LS, KOM_LS, KOME_LS, MAD_LS, MAK_LS, MAT_LS, MET_LS, METE_LS, MIM_LS, MIME_LS, MTO_LS, PEME_LS, PETE_LS, ROS_LS, ROSE_LS, SAO_OL, SBP_LS, SBPE_LS, SECE_LS, TEKE_LS, UCK_LS, UZBE_LS, VBAE_LS, YZVE_LS",Detail,-
173,20373,ING 201A,Essentials of Res.Paper Writ.,Virtual (Online),Fatma Şehkar Fayda Kınık,YDY,Tuesday,08:30/10:29,--,20,20,-,"BIOE_LS, BLG_LS, BLGE_LS, CEV_LS, CEVE_LS, CHZ_LS, DEN_LS, ECNE_LS, EHB_LS, EHBE_LS, ELK_LS, ELKE_LS, END_LS, ENDE_LS, ENTE_LS, FIZ_LS, GEM_LS, GEO_LS, GEOE_LS, GID_LS, HTA_LS, HTAE_LS, IBM_LS, ICM_LS, INS_LS, INSE_LS, ISL_LS, ISLE_LS, JEF_LS, JEO_LS, KIM_LS, KMM_LS, KOM_LS, KOME_LS, MAD_LS, MAK_LS, MAT_LS, MET_LS, METE_LS, MIM_LS, MIME_LS, MTO_LS, PEME_LS, PETE_LS, ROS_LS, ROSE_LS, SAO_OL, SBP_LS, SBPE_LS, SECE_LS, TEKE_LS, UCK_LS, UZBE_LS, VBAE_LS, YZVE_LS",Detail,-
174,20375,ING 201A,Essentials of Res.Paper Writ.,Virtual (Online),Fulya Kama Özelkan,YDY,Tuesday,08:30/10:29,--,20,21,-,"BIOE_LS, BLG_LS, BLGE_LS, CEV_LS, CEVE_LS, CHZ_LS, DEN_LS, ECNE_LS, EHB_LS, EHBE_LS, ELK_LS, ELKE_LS, END_LS, ENDE_LS, ENTE_LS, FIZ_LS, GEM_LS, GEO_LS, GEOE_LS, GID_LS, HTA_LS, HTAE_LS, IBM_LS, ICM_LS, INS_LS, INSE_LS, ISL_LS, ISLE_LS, JEF_LS, JEO_LS, KIM_LS, KMM_LS, KOM_LS, KOME_LS, MAD_LS, MAK_LS, MAT_LS, MET_LS, METE_LS, MIM_LS, MIME_LS, MTO_LS, PEME_LS, PETE_LS, ROS_LS, ROSE_LS, SAO_OL, SBP_LS, SBPE_LS, SECE_LS, TEKE_LS, UCK_LS, UZBE_LS, VBAE_LS, YZVE_LS",Detail,-
175,20376,ING 201A,Essentials of Res.Paper Writ.,Virtual (Online),Suzan Arıman,YDY,Tuesday,08:30/10:29,--,20,20,-,"BIOE_LS, BLG_LS, BLGE_LS, CEV_LS, CEVE_LS, CHZ_LS, DEN_LS, ECNE_LS, EHB_LS, EHBE_LS, ELK_LS, ELKE_LS, END_LS, ENDE_LS, ENTE_LS, FIZ_LS, GEM_LS, GEO_LS, GEOE_LS, GID_LS, HTA_LS, HTAE_LS, IBM_LS, ICM_LS, INS_LS, INSE_LS, ISL_LS, ISLE_LS, JEF_LS, JEO_LS, KIM_LS, KMM_LS, KOM_LS, KOME_LS, MAD_LS, MAK_LS, MAT_LS, MET_LS, METE_LS, MIM_LS, MIME_LS, MTO_LS, PEME_LS, PETE_LS, ROS_LS, ROSE_LS, SAO_OL, SBP_LS, SBPE_LS, SECE_LS, TEKE_LS, UCK_LS, UZBE_LS, VBAE_LS, YZVE_LS",Detail,-
176,20378,ING 201A,Essentials of Res.Paper Writ.,Virtual (Online),Timothy George Eastlake Davis,YDY,Tuesday,08:30/10:29,--,20,17,-,"BIOE_LS, BLG_LS, BLGE_LS, CEV_LS, CEVE_LS, CHZ_LS, DEN_LS, ECNE_LS, EHB_LS, EHBE_LS, ELK_LS, ELKE_LS, END_LS, ENDE_LS, ENTE_LS, FIZ_LS, GEM_LS, GEO_LS, GEOE_LS, GID_LS, HTA_LS, HTAE_LS, IBM_LS, ICM_LS, INS_LS, INSE_LS, ISL_LS, ISLE_LS, JEF_LS, JEO_LS, KIM_LS, KMM_LS, KOM_LS, KOME_LS, MAD_LS, MAK_LS, MAT_LS, MET_LS, METE_LS, MIM_LS, MIME_LS, MTO_LS, PEME_LS, PETE_LS, ROS_LS, ROSE_LS, SAO_OL, SBP_LS, SBPE_LS, SECE_LS, TEKE_LS, UCK_LS, UZBE_LS, VBAE_LS, YZVE_LS",Detail,-
177,20381,ING 201A,Essentials of Res.Paper Writ.,Virtual (Online),Gürcan Öztürk,YDY,Tuesday,08:30/10:29,--,20,20,-,"BIOE_LS, BLG_LS, BLGE_LS, CEV_LS, CEVE_LS, CHZ_LS, DEN_LS, ECNE_LS, EHB_LS, EHBE_LS, ELK_LS, ELKE_LS, END_LS, ENDE_LS, ENTE_LS, FIZ_LS, GEM_LS, GEO_LS, GEOE_LS, GID_LS, HTA_LS, HTAE_LS, IBM_LS, ICM_LS, INS_LS, INSE_LS, ISL_LS, ISLE_LS, JEF_LS, JEO_LS, KIM_LS, KMM_LS, KOM_LS, KOME_LS, MAD_LS, MAK_LS, MAT_LS, MET_LS, METE_LS, MIM_LS, MIME_LS, MTO_LS, PEME_LS, PETE_LS, ROS_LS, ROSE_LS, SAO_OL, SBP_LS, SBPE_LS, SECE_LS, TEKE_LS, UCK_LS, UZBE_LS, VBAE_LS, YZVE_LS",Detail,-
178,20383,ING 201A,Essentials of Res.Paper Writ.,Virtual (Online),Canan Sağbilge,YDY,Tuesday,08:30/10:29,--,20,20,-,"BIOE_LS, BLG_LS, BLGE_LS, CEV_LS, CEVE_LS, CHZ_LS, DEN_LS, ECNE_LS, EHB_LS, EHBE_LS, ELK_LS, ELKE_LS, END_LS, ENDE_LS, ENTE_LS, FIZ_LS, GEM_LS, GEO_LS, GEOE_LS, GID_LS, HTA_LS, HTAE_LS, IBM_LS, ICM_LS, INS_LS, INSE_LS, ISL_LS, ISLE_LS, JEF_LS, JEO_LS, KIM_LS, KMM_LS, KOM_LS, KOME_LS, MAD_LS, MAK_LS, MAT_LS, MET_LS, METE_LS, MIM_LS, MIME_LS, MTO_LS, PEME_LS, PETE_LS, ROS_LS, ROSE_LS, SAO_OL, SBP_LS, SBPE_LS, SECE_LS, TEKE_LS, UCK_LS, UZBE_LS, VBAE_LS, YZVE_LS",Detail,-
179,20385,ING 201A,Essentials of Res.Paper Writ.,Virtual (Online),Özlem Kurnaz,YDY,Tuesday,10:30/12:29,--,20,19,-,"BIOE_LS, BLG_LS, BLGE_LS, CEV_LS, CEVE_LS, CHZ_LS, DEN_LS, ECNE_LS, EHB_LS, EHBE_LS, ELK_LS, ELKE_LS, END_LS, ENDE_LS, ENTE_LS, FIZ_LS, GEM_LS, GEO_LS, GEOE_LS, GID_LS, HTA_LS, HTAE_LS, IBM_LS, ICM_LS, INS_LS, INSE_LS, ISL_LS, ISLE_LS, JEF_LS, JEO_LS, KIM_LS, KMM_LS, KOM_LS, KOME_LS, MAD_LS, MAK_LS, MAT_LS, MET_LS, METE_LS, MIM_LS, MIME_LS, MTO_LS, PEME_LS, PETE_LS, ROS_LS, ROSE_LS, SAO_OL, SBP_LS, SBPE_LS, SECE_LS, TEKE_LS, UCK_LS, UZBE_LS, VBAE_LS, YZVE_LS",Detail,-
180,20387,ING 201A,Essentials of Res.Paper Writ.,Virtual (Online),Esbıe Van Heerden Uensal,YDY,Tuesday,10:30/12:29,--,20,13,-,"BIOE_LS, BLG_LS, BLGE_LS, CEV_LS, CEVE_LS, CHZ_LS, DEN_LS, ECNE_LS, EHB_LS, EHBE_LS, ELK_LS, ELKE_LS, END_LS, ENDE_LS, ENTE_LS, FIZ_LS, GEM_LS, GEO_LS, GEOE_LS, GID_LS, HTA_LS, HTAE_LS, IBM_LS, ICM_LS, INS_LS, INSE_LS, ISL_LS, ISLE_LS, JEF_LS, JEO_LS, KIM_LS, KMM_LS, KOM_LS, KOME_LS, MAD_LS, MAK_LS, MAT_LS, MET_LS, METE_LS, MIM_LS, MIME_LS, MTO_LS, PEME_LS, PETE_LS, ROS_LS, ROSE_LS, SAO_OL, SBP_LS, SBPE_LS, SECE_LS, TEKE_LS, UCK_LS, UZBE_LS, VBAE_LS, YZVE_LS",Detail,-
181,20389,ING 201A,Essentials of Res.Paper Writ.,Virtual (Online),Fatma Şehkar Fayda Kınık,YDY,Tuesday,10:30/12:29,--,20,20,-,"BIOE_LS, BLG_LS, BLGE_LS, CEV_LS, CEVE_LS, CHZ_LS, DEN_LS, ECNE_LS, EHB_LS, EHBE_LS, ELK_LS, ELKE_LS, END_LS, ENDE_LS, ENTE_LS, FIZ_LS, GEM_LS, GEO_LS, GEOE_LS, GID_LS, HTA_LS, HTAE_LS, IBM_LS, ICM_LS, INS_LS, INSE_LS, ISL_LS, ISLE_LS, JEF_LS, JEO_LS, KIM_LS, KMM_LS, KOM_LS, KOME_LS, MAD_LS, MAK_LS, MAT_LS, MET_LS, METE_LS, MIM_LS, MIME_LS, MTO_LS, PEME_LS, PETE_LS, ROS_LS, ROSE_LS, SAO_OL, SBP_LS, SBPE_LS, SECE_LS, TEKE_LS, UCK_LS, UZBE_LS, VBAE_LS, YZVE_LS",Detail,-
182,20391,ING 201A,Essentials of Res.Paper Writ.,Virtual (Online),Hatice Gülru Arslan,YDY,Tuesday,10:30/12:29,--,20,20,-,"BIOE_LS, BLG_LS, BLGE_LS, CEV_LS, CEVE_LS, CHZ_LS, DEN_LS, ECNE_LS, EHB_LS, EHBE_LS, ELK_LS, ELKE_LS, END_LS, ENDE_LS, ENTE_LS, FIZ_LS, GEM_LS, GEO_LS, GEOE_LS, GID_LS, HTA_LS, HTAE_LS, IBM_LS, ICM_LS, INS_LS, INSE_LS, ISL_LS, ISLE_LS, JEF_LS, JEO_LS, KIM_LS, KMM_LS, KOM_LS, KOME_LS, MAD_LS, MAK_LS, MAT_LS, MET_LS, METE_LS, MIM_LS, MIME_LS, MTO_LS, PEME_LS, PETE_LS, ROS_LS, ROSE_LS, SAO_OL, SBP_LS, SBPE_LS, SECE_LS, TEKE_LS, UCK_LS, UZBE_LS, VBAE_LS, YZVE_LS",Detail,-
183,20393,ING 201A,Essentials of Res.Paper Writ.,Virtual (Online),Suzan Arıman,YDY,Tuesday,10:30/12:29,--,20,20,-,"BIOE_LS, BLG_LS, BLGE_LS, CEV_LS, CEVE_LS, CHZ_LS, DEN_LS, ECNE_LS, EHB_LS, EHBE_LS, ELK_LS, ELKE_LS, END_LS, ENDE_LS, ENTE_LS, FIZ_LS, GEM_LS, GEO_LS, GEOE_LS, GID_LS, HTA_LS, HTAE_LS, IBM_LS, ICM_LS, INS_LS, INSE_LS, ISL_LS, ISLE_LS, JEF_LS, JEO_LS, KIM_LS, KMM_LS, KOM_LS, KOME_LS, MAD_LS, MAK_LS, MAT_LS, MET_LS, METE_LS, MIM_LS, MIME_LS, MTO_LS, PEME_LS, PETE_LS, ROS_LS, ROSE_LS, SAO_OL, SBP_LS, SBPE_LS, SECE_LS, TEKE_LS, UCK_LS, UZBE_LS, VBAE_LS, YZVE_LS",Detail,-
184,20395,ING 201A,Essentials of Res.Paper Writ.,Virtual (Online),Ayşe Zeynep Yılmaz,YDY,Tuesday,10:30/12:29,--,20,20,-,"BIOE_LS, BLG_LS, BLGE_LS, CEV_LS, CEVE_LS, CHZ_LS, DEN_LS, ECNE_LS, EHB_LS, EHBE_LS, ELK_LS, ELKE_LS, END_LS, ENDE_LS, ENTE_LS, FIZ_LS, GEM_LS, GEO_LS, GEOE_LS, GID_LS, HTA_LS, HTAE_LS, IBM_LS, ICM_LS, INS_LS, INSE_LS, ISL_LS, ISLE_LS, JEF_LS, JEO_LS, KIM_LS, KMM_LS, KOM_LS, KOME_LS, MAD_LS, MAK_LS, MAT_LS, MET_LS, METE_LS, MIM_LS, MIME_LS, MTO_LS, PEME_LS, PETE_LS, ROS_LS, ROSE_LS, SAO_OL, SBP_LS, SBPE_LS, SECE_LS, TEKE_LS, UCK_LS, UZBE_LS, VBAE_LS, YZVE_LS",Detail,-
185,20397,ING 201A,Essentials of Res.Paper Writ.,Virtual (Online),Canan Sağbilge,YDY,Tuesday,10:30/12:29,--,20,20,-,"BIOE_LS, BLG_LS, BLGE_LS, CEV_LS, CEVE_LS, CHZ_LS, DEN_LS, ECNE_LS, EHB_LS, EHBE_LS, ELK_LS, ELKE_LS, END_LS, ENDE_LS, ENTE_LS, FIZ_LS, GEM_LS, GEO_LS, GEOE_LS, GID_LS, HTA_LS, HTAE_LS, IBM_LS, ICM_LS, INS_LS, INSE_LS, ISL_LS, ISLE_LS, JEF_LS, JEO_LS, KIM_LS, KMM_LS, KOM_LS, KOME_LS, MAD_LS, MAK_LS, MAT_LS, MET_LS, METE_LS, MIM_LS, MIME_LS, MTO_LS, PEME_LS, PETE_LS, ROS_LS, ROSE_LS, SAO_OL, SBP_LS, SBPE_LS, SECE_LS, TEKE_LS, UCK_LS, UZBE_LS, VBAE_LS, YZVE_LS",Detail,-
186,20399,ING 201A,Essentials of Res.Paper Writ.,Virtual (Online),Özlem Kurnaz,YDY,Tuesday,13:30/15:29,--,20,18,-,"BIOE_LS, BLG_LS, BLGE_LS, CEV_LS, CEVE_LS, CHZ_LS, DEN_LS, ECNE_LS, EHB_LS, EHBE_LS, ELK_LS, ELKE_LS, END_LS, ENDE_LS, ENTE_LS, FIZ_LS, GEM_LS, GEO_LS, GEOE_LS, GID_LS, HTA_LS, HTAE_LS, IBM_LS, ICM_LS, INS_LS, INSE_LS, ISL_LS, ISLE_LS, JEF_LS, JEO_LS, KIM_LS, KMM_LS, KOM_LS, KOME_LS, MAD_LS, MAK_LS, MAT_LS, MET_LS, METE_LS, MIM_LS, MIME_LS, MTO_LS, PEME_LS, PETE_LS, ROS_LS, ROSE_LS, SAO_OL, SBP_LS, SBPE_LS, SECE_LS, TEKE_LS, UCK_LS, UZBE_LS, VBAE_LS, YZVE_LS",Detail,-
187,20402,ING 201A,Essentials of Res.Paper Writ.,Virtual (Online),Esbıe Van Heerden Uensal,YDY,Tuesday,13:30/15:29,--,20,16,-,"BIOE_LS, BLG_LS, BLGE_LS, CEV_LS, CEVE_LS, CHZ_LS, DEN_LS, ECNE_LS, EHB_LS, EHBE_LS, ELK_LS, ELKE_LS, END_LS, ENDE_LS, ENTE_LS, FIZ_LS, GEM_LS, GEO_LS, GEOE_LS, GID_LS, HTA_LS, HTAE_LS, IBM_LS, ICM_LS, INS_LS, INSE_LS, ISL_LS, ISLE_LS, JEF_LS, JEO_LS, KIM_LS, KMM_LS, KOM_LS, KOME_LS, MAD_LS, MAK_LS, MAT_LS, MET_LS, METE_LS, MIM_LS, MIME_LS, MTO_LS, PEME_LS, PETE_LS, ROS_LS, ROSE_LS, SAO_OL, SBP_LS, SBPE_LS, SECE_LS, TEKE_LS, UCK_LS, UZBE_LS, VBAE_LS, YZVE_LS",Detail,-
188,20405,ING 201A,Essentials of Res.Paper Writ.,Virtual (Online),Hatice Gülru Arslan,YDY,Tuesday,13:30/15:29,--,20,18,-,"BIOE_LS, BLG_LS, BLGE_LS, CEV_LS, CEVE_LS, CHZ_LS, DEN_LS, ECNE_LS, EHB_LS, EHBE_LS, ELK_LS, ELKE_LS, END_LS, ENDE_LS, ENTE_LS, FIZ_LS, GEM_LS, GEO_LS, GEOE_LS, GID_LS, HTA_LS, HTAE_LS, IBM_LS, ICM_LS, INS_LS, INSE_LS, ISL_LS, ISLE_LS, JEF_LS, JEO_LS, KIM_LS, KMM_LS, KOM_LS, KOME_LS, MAD_LS, MAK_LS, MAT_LS, MET_LS, METE_LS, MIM_LS, MIME_LS, MTO_LS, PEME_LS, PETE_LS, ROS_LS, ROSE_LS, SAO_OL, SBP_LS, SBPE_LS, SECE_LS, TEKE_LS, UCK_LS, UZBE_LS, VBAE_LS, YZVE_LS",Detail,-
189,20407,ING 201A,Essentials of Res.Paper Writ.,Virtual (Online),Ayşe Zeynep Yılmaz,YDY,Tuesday,13:30/15:29,--,20,20,-,"BIOE_LS, BLG_LS, BLGE_LS, CEV_LS, CEVE_LS, CHZ_LS, DEN_LS, ECNE_LS, EHB_LS, EHBE_LS, ELK_LS, ELKE_LS, END_LS, ENDE_LS, ENTE_LS, FIZ_LS, GEM_LS, GEO_LS, GEOE_LS, GID_LS, HTA_LS, HTAE_LS, IBM_LS, ICM_LS, INS_LS, INSE_LS, ISL_LS, ISLE_LS, JEF_LS, JEO_LS, KIM_LS, KMM_LS, KOM_LS, KOME_LS, MAD_LS, MAK_LS, MAT_LS, MET_LS, METE_LS, MIM_LS, MIME_LS, MTO_LS, PEME_LS, PETE_LS, ROS_LS, ROSE_LS, SAO_OL, SBP_LS, SBPE_LS, SECE_LS, TEKE_LS, UCK_LS, UZBE_LS, VBAE_LS, YZVE_LS",Detail,-
190,20409,ING 201A,Essentials of Res.Paper Writ.,Virtual (Online),Gürcan Öztürk,YDY,Tuesday,13:30/15:29,--,20,20,-,"BIOE_LS, BLG_LS, BLGE_LS, CEV_LS, CEVE_LS, CHZ_LS, DEN_LS, ECNE_LS, EHB_LS, EHBE_LS, ELK_LS, ELKE_LS, END_LS, ENDE_LS, ENTE_LS, FIZ_LS, GEM_LS, GEO_LS, GEOE_LS, GID_LS, HTA_LS, HTAE_LS, IBM_LS, ICM_LS, INS_LS, INSE_LS, ISL_LS, ISLE_LS, JEF_LS, JEO_LS, KIM_LS, KMM_LS, KOM_LS, KOME_LS, MAD_LS, MAK_LS, MAT_LS, MET_LS, METE_LS, MIM_LS, MIME_LS, MTO_LS, PEME_LS, PETE_LS, ROS_LS, ROSE_LS, SAO_OL, SBP_LS, SBPE_LS, SECE_LS, TEKE_LS, UCK_LS, UZBE_LS, VBAE_LS, YZVE_LS",Detail,-
191,20430,ING 201A,Essentials of Res.Paper Writ.,Virtual (Online),Timothy George Eastlake Davis,YDY,Tuesday,13:30/15:29,--,20,19,-,"BIOE_LS, BLG_LS, BLGE_LS, CEV_LS, CEVE_LS, CHZ_LS, DEN_LS, ECNE_LS, EHB_LS, EHBE_LS, ELK_LS, ELKE_LS, END_LS, ENDE_LS, ENTE_LS, FIZ_LS, GEM_LS, GEO_LS, GEOE_LS, GID_LS, HTA_LS, HTAE_LS, IBM_LS, ICM_LS, INS_LS, INSE_LS, ISL_LS, ISLE_LS, JEF_LS, JEO_LS, KIM_LS, KMM_LS, KOM_LS, KOME_LS, MAD_LS, MAK_LS, MAT_LS, MET_LS, METE_LS, MIM_LS, MIME_LS, MTO_LS, PEME_LS, PETE_LS, ROS_LS, ROSE_LS, SAO_OL, SBP_LS, SBPE_LS, SECE_LS, TEKE_LS, UCK_LS, UZBE_LS, VBAE_LS, YZVE_LS",Detail,-
192,20432,ING 201A,Essentials of Res.Paper Writ.,Virtual (Online),Özlem Kurnaz,YDY,Wednesday,08:30/10:29,--,21,21,-,"BIOE_LS, BLG_LS, BLGE_LS, CEV_LS, CEVE_LS, CHZ_LS, DEN_LS, ECNE_LS, EHB_LS, EHBE_LS, ELK_LS, ELKE_LS, END_LS, ENDE_LS, ENTE_LS, FIZ_LS, GEM_LS, GEO_LS, GEOE_LS, GID_LS, HTA_LS, HTAE_LS, IBM_LS, ICM_LS, INS_LS, INSE_LS, ISL_LS, ISLE_LS, JEF_LS, JEO_LS, KIM_LS, KMM_LS, KOM_LS, KOME_LS, MAD_LS, MAK_LS, MAT_LS, MET_LS, METE_LS, MIM_LS, MIME_LS, MTO_LS, PEME_LS, PETE_LS, ROS_LS, ROSE_LS, SAO_OL, SBP_LS, SBPE_LS, SECE_LS, TEKE_LS, UCK_LS, UZBE_LS, VBAE_LS, YZVE_LS",Detail,-
193,20458,ING 201A,Essentials of Res.Paper Writ.,Virtual (Online),Fatma Şehkar Fayda Kınık,YDY,Wednesday,08:30/10:29,--,21,21,-,"BIOE_LS, BLG_LS, BLGE_LS, CEV_LS, CEVE_LS, CHZ_LS, DEN_LS, ECNE_LS, EHB_LS, EHBE_LS, ELK_LS, ELKE_LS, END_LS, ENDE_LS, ENTE_LS, FIZ_LS, GEM_LS, GEO_LS, GEOE_LS, GID_LS, HTA_LS, HTAE_LS, IBM_LS, ICM_LS, INS_LS, INSE_LS, ISL_LS, ISLE_LS, JEF_LS, JEO_LS, KIM_LS, KMM_LS, KOM_LS, KOME_LS, MAD_LS, MAK_LS, MAT_LS, MET_LS, METE_LS, MIM_LS, MIME_LS, MTO_LS, PEME_LS, PETE_LS, ROS_LS, ROSE_LS, SAO_OL, SBP_LS, SBPE_LS, SECE_LS, TEKE_LS, UCK_LS, UZBE_LS, VBAE_LS, YZVE_LS",Detail,-
194,20460,ING 201A,Essentials of Res.Paper Writ.,Virtual (Online),Sibel Dursun,YDY,Wednesday,08:30/10:29,--,21,21,-,"BIOE_LS, BLG_LS, BLGE_LS, CEV_LS, CEVE_LS, CHZ_LS, DEN_LS, ECNE_LS, EHB_LS, EHBE_LS, ELK_LS, ELKE_LS, END_LS, ENDE_LS, ENTE_LS, FIZ_LS, GEM_LS, GEO_LS, GEOE_LS, GID_LS, HTA_LS, HTAE_LS, IBM_LS, ICM_LS, INS_LS, INSE_LS, ISL_LS, ISLE_LS, JEF_LS, JEO_LS, KIM_LS, KMM_LS, KOM_LS, KOME_LS, MAD_LS, MAK_LS, MAT_LS, MET_LS, METE_LS, MIM_LS, MIME_LS, MTO_LS, PEME_LS, PETE_LS, ROS_LS, ROSE_LS, SAO_OL, SBP_LS, SBPE_LS, SECE_LS, TEKE_LS, UCK_LS, UZBE_LS, VBAE_LS, YZVE_LS",Detail,-
195,20465,ING 201A,Essentials of Res.Paper Writ.,Virtual (Online),Suzan Arıman,YDY,Wednesday,08:30/10:29,--,21,20,-,"BIOE_LS, BLG_LS, BLGE_LS, CEV_LS, CEVE_LS, CHZ_LS, DEN_LS, ECNE_LS, EHB_LS, EHBE_LS, ELK_LS, ELKE_LS, END_LS, ENDE_LS, ENTE_LS, FIZ_LS, GEM_LS, GEO_LS, GEOE_LS, GID_LS, HTA_LS, HTAE_LS, IBM_LS, ICM_LS, INS_LS, INSE_LS, ISL_LS, ISLE_LS, JEF_LS, JEO_LS, KIM_LS, KMM_LS, KOM_LS, KOME_LS, MAD_LS, MAK_LS, MAT_LS, MET_LS, METE_LS, MIM_LS, MIME_LS, MTO_LS, PEME_LS, PETE_LS, ROS_LS, ROSE_LS, SAO_OL, SBP_LS, SBPE_LS, SECE_LS, TEKE_LS, UCK_LS, UZBE_LS, VBAE_LS, YZVE_LS",Detail,-
196,20468,ING 201A,Essentials of Res.Paper Writ.,Virtual (Online),Mehtap İpek Kurt,YDY,Wednesday,08:30/10:29,--,21,20,-,"BIOE_LS, BLG_LS, BLGE_LS, CEV_LS, CEVE_LS, CHZ_LS, DEN_LS, ECNE_LS, EHB_LS, EHBE_LS, ELK_LS, ELKE_LS, END_LS, ENDE_LS, ENTE_LS, FIZ_LS, GEM_LS, GEO_LS, GEOE_LS, GID_LS, HTA_LS, HTAE_LS, IBM_LS, ICM_LS, INS_LS, INSE_LS, ISL_LS, ISLE_LS, JEF_LS, JEO_LS, KIM_LS, KMM_LS, KOM_LS, KOME_LS, MAD_LS, MAK_LS, MAT_LS, MET_LS, METE_LS, MIM_LS, MIME_LS, MTO_LS, PEME_LS, PETE_LS, ROS_LS, ROSE_LS, SAO_OL, SBP_LS, SBPE_LS, SECE_LS, TEKE_LS, UCK_LS, UZBE_LS, VBAE_LS, YZVE_LS",Detail,-
197,20472,ING 201A,Essentials of Res.Paper Writ.,Virtual (Online),Canan Sağbilge,YDY,Wednesday,08:30/10:29,--,22,22,-,"BIOE_LS, BLG_LS, BLGE_LS, CEV_LS, CEVE_LS, CHZ_LS, DEN_LS, ECNE_LS, EHB_LS, EHBE_LS, ELK_LS, ELKE_LS, END_LS, ENDE_LS, ENTE_LS, FIZ_LS, GEM_LS, GEO_LS, GEOE_LS, GID_LS, HTA_LS, HTAE_LS, IBM_LS, ICM_LS, INS_LS, INSE_LS, ISL_LS, ISLE_LS, JEF_LS, JEO_LS, KIM_LS, KMM_LS, KOM_LS, KOME_LS, MAD_LS, MAK_LS, MAT_LS, MET_LS, METE_LS, MIM_LS, MIME_LS, MTO_LS, PEME_LS, PETE_LS, ROS_LS, ROSE_LS, SAO_OL, SBP_LS, SBPE_LS, SECE_LS, TEKE_LS, UCK_LS, UZBE_LS, VBAE_LS, YZVE_LS",Detail,-
198,20473,ING 201A,Essentials of Res.Paper Writ.,Virtual (Online),Özlem Kurnaz,YDY,Wednesday,10:30/12:29,--,20,20,-,"BIOE_LS, BLG_LS, BLGE_LS, CEV_LS, CEVE_LS, CHZ_LS, DEN_LS, ECNE_LS, EHB_LS, EHBE_LS, ELK_LS, ELKE_LS, END_LS, ENDE_LS, ENTE_LS, FIZ_LS, GEM_LS, GEO_LS, GEOE_LS, GID_LS, HTA_LS, HTAE_LS, IBM_LS, ICM_LS, INS_LS, INSE_LS, ISL_LS, ISLE_LS, JEF_LS, JEO_LS, KIM_LS, KMM_LS, KOM_LS, KOME_LS, MAD_LS, MAK_LS, MAT_LS, MET_LS, METE_LS, MIM_LS, MIME_LS, MTO_LS, PEME_LS, PETE_LS, ROS_LS, ROSE_LS, SAO_OL, SBP_LS, SBPE_LS, SECE_LS, TEKE_LS, UCK_LS, UZBE_LS, VBAE_LS, YZVE_LS",Detail,-
199,20477,ING 201A,Essentials of Res.Paper Writ.,Virtual (Online),Özge Seçkin Polat,YDY,Wednesday,10:30/12:29,--,20,19,-,"BIOE_LS, BLG_LS, BLGE_LS, CEV_LS, CEVE_LS, CHZ_LS, DEN_LS, ECNE_LS, EHB_LS, EHBE_LS, ELK_LS, ELKE_LS, END_LS, ENDE_LS, ENTE_LS, FIZ_LS, GEM_LS, GEO_LS, GEOE_LS, GID_LS, HTA_LS, HTAE_LS, IBM_LS, ICM_LS, INS_LS, INSE_LS, ISL_LS, ISLE_LS, JEF_LS, JEO_LS, KIM_LS, KMM_LS, KOM_LS, KOME_LS, MAD_LS, MAK_LS, MAT_LS, MET_LS, METE_LS, MIM_LS, MIME_LS, MTO_LS, PEME_LS, PETE_LS, ROS_LS, ROSE_LS, SAO_OL, SBP_LS, SBPE_LS, SECE_LS, TEKE_LS, UCK_LS, UZBE_LS, VBAE_LS, YZVE_LS",Detail,-
200,20481,ING 201A,Essentials of Res.Paper Writ.,Virtual (Online),Hatice Gülru Arslan,YDY,Wednesday,10:30/12:29,--,20,19,-,"BIOE_LS, BLG_LS, BLGE_LS, CEV_LS, CEVE_LS, CHZ_LS, DEN_LS, ECNE_LS, EHB_LS, EHBE_LS, ELK_LS, ELKE_LS, END_LS, ENDE_LS, ENTE_LS, FIZ_LS, GEM_LS, GEO_LS, GEOE_LS, GID_LS, HTA_LS, HTAE_LS, IBM_LS, ICM_LS, INS_LS, INSE_LS, ISL_LS, ISLE_LS, JEF_LS, JEO_LS, KIM_LS, KMM_LS, KOM_LS, KOME_LS, MAD_LS, MAK_LS, MAT_LS, MET_LS, METE_LS, MIM_LS, MIME_LS, MTO_LS, PEME_LS, PETE_LS, ROS_LS, ROSE_LS, SAO_OL, SBP_LS, SBPE_LS, SECE_LS, TEKE_LS, UCK_LS, UZBE_LS, VBAE_LS, YZVE_LS",Detail,-
201,20485,ING 201A,Essentials of Res.Paper Writ.,Virtual (Online),Fulya Kama Özelkan,YDY,Wednesday,10:30/12:29,--,20,20,-,"BIOE_LS, BLG_LS, BLGE_LS, CEV_LS, CEVE_LS, CHZ_LS, DEN_LS, ECNE_LS, EHB_LS, EHBE_LS, ELK_LS, ELKE_LS, END_LS, ENDE_LS, ENTE_LS, FIZ_LS, GEM_LS, GEO_LS, GEOE_LS, GID_LS, HTA_LS, HTAE_LS, IBM_LS, ICM_LS, INS_LS, INSE_LS, ISL_LS, ISLE_LS, JEF_LS, JEO_LS, KIM_LS, KMM_LS, KOM_LS, KOME_LS, MAD_LS, MAK_LS, MAT_LS, MET_LS, METE_LS, MIM_LS, MIME_LS, MTO_LS, PEME_LS, PETE_LS, ROS_LS, ROSE_LS, SAO_OL, SBP_LS, SBPE_LS, SECE_LS, TEKE_LS, UCK_LS, UZBE_LS, VBAE_LS, YZVE_LS",Detail,-
202,20486,ING 201A,Essentials of Res.Paper Writ.,Virtual (Online),Timothy George Eastlake Davis,YDY,Wednesday,10:30/12:29,--,20,17,-,"BIOE_LS, BLG_LS, BLGE_LS, CEV_LS, CEVE_LS, CHZ_LS, DEN_LS, ECNE_LS, EHB_LS, EHBE_LS, ELK_LS, ELKE_LS, END_LS, ENDE_LS, ENTE_LS, FIZ_LS, GEM_LS, GEO_LS, GEOE_LS, GID_LS, HTA_LS, HTAE_LS, IBM_LS, ICM_LS, INS_LS, INSE_LS, ISL_LS, ISLE_LS, JEF_LS, JEO_LS, KIM_LS, KMM_LS, KOM_LS, KOME_LS, MAD_LS, MAK_LS, MAT_LS, MET_LS, METE_LS, MIM_LS, MIME_LS, MTO_LS, PEME_LS, PETE_LS, ROS_LS, ROSE_LS, SAO_OL, SBP_LS, SBPE_LS, SECE_LS, TEKE_LS, UCK_LS, UZBE_LS, VBAE_LS, YZVE_LS",Detail,-
203,20487,ING 201A,Essentials of Res.Paper Writ.,Virtual (Online),Duygu Özkan,YDY,Wednesday,10:30/12:29,--,20,20,-,"BIOE_LS, BLG_LS, BLGE_LS, CEV_LS, CEVE_LS, CHZ_LS, DEN_LS, ECNE_LS, EHB_LS, EHBE_LS, ELK_LS, ELKE_LS, END_LS, ENDE_LS, ENTE_LS, FIZ_LS, GEM_LS, GEO_LS, GEOE_LS, GID_LS, HTA_LS, HTAE_LS, IBM_LS, ICM_LS, INS_LS, INSE_LS, ISL_LS, ISLE_LS, JEF_LS, JEO_LS, KIM_LS, KMM_LS, KOM_LS, KOME_LS, MAD_LS, MAK_LS, MAT_LS, MET_LS, METE_LS, MIM_LS, MIME_LS, MTO_LS, PEME_LS, PETE_LS, ROS_LS, ROSE_LS, SAO_OL, SBP_LS, SBPE_LS, SECE_LS, TEKE_LS, UCK_LS, UZBE_LS, VBAE_LS, YZVE_LS",Detail,-
204,20488,ING 201A,Essentials of Res.Paper Writ.,Virtual (Online),Özlem Kurnaz,YDY,Thursday,08:30/10:29,--,20,20,-,"BIOE_LS, BLG_LS, BLGE_LS, CEV_LS, CEVE_LS, CHZ_LS, DEN_LS, ECNE_LS, EHB_LS, EHBE_LS, ELK_LS, ELKE_LS, END_LS, ENDE_LS, ENTE_LS, FIZ_LS, GEM_LS, GEO_LS, GEOE_LS, GID_LS, HTA_LS, HTAE_LS, IBM_LS, ICM_LS, INS_LS, INSE_LS, ISL_LS, ISLE_LS, JEF_LS, JEO_LS, KIM_LS, KMM_LS, KOM_LS, KOME_LS, MAD_LS, MAK_LS, MAT_LS, MET_LS, METE_LS, MIM_LS, MIME_LS, MTO_LS, PEME_LS, PETE_LS, ROS_LS, ROSE_LS, SAO_OL, SBP_LS, SBPE_LS, SECE_LS, TEKE_LS, UCK_LS, UZBE_LS, VBAE_LS, YZVE_LS",Detail,-
205,20489,ING 201A,Essentials of Res.Paper Writ.,Virtual (Online),Ekaterına Bal,YDY,Thursday,08:30/10:29,--,20,20,-,"BIOE_LS, BLG_LS, BLGE_LS, CEV_LS, CEVE_LS, CHZ_LS, DEN_LS, ECNE_LS, EHB_LS, EHBE_LS, ELK_LS, ELKE_LS, END_LS, ENDE_LS, ENTE_LS, FIZ_LS, GEM_LS, GEO_LS, GEOE_LS, GID_LS, HTA_LS, HTAE_LS, IBM_LS, ICM_LS, INS_LS, INSE_LS, ISL_LS, ISLE_LS, JEF_LS, JEO_LS, KIM_LS, KMM_LS, KOM_LS, KOME_LS, MAD_LS, MAK_LS, MAT_LS, MET_LS, METE_LS, MIM_LS, MIME_LS, MTO_LS, PEME_LS, PETE_LS, ROS_LS, ROSE_LS, SAO_OL, SBP_LS, SBPE_LS, SECE_LS, TEKE_LS, UCK_LS, UZBE_LS, VBAE_LS, YZVE_LS",Detail,-
206,20490,ING 201A,Essentials of Res.Paper Writ.,Virtual (Online),Sibel Dursun,YDY,Thursday,08:30/10:29,--,20,17,-,"BIOE_LS, BLG_LS, BLGE_LS, CEV_LS, CEVE_LS, CHZ_LS, DEN_LS, ECNE_LS, EHB_LS, EHBE_LS, ELK_LS, ELKE_LS, END_LS, ENDE_LS, ENTE_LS, FIZ_LS, GEM_LS, GEO_LS, GEOE_LS, GID_LS, HTA_LS, HTAE_LS, IBM_LS, ICM_LS, INS_LS, INSE_LS, ISL_LS, ISLE_LS, JEF_LS, JEO_LS, KIM_LS, KMM_LS, KOM_LS, KOME_LS, MAD_LS, MAK_LS, MAT_LS, MET_LS, METE_LS, MIM_LS, MIME_LS, MTO_LS, PEME_LS, PETE_LS, ROS_LS, ROSE_LS, SAO_OL, SBP_LS, SBPE_LS, SECE_LS, TEKE_LS, UCK_LS, UZBE_LS, VBAE_LS, YZVE_LS",Detail,-
207,20491,ING 201A,Essentials of Res.Paper Writ.,Virtual (Online),Suzan Arıman,YDY,Thursday,08:30/10:29,--,20,20,-,"BIOE_LS, BLG_LS, BLGE_LS, CEV_LS, CEVE_LS, CHZ_LS, DEN_LS, ECNE_LS, EHB_LS, EHBE_LS, ELK_LS, ELKE_LS, END_LS, ENDE_LS, ENTE_LS, FIZ_LS, GEM_LS, GEO_LS, GEOE_LS, GID_LS, HTA_LS, HTAE_LS, IBM_LS, ICM_LS, INS_LS, INSE_LS, ISL_LS, ISLE_LS, JEF_LS, JEO_LS, KIM_LS, KMM_LS, KOM_LS, KOME_LS, MAD_LS, MAK_LS, MAT_LS, MET_LS, METE_LS, MIM_LS, MIME_LS, MTO_LS, PEME_LS, PETE_LS, ROS_LS, ROSE_LS, SAO_OL, SBP_LS, SBPE_LS, SECE_LS, TEKE_LS, UCK_LS, UZBE_LS, VBAE_LS, YZVE_LS",Detail,-
208,20492,ING 201A,Essentials of Res.Paper Writ.,Virtual (Online),Hatice Gülru Arslan,YDY,Thursday,08:30/10:29,--,20,20,-,"BIOE_LS, BLG_LS, BLGE_LS, CEV_LS, CEVE_LS, CHZ_LS, DEN_LS, ECNE_LS, EHB_LS, EHBE_LS, ELK_LS, ELKE_LS, END_LS, ENDE_LS, ENTE_LS, FIZ_LS, GEM_LS, GEO_LS, GEOE_LS, GID_LS, HTA_LS, HTAE_LS, IBM_LS, ICM_LS, INS_LS, INSE_LS, ISL_LS, ISLE_LS, JEF_LS, JEO_LS, KIM_LS, KMM_LS, KOM_LS, KOME_LS, MAD_LS, MAK_LS, MAT_LS, MET_LS, METE_LS, MIM_LS, MIME_LS, MTO_LS, PEME_LS, PETE_LS, ROS_LS, ROSE_LS, SAO_OL, SBP_LS, SBPE_LS, SECE_LS, TEKE_LS, UCK_LS, UZBE_LS, VBAE_LS, YZVE_LS",Detail,-
209,20494,ING 201A,Essentials of Res.Paper Writ.,Virtual (Online),Esbıe Van Heerden Uensal,YDY,Thursday,10:30/12:29,--,21,16,-,"BIOE_LS, BLG_LS, BLGE_LS, CEV_LS, CEVE_LS, CHZ_LS, DEN_LS, ECNE_LS, EHB_LS, EHBE_LS, ELK_LS, ELKE_LS, END_LS, ENDE_LS, ENTE_LS, FIZ_LS, GEM_LS, GEO_LS, GEOE_LS, GID_LS, HTA_LS, HTAE_LS, IBM_LS, ICM_LS, INS_LS, INSE_LS, ISL_LS, ISLE_LS, JEF_LS, JEO_LS, KIM_LS, KMM_LS, KOM_LS, KOME_LS, MAD_LS, MAK_LS, MAT_LS, MET_LS, METE_LS, MIM_LS, MIME_LS, MTO_LS, PEME_LS, PETE_LS, ROS_LS, ROSE_LS, SAO_OL, SBP_LS, SBPE_LS, SECE_LS, TEKE_LS, UCK_LS, UZBE_LS, VBAE_LS, YZVE_LS",Detail,-
210,20496,ING 201A,Essentials of Res.Paper Writ.,Virtual (Online),Fulya Kama Özelkan,YDY,Thursday,10:30/12:29,--,20,20,-,"BIOE_LS, BLG_LS, BLGE_LS, CEV_LS, CEVE_LS, CHZ_LS, DEN_LS, ECNE_LS, EHB_LS, EHBE_LS, ELK_LS, ELKE_LS, END_LS, ENDE_LS, ENTE_LS, FIZ_LS, GEM_LS, GEO_LS, GEOE_LS, GID_LS, HTA_LS, HTAE_LS, IBM_LS, ICM_LS, INS_LS, INSE_LS, ISL_LS, ISLE_LS, JEF_LS, JEO_LS, KIM_LS, KMM_LS, KOM_LS, KOME_LS, MAD_LS, MAK_LS, MAT_LS, MET_LS, METE_LS, MIM_LS, MIME_LS, MTO_LS, PEME_LS, PETE_LS, ROS_LS, ROSE_LS, SAO_OL, SBP_LS, SBPE_LS, SECE_LS, TEKE_LS, UCK_LS, UZBE_LS, VBAE_LS, YZVE_LS",Detail,-
211,20497,ING 201A,Essentials of Res.Paper Writ.,Virtual (Online),Hatice Gökçin Köksal Çekin,YDY,Thursday,10:30/12:29,--,20,20,-,"BIOE_LS, BLG_LS, BLGE_LS, CEV_LS, CEVE_LS, CHZ_LS, DEN_LS, ECNE_LS, EHB_LS, EHBE_LS, ELK_LS, ELKE_LS, END_LS, ENDE_LS, ENTE_LS, FIZ_LS, GEM_LS, GEO_LS, GEOE_LS, GID_LS, HTA_LS, HTAE_LS, IBM_LS, ICM_LS, INS_LS, INSE_LS, ISL_LS, ISLE_LS, JEF_LS, JEO_LS, KIM_LS, KMM_LS, KOM_LS, KOME_LS, MAD_LS, MAK_LS, MAT_LS, MET_LS, METE_LS, MIM_LS, MIME_LS, MTO_LS, PEME_LS, PETE_LS, ROS_LS, ROSE_LS, SAO_OL, SBP_LS, SBPE_LS, SECE_LS, TEKE_LS, UCK_LS, UZBE_LS, VBAE_LS, YZVE_LS",Detail,-
212,20499,ING 201A,Essentials of Res.Paper Writ.,Virtual (Online),Ayşe Zeynep Yılmaz,YDY,Thursday,10:30/12:29,--,20,20,-,"BIOE_LS, BLG_LS, BLGE_LS, CEV_LS, CEVE_LS, CHZ_LS, DEN_LS, ECNE_LS, EHB_LS, EHBE_LS, ELK_LS, ELKE_LS, END_LS, ENDE_LS, ENTE_LS, FIZ_LS, GEM_LS, GEO_LS, GEOE_LS, GID_LS, HTA_LS, HTAE_LS, IBM_LS, ICM_LS, INS_LS, INSE_LS, ISL_LS, ISLE_LS, JEF_LS, JEO_LS, KIM_LS, KMM_LS, KOM_LS, KOME_LS, MAD_LS, MAK_LS, MAT_LS, MET_LS, METE_LS, MIM_LS, MIME_LS, MTO_LS, PEME_LS, PETE_LS, ROS_LS, ROSE_LS, SAO_OL, SBP_LS, SBPE_LS, SECE_LS, TEKE_LS, UCK_LS, UZBE_LS, VBAE_LS, YZVE_LS",Detail,-
213,20500,ING 201A,Essentials of Res.Paper Writ.,Virtual (Online),Canan Sağbilge,YDY,Thursday,10:30/12:29,--,20,20,-,"BIOE_LS, BLG_LS, BLGE_LS, CEV_LS, CEVE_LS, CHZ_LS, DEN_LS, ECNE_LS, EHB_LS, EHBE_LS, ELK_LS, ELKE_LS, END_LS, ENDE_LS, ENTE_LS, FIZ_LS, GEM_LS, GEO_LS, GEOE_LS, GID_LS, HTA_LS, HTAE_LS, IBM_LS, ICM_LS, INS_LS, INSE_LS, ISL_LS, ISLE_LS, JEF_LS, JEO_LS, KIM_LS, KMM_LS, KOM_LS, KOME_LS, MAD_LS, MAK_LS, MAT_LS, MET_LS, METE_LS, MIM_LS, MIME_LS, MTO_LS, PEME_LS, PETE_LS, ROS_LS, ROSE_LS, SAO_OL, SBP_LS, SBPE_LS, SECE_LS, TEKE_LS, UCK_LS, UZBE_LS, VBAE_LS, YZVE_LS",Detail,-
214,20502,ING 201A,Essentials of Res.Paper Writ.,Virtual (Online),Özge Seçkin Polat,YDY,Thursday,13:30/15:29,--,20,20,-,"BIOE_LS, BLG_LS, BLGE_LS, CEV_LS, CEVE_LS, CHZ_LS, DEN_LS, ECNE_LS, EHB_LS, EHBE_LS, ELK_LS, ELKE_LS, END_LS, ENDE_LS, ENTE_LS, FIZ_LS, GEM_LS, GEO_LS, GEOE_LS, GID_LS, HTA_LS, HTAE_LS, IBM_LS, ICM_LS, INS_LS, INSE_LS, ISL_LS, ISLE_LS, JEF_LS, JEO_LS, KIM_LS, KMM_LS, KOM_LS, KOME_LS, MAD_LS, MAK_LS, MAT_LS, MET_LS, METE_LS, MIM_LS, MIME_LS, MTO_LS, PEME_LS, PETE_LS, ROS_LS, ROSE_LS, SAO_OL, SBP_LS, SBPE_LS, SECE_LS, TEKE_LS, UCK_LS, UZBE_LS, VBAE_LS, YZVE_LS",Detail,-
215,20503,ING 201A,Essentials of Res.Paper Writ.,Virtual (Online),Esbıe Van Heerden Uensal,YDY,Thursday,13:30/15:29,--,20,19,-,"BIOE_LS, BLG_LS, BLGE_LS, CEV_LS, CEVE_LS, CHZ_LS, DEN_LS, ECNE_LS, EHB_LS, EHBE_LS, ELK_LS, ELKE_LS, END_LS, ENDE_LS, ENTE_LS, FIZ_LS, GEM_LS, GEO_LS, GEOE_LS, GID_LS, HTA_LS, HTAE_LS, IBM_LS, ICM_LS, INS_LS, INSE_LS, ISL_LS, ISLE_LS, JEF_LS, JEO_LS, KIM_LS, KMM_LS, KOM_LS, KOME_LS, MAD_LS, MAK_LS, MAT_LS, MET_LS, METE_LS, MIM_LS, MIME_LS, MTO_LS, PEME_LS, PETE_LS, ROS_LS, ROSE_LS, SAO_OL, SBP_LS, SBPE_LS, SECE_LS, TEKE_LS, UCK_LS, UZBE_LS, VBAE_LS, YZVE_LS",Detail,-
216,20504,ING 201A,Essentials of Res.Paper Writ.,Virtual (Online),Meryem Simge Çengel Avcu,YDY,Thursday,13:30/15:29,--,20,20,-,"BIOE_LS, BLG_LS, BLGE_LS, CEV_LS, CEVE_LS, CHZ_LS, DEN_LS, ECNE_LS, EHB_LS, EHBE_LS, ELK_LS, ELKE_LS, END_LS, ENDE_LS, ENTE_LS, FIZ_LS, GEM_LS, GEO_LS, GEOE_LS, GID_LS, HTA_LS, HTAE_LS, IBM_LS, ICM_LS, INS_LS, INSE_LS, ISL_LS, ISLE_LS, JEF_LS, JEO_LS, KIM_LS, KMM_LS, KOM_LS, KOME_LS, MAD_LS, MAK_LS, MAT_LS, MET_LS, METE_LS, MIM_LS, MIME_LS, MTO_LS, PEME_LS, PETE_LS, ROS_LS, ROSE_LS, SAO_OL, SBP_LS, SBPE_LS, SECE_LS, TEKE_LS, UCK_LS, UZBE_LS, VBAE_LS, YZVE_LS",Detail,-
217,20505,ING 201A,Essentials of Res.Paper Writ.,Virtual (Online),Fulya Kama Özelkan,YDY,Thursday,13:30/15:29,--,20,20,-,"BIOE_LS, BLG_LS, BLGE_LS, CEV_LS, CEVE_LS, CHZ_LS, DEN_LS, ECNE_LS, EHB_LS, EHBE_LS, ELK_LS, ELKE_LS, END_LS, ENDE_LS, ENTE_LS, FIZ_LS, GEM_LS, GEO_LS, GEOE_LS, GID_LS, HTA_LS, HTAE_LS, IBM_LS, ICM_LS, INS_LS, INSE_LS, ISL_LS, ISLE_LS, JEF_LS, JEO_LS, KIM_LS, KMM_LS, KOM_LS, KOME_LS, MAD_LS, MAK_LS, MAT_LS, MET_LS, METE_LS, MIM_LS, MIME_LS, MTO_LS, PEME_LS, PETE_LS, ROS_LS, ROSE_LS, SAO_OL, SBP_LS, SBPE_LS, SECE_LS, TEKE_LS, UCK_LS, UZBE_LS, VBAE_LS, YZVE_LS",Detail,-
218,20506,ING 201A,Essentials of Res.Paper Writ.,Virtual (Online),Gürcan Öztürk,YDY,Thursday,13:30/15:29,--,20,20,-,"BIOE_LS, BLG_LS, BLGE_LS, CEV_LS, CEVE_LS, CHZ_LS, DEN_LS, ECNE_LS, EHB_LS, EHBE_LS, ELK_LS, ELKE_LS, END_LS, ENDE_LS, ENTE_LS, FIZ_LS, GEM_LS, GEO_LS, GEOE_LS, GID_LS, HTA_LS, HTAE_LS, IBM_LS, ICM_LS, INS_LS, INSE_LS, ISL_LS, ISLE_LS, JEF_LS, JEO_LS, KIM_LS, KMM_LS, KOM_LS, KOME_LS, MAD_LS, MAK_LS, MAT_LS, MET_LS, METE_LS, MIM_LS, MIME_LS, MTO_LS, PEME_LS, PETE_LS, ROS_LS, ROSE_LS, SAO_OL, SBP_LS, SBPE_LS, SECE_LS, TEKE_LS, UCK_LS, UZBE_LS, VBAE_LS, YZVE_LS",Detail,-
219,20507,ING 201A,Essentials of Res.Paper Writ.,Virtual (Online),Timothy George Eastlake Davis,YDY,Thursday,13:30/15:29,--,20,13,-,"BIOE_LS, BLG_LS, BLGE_LS, CEV_LS, CEVE_LS, CHZ_LS, DEN_LS, ECNE_LS, EHB_LS, EHBE_LS, ELK_LS, ELKE_LS, END_LS, ENDE_LS, ENTE_LS, FIZ_LS, GEM_LS, GEO_LS, GEOE_LS, GID_LS, HTA_LS, HTAE_LS, IBM_LS, ICM_LS, INS_LS, INSE_LS, ISL_LS, ISLE_LS, JEF_LS, JEO_LS, KIM_LS, KMM_LS, KOM_LS, KOME_LS, MAD_LS, MAK_LS, MAT_LS, MET_LS, METE_LS, MIM_LS, MIME_LS, MTO_LS, PEME_LS, PETE_LS, ROS_LS, ROSE_LS, SAO_OL, SBP_LS, SBPE_LS, SECE_LS, TEKE_LS, UCK_LS, UZBE_LS, VBAE_LS, YZVE_LS",Detail,-
220,20508,ING 201A,Essentials of Res.Paper Writ.,Virtual (Online),Esbıe Van Heerden Uensal,YDY,Friday,08:30/10:29,--,20,15,-,"BIOE_LS, BLG_LS, BLGE_LS, CEV_LS, CEVE_LS, CHZ_LS, DEN_LS, ECNE_LS, EHB_LS, EHBE_LS, ELK_LS, ELKE_LS, END_LS, ENDE_LS, ENTE_LS, FIZ_LS, GEM_LS, GEO_LS, GEOE_LS, GID_LS, HTA_LS, HTAE_LS, IBM_LS, ICM_LS, INS_LS, INSE_LS, ISL_LS, ISLE_LS, JEF_LS, JEO_LS, KIM_LS, KMM_LS, KOM_LS, KOME_LS, MAD_LS, MAK_LS, MAT_LS, MET_LS, METE_LS, MIM_LS, MIME_LS, MTO_LS, PEME_LS, PETE_LS, ROS_LS, ROSE_LS, SAO_OL, SBP_LS, SBPE_LS, SECE_LS, TEKE_LS, UCK_LS, UZBE_LS, VBAE_LS, YZVE_LS",Detail,-
221,20509,ING 201A,Essentials of Res.Paper Writ.,Virtual (Online),Fulya Kama Özelkan,YDY,Friday,08:30/10:29,--,20,20,-,"BIOE_LS, BLG_LS, BLGE_LS, CEV_LS, CEVE_LS, CHZ_LS, DEN_LS, ECNE_LS, EHB_LS, EHBE_LS, ELK_LS, ELKE_LS, END_LS, ENDE_LS, ENTE_LS, FIZ_LS, GEM_LS, GEO_LS, GEOE_LS, GID_LS, HTA_LS, HTAE_LS, IBM_LS, ICM_LS, INS_LS, INSE_LS, ISL_LS, ISLE_LS, JEF_LS, JEO_LS, KIM_LS, KMM_LS, KOM_LS, KOME_LS, MAD_LS, MAK_LS, MAT_LS, MET_LS, METE_LS, MIM_LS, MIME_LS, MTO_LS, PEME_LS, PETE_LS, ROS_LS, ROSE_LS, SAO_OL, SBP_LS, SBPE_LS, SECE_LS, TEKE_LS, UCK_LS, UZBE_LS, VBAE_LS, YZVE_LS",Detail,-
222,20510,ING 201A,Essentials of Res.Paper Writ.,Virtual (Online),Timothy George Eastlake Davis,YDY,Friday,08:30/10:29,--,20,19,-,"BIOE_LS, BLG_LS, BLGE_LS, CEV_LS, CEVE_LS, CHZ_LS, DEN_LS, ECNE_LS, EHB_LS, EHBE_LS, ELK_LS, ELKE_LS, END_LS, ENDE_LS, ENTE_LS, FIZ_LS, GEM_LS, GEO_LS, GEOE_LS, GID_LS, HTA_LS, HTAE_LS, IBM_LS, ICM_LS, INS_LS, INSE_LS, ISL_LS, ISLE_LS, JEF_LS, JEO_LS, KIM_LS, KMM_LS, KOM_LS, KOME_LS, MAD_LS, MAK_LS, MAT_LS, MET_LS, METE_LS, MIM_LS, MIME_LS, MTO_LS, PEME_LS, PETE_LS, ROS_LS, ROSE_LS, SAO_OL, SBP_LS, SBPE_LS, SECE_LS, TEKE_LS, UCK_LS, UZBE_LS, VBAE_LS, YZVE_LS",Detail,-
223,20511,ING 201A,Essentials of Res.Paper Writ.,Virtual (Online),Ekaterına Bal,YDY,Friday,10:30/12:29,--,20,20,-,"BIOE_LS, BLG_LS, BLGE_LS, CEV_LS, CEVE_LS, CHZ_LS, DEN_LS, ECNE_LS, EHB_LS, EHBE_LS, ELK_LS, ELKE_LS, END_LS, ENDE_LS, ENTE_LS, FIZ_LS, GEM_LS, GEO_LS, GEOE_LS, GID_LS, HTA_LS, HTAE_LS, IBM_LS, ICM_LS, INS_LS, INSE_LS, ISL_LS, ISLE_LS, JEF_LS, JEO_LS, KIM_LS, KMM_LS, KOM_LS, KOME_LS, MAD_LS, MAK_LS, MAT_LS, MET_LS, METE_LS, MIM_LS, MIME_LS, MTO_LS, PEME_LS, PETE_LS, ROS_LS, ROSE_LS, SAO_OL, SBP_LS, SBPE_LS, SECE_LS, TEKE_LS, UCK_LS, UZBE_LS, VBAE_LS, YZVE_LS",Detail,-
224,20512,ING 201A,Essentials of Res.Paper Writ.,Virtual (Online),Fulya Kama Özelkan,YDY,Friday,10:30/12:29,--,20,20,-,"BIOE_LS, BLG_LS, BLGE_LS, CEV_LS, CEVE_LS, CHZ_LS, DEN_LS, ECNE_LS, EHB_LS, EHBE_LS, ELK_LS, ELKE_LS, END_LS, ENDE_LS, ENTE_LS, FIZ_LS, GEM_LS, GEO_LS, GEOE_LS, GID_LS, HTA_LS, HTAE_LS, IBM_LS, ICM_LS, INS_LS, INSE_LS, ISL_LS, ISLE_LS, JEF_LS, JEO_LS, KIM_LS, KMM_LS, KOM_LS, KOME_LS, MAD_LS, MAK_LS, MAT_LS, MET_LS, METE_LS, MIM_LS, MIME_LS, MTO_LS, PEME_LS, PETE_LS, ROS_LS, ROSE_LS, SAO_OL, SBP_LS, SBPE_LS, SECE_LS, TEKE_LS, UCK_LS, UZBE_LS, VBAE_LS, YZVE_LS",Detail,-
225,20513,ING 201A,Essentials of Res.Paper Writ.,Virtual (Online),Ayşe Zeynep Yılmaz,YDY,Friday,10:30/12:29,--,20,20,-,"BIOE_LS, BLG_LS, BLGE_LS, CEV_LS, CEVE_LS, CHZ_LS, DEN_LS, ECNE_LS, EHB_LS, EHBE_LS, ELK_LS, ELKE_LS, END_LS, ENDE_LS, ENTE_LS, FIZ_LS, GEM_LS, GEO_LS, GEOE_LS, GID_LS, HTA_LS, HTAE_LS, IBM_LS, ICM_LS, INS_LS, INSE_LS, ISL_LS, ISLE_LS, JEF_LS, JEO_LS, KIM_LS, KMM_LS, KOM_LS, KOME_LS, MAD_LS, MAK_LS, MAT_LS, MET_LS, METE_LS, MIM_LS, MIME_LS, MTO_LS, PEME_LS, PETE_LS, ROS_LS, ROSE_LS, SAO_OL, SBP_LS, SBPE_LS, SECE_LS, TEKE_LS, UCK_LS, UZBE_LS, VBAE_LS, YZVE_LS",Detail,-
226,20514,ING 201A,Essentials of Res.Paper Writ.,Virtual (Online),Timothy George Eastlake Davis,YDY,Friday,10:30/12:29,--,20,19,-,"BIOE_LS, BLG_LS, BLGE_LS, CEV_LS, CEVE_LS, CHZ_LS, DEN_LS, ECNE_LS, EHB_LS, EHBE_LS, ELK_LS, ELKE_LS, END_LS, ENDE_LS, ENTE_LS, FIZ_LS, GEM_LS, GEO_LS, GEOE_LS, GID_LS, HTA_LS, HTAE_LS, IBM_LS, ICM_LS, INS_LS, INSE_LS, ISL_LS, ISLE_LS, JEF_LS, JEO_LS, KIM_LS, KMM_LS, KOM_LS, KOME_LS, MAD_LS, MAK_LS, MAT_LS, MET_LS, METE_LS, MIM_LS, MIME_LS, MTO_LS, PEME_LS, PETE_LS, ROS_LS, ROSE_LS, SAO_OL, SBP_LS, SBPE_LS, SECE_LS, TEKE_LS, UCK_LS, UZBE_LS, VBAE_LS, YZVE_LS",Detail,-
227,20515,ING 201A,Essentials of Res.Paper Writ.,Virtual (Online),Ekaterına Bal,YDY,Friday,14:00/15:59,--,22,17,-,"BIOE_LS, BLG_LS, BLGE_LS, CEV_LS, CEVE_LS, CHZ_LS, DEN_LS, ECNE_LS, EHB_LS, EHBE_LS, ELK_LS, ELKE_LS, END_LS, ENDE_LS, ENTE_LS, FIZ_LS, GEM_LS, GEO_LS, GEOE_LS, GID_LS, HTA_LS, HTAE_LS, IBM_LS, ICM_LS, INS_LS, INSE_LS, ISL_LS, ISLE_LS, JEF_LS, JEO_LS, KIM_LS, KMM_LS, KOM_LS, KOME_LS, MAD_LS, MAK_LS, MAT_LS, MET_LS, METE_LS, MIM_LS, MIME_LS, MTO_LS, PEME_LS, PETE_LS, ROS_LS, ROSE_LS, SAO_OL, SBP_LS, SBPE_LS, SECE_LS, TEKE_LS, UCK_LS, UZBE_LS, VBAE_LS, YZVE_LS",Detail,-
228,20516,ING 201A,Essentials of Res.Paper Writ.,Virtual (Online),Gürcan Öztürk,YDY,Friday,14:00/15:59,--,22,22,-,"BIOE_LS, BLG_LS, BLGE_LS, CEV_LS, CEVE_LS, CHZ_LS, DEN_LS, ECNE_LS, EHB_LS, EHBE_LS, ELK_LS, ELKE_LS, END_LS, ENDE_LS, ENTE_LS, FIZ_LS, GEM_LS, GEO_LS, GEOE_LS, GID_LS, HTA_LS, HTAE_LS, IBM_LS, ICM_LS, INS_LS, INSE_LS, ISL_LS, ISLE_LS, JEF_LS, JEO_LS, KIM_LS, KMM_LS, KOM_LS, KOME_LS, MAD_LS, MAK_LS, MAT_LS, MET_LS, METE_LS, MIM_LS, MIME_LS, MTO_LS, PEME_LS, PETE_LS, ROS_LS, ROSE_LS, SAO_OL, SBP_LS, SBPE_LS, SECE_LS, TEKE_LS, UCK_LS, UZBE_LS, VBAE_LS, YZVE_LS",Detail,-
229,20517,ING 201A,Essentials of Res.Paper Writ.,Virtual (Online),Mehtap İpek Kurt,YDY,Friday,14:00/15:59,--,22,21,-,"BIOE_LS, BLG_LS, BLGE_LS, CEV_LS, CEVE_LS, CHZ_LS, DEN_LS, ECNE_LS, EHB_LS, EHBE_LS, ELK_LS, ELKE_LS, END_LS, ENDE_LS, ENTE_LS, FIZ_LS, GEM_LS, GEO_LS, GEOE_LS, GID_LS, HTA_LS, HTAE_LS, IBM_LS, ICM_LS, INS_LS, INSE_LS, ISL_LS, ISLE_LS, JEF_LS, JEO_LS, KIM_LS, KMM_LS, KOM_LS, KOME_LS, MAD_LS, MAK_LS, MAT_LS, MET_LS, METE_LS, MIM_LS, MIME_LS, MTO_LS, PEME_LS, PETE_LS, ROS_LS, ROSE_LS, SAO_OL, SBP_LS, SBPE_LS, SECE_LS, TEKE_LS, UCK_LS, UZBE_LS, VBAE_LS, YZVE_LS",Detail,-
230,25158,ING 201A,Essentials of Res.Paper Writ.,Virtual (Online),Çağla Tokyay,MED,Monday,13:30/15:29,--,25,24,-,"ARC_LS, CEN_LS, EEE_LS, EFN_LS, IAD_LS, IND_LS, MMD_LS, NAE_LS",Detail,-
231,25159,ING 201A,Essentials of Res.Paper Writ.,Virtual (Online),Çağrı Lord,MED,Tuesday,09:30/11:29,--,25,13,-,"ARC_LS, CEN_LS, EEE_LS, EFN_LS, IAD_LS, IND_LS, MMD_LS, NAE_LS",Detail,-
232,25160,ING 201A,Essentials of Res.Paper Writ.,Virtual (Online),Çağrı Lord,MED,Wednesday,10:30/12:29,--,25,22,-,"ARC_LS, CEN_LS, EEE_LS, EFN_LS, IAD_LS, IND_LS, MMD_LS, NAE_LS",Detail,-
233,20532,ING 206,English IV,Physical (Face to face),Mevlüt Kahraman,MSB,Tuesday,13:30/16:29,--,35,15,-,"BST_LS, CAB_3T_LS, CAB_4T_LS, CAB_BG_LS, CAB_DL_LS, CAB_DS_LS, CAB_KA_LS, CAB_KE_LS, CAB_KL_LS, CAB_KM_LS, CAB_KO_LS, CAB_LS, CAB_ME_LS, CAB_NE_LS, CAB_TA_LS, CAB_TN_LS, CAB_UD_LS, CAB_VC_LS, CAB_VI_LS, CAB_VS_LS, CEB_LS, KMP_LS, MTR_LS, MUT_LS, MUZ_LS, MUZE_LS, MZT_LS, SES_LS, SES_TH_LS, SES_TS_LS, THO_LS",-,-
234,20533,ING 206,English IV,Physical (Face to face),Mevlüt Kahraman,MSB,Thursday,13:30/16:29,B11,35,32,-,"BST_LS, CAB_3T_LS, CAB_4T_LS, CAB_BG_LS, CAB_DL_LS, CAB_DS_LS, CAB_KA_LS, CAB_KE_LS, CAB_KL_LS, CAB_KM_LS, CAB_KO_LS, CAB_LS, CAB_ME_LS, CAB_NE_LS, CAB_TA_LS, CAB_TN_LS, CAB_UD_LS, CAB_VC_LS, CAB_VI_LS, CAB_VS_LS, CEB_LS, KMP_LS, MTR_LS, MUT_LS, MUZ_LS, MUZE_LS, MZT_LS, SES_LS, SES_TH_LS, SES_TS_LS, THO_LS",-,-
235,20534,ING 206,English IV,Physical (Face to face),İsmail Akyıldız,MSB,Wednesday,08:30/11:29,B01,35,17,-,"BST_LS, CAB_3T_LS, CAB_4T_LS, CAB_BG_LS, CAB_DL_LS, CAB_DS_LS, CAB_KA_LS, CAB_KE_LS, CAB_KL_LS, CAB_KM_LS, CAB_KO_LS, CAB_LS, CAB_ME_LS, CAB_NE_LS, CAB_TA_LS, CAB_TN_LS, CAB_UD_LS, CAB_VC_LS, CAB_VI_LS, CAB_VS_LS, CEB_LS, KMP_LS, MTR_LS, MUT_LS, MUZ_LS, MUZE_LS, MZT_LS, SES_LS, SES_TH_LS, SES_TS_LS, THO_LS",-,-
236,20535,ING 206,English IV,Physical (Face to face),İsmail Akyıldız,MSB,Thursday,08:30/11:29,B01,35,21,-,"BST_LS, CAB_3T_LS, CAB_4T_LS, CAB_BG_LS, CAB_DL_LS, CAB_DS_LS, CAB_KA_LS, CAB_KE_LS, CAB_KL_LS, CAB_KM_LS, CAB_KO_LS, CAB_LS, CAB_ME_LS, CAB_NE_LS, CAB_TA_LS, CAB_TN_LS, CAB_UD_LS, CAB_VC_LS, CAB_VI_LS, CAB_VS_LS, CEB_LS, KMP_LS, MTR_LS, MUT_LS, MUZ_LS, MUZE_LS, MZT_LS, SES_LS, SES_TH_LS, SES_TS_LS, THO_LS",-,-
